date,source,series_key,raw_value,value
2006-09-19,banxico,cetes_28d,7.0500,7.05
2006-09-26,banxico,cetes_28d,7.0500,7.05
2006-10-03,banxico,cetes_28d,7.0500,7.05
2006-10-10,banxico,cetes_28d,7.0600,7.06
2006-10-17,banxico,cetes_28d,7.0500,7.05
2006-10-24,banxico,cetes_28d,7.0400,7.04
2006-10-30,banxico,cetes_28d,7.0400,7.04
2006-11-07,banxico,cetes_28d,7.0400,7.04
2006-11-14,banxico,cetes_28d,7.0400,7.04
2006-11-21,banxico,cetes_28d,7.0400,7.04
2006-11-28,banxico,cetes_28d,7.0500,7.05
2006-12-05,banxico,cetes_28d,7.0400,7.04
2006-12-11,banxico,cetes_28d,7.0300,7.03
2006-12-19,banxico,cetes_28d,7.0500,7.05
2006-12-26,banxico,cetes_28d,7.0200,7.02
2007-01-02,banxico,cetes_28d,7.0100,7.01
2007-01-09,banxico,cetes_28d,7.0200,7.02
2007-01-16,banxico,cetes_28d,7.0500,7.05
2007-01-23,banxico,cetes_28d,7.0600,7.06
2007-01-30,banxico,cetes_28d,7.0500,7.05
2007-02-06,banxico,cetes_28d,7.0500,7.05
2007-02-13,banxico,cetes_28d,7.0300,7.03
2007-02-20,banxico,cetes_28d,7.0300,7.03
2007-02-27,banxico,cetes_28d,7.0500,7.05
2007-03-06,banxico,cetes_28d,7.0500,7.05
2007-03-13,banxico,cetes_28d,7.0500,7.05
2007-03-20,banxico,cetes_28d,7.0400,7.04
2007-03-27,banxico,cetes_28d,7.0300,7.03
2007-04-02,banxico,cetes_28d,7.0200,7.02
2007-04-10,banxico,cetes_28d,7.0000,7.0
2007-04-17,banxico,cetes_28d,7.0000,7.0
2007-04-24,banxico,cetes_28d,7.0000,7.0
2007-04-30,banxico,cetes_28d,7.2500,7.25
2007-05-08,banxico,cetes_28d,7.2400,7.24
2007-05-15,banxico,cetes_28d,7.2300,7.23
2007-05-22,banxico,cetes_28d,7.2400,7.24
2007-05-29,banxico,cetes_28d,7.2200,7.22
2007-06-05,banxico,cetes_28d,7.2100,7.21
2007-06-12,banxico,cetes_28d,7.2000,7.2
2007-06-19,banxico,cetes_28d,7.1800,7.18
2007-06-26,banxico,cetes_28d,7.1900,7.19
2007-07-03,banxico,cetes_28d,7.1800,7.18
2007-07-10,banxico,cetes_28d,7.1800,7.18
2007-07-17,banxico,cetes_28d,7.1900,7.19
2007-07-24,banxico,cetes_28d,7.1900,7.19
2007-07-31,banxico,cetes_28d,7.1900,7.19
2007-08-07,banxico,cetes_28d,7.1900,7.19
2007-08-14,banxico,cetes_28d,7.2100,7.21
2007-08-21,banxico,cetes_28d,7.2000,7.2
2007-08-28,banxico,cetes_28d,7.2300,7.23
2007-09-04,banxico,cetes_28d,7.2100,7.21
2007-09-11,banxico,cetes_28d,7.2000,7.2
2007-09-18,banxico,cetes_28d,7.2200,7.22
2007-09-25,banxico,cetes_28d,7.1900,7.19
2007-10-02,banxico,cetes_28d,7.1900,7.19
2007-10-09,banxico,cetes_28d,7.2100,7.21
2007-10-16,banxico,cetes_28d,7.2000,7.2
2007-10-23,banxico,cetes_28d,7.2000,7.2
2007-10-30,banxico,cetes_28d,7.4500,7.45
2007-11-06,banxico,cetes_28d,7.4300,7.43
2007-11-13,banxico,cetes_28d,7.4100,7.41
2007-11-20,banxico,cetes_28d,7.4600,7.46
2007-11-27,banxico,cetes_28d,7.4400,7.44
2007-12-04,banxico,cetes_28d,7.4400,7.44
2007-12-10,banxico,cetes_28d,7.4300,7.43
2007-12-18,banxico,cetes_28d,7.4400,7.44
2007-12-24,banxico,cetes_28d,7.4400,7.44
2007-12-31,banxico,cetes_28d,7.4300,7.43
2008-01-08,banxico,cetes_28d,7.4200,7.42
2008-01-15,banxico,cetes_28d,7.4100,7.41
2008-01-22,banxico,cetes_28d,7.3900,7.39
2008-01-29,banxico,cetes_28d,7.4300,7.43
2008-02-05,banxico,cetes_28d,7.4200,7.42
2008-02-12,banxico,cetes_28d,7.4400,7.44
2008-02-19,banxico,cetes_28d,7.4300,7.43
2008-02-26,banxico,cetes_28d,7.4200,7.42
2008-03-04,banxico,cetes_28d,7.4200,7.42
2008-03-11,banxico,cetes_28d,7.4500,7.45
2008-03-14,banxico,cetes_28d,7.4300,7.43
2008-03-25,banxico,cetes_28d,7.4300,7.43
2008-04-01,banxico,cetes_28d,7.4400,7.44
2008-04-08,banxico,cetes_28d,7.4600,7.46
2008-04-15,banxico,cetes_28d,7.4400,7.44
2008-04-22,banxico,cetes_28d,7.4400,7.44
2008-04-28,banxico,cetes_28d,7.4300,7.43
2008-05-06,banxico,cetes_28d,7.4300,7.43
2008-05-13,banxico,cetes_28d,7.4400,7.44
2008-05-20,banxico,cetes_28d,7.4400,7.44
2008-05-27,banxico,cetes_28d,7.4400,7.44
2008-06-03,banxico,cetes_28d,7.4500,7.45
2008-06-10,banxico,cetes_28d,7.4700,7.47
2008-06-17,banxico,cetes_28d,7.5600,7.56
2008-06-24,banxico,cetes_28d,7.7400,7.74
2008-07-01,banxico,cetes_28d,7.7500,7.75
2008-07-08,banxico,cetes_28d,7.7600,7.76
2008-07-15,banxico,cetes_28d,8.0200,8.02
2008-07-22,banxico,cetes_28d,8.0100,8.01
2008-07-29,banxico,cetes_28d,8.0900,8.09
2008-08-05,banxico,cetes_28d,8.1100,8.11
2008-08-12,banxico,cetes_28d,8.1800,8.18
2008-08-19,banxico,cetes_28d,8.2100,8.21
2008-08-26,banxico,cetes_28d,8.2100,8.21
2008-09-02,banxico,cetes_28d,8.1800,8.18
2008-09-09,banxico,cetes_28d,8.1700,8.17
2008-09-15,banxico,cetes_28d,8.1600,8.16
2008-09-23,banxico,cetes_28d,8.1500,8.15
2008-09-30,banxico,cetes_28d,8.1200,8.12
2008-10-07,banxico,cetes_28d,7.9900,7.99
2008-10-14,banxico,cetes_28d,7.8000,7.8
2008-10-21,banxico,cetes_28d,7.5800,7.58
2008-10-28,banxico,cetes_28d,7.2200,7.22
2008-11-04,banxico,cetes_28d,7.1000,7.1
2008-11-11,banxico,cetes_28d,7.0800,7.08
2008-11-18,banxico,cetes_28d,7.7200,7.72
2008-11-25,banxico,cetes_28d,7.8200,7.82
2008-12-02,banxico,cetes_28d,8.0300,8.03
2008-12-09,banxico,cetes_28d,8.0400,8.04
2008-12-16,banxico,cetes_28d,8.0300,8.03
2008-12-22,banxico,cetes_28d,8.0100,8.01
2008-12-29,banxico,cetes_28d,7.9700,7.97
2009-01-06,banxico,cetes_28d,7.9100,7.91
2009-01-13,banxico,cetes_28d,7.7000,7.7
2009-01-20,banxico,cetes_28d,7.4400,7.44
2009-01-27,banxico,cetes_28d,7.3100,7.31
2009-02-03,banxico,cetes_28d,7.1600,7.16
2009-02-10,banxico,cetes_28d,7.0700,7.07
2009-02-17,banxico,cetes_28d,7.0000,7.0
2009-02-24,banxico,cetes_28d,7.2400,7.24
2009-03-03,banxico,cetes_28d,7.2500,7.25
2009-03-10,banxico,cetes_28d,7.1800,7.18
2009-03-17,banxico,cetes_28d,7.1800,7.18
2009-03-24,banxico,cetes_28d,6.5200,6.52
2009-03-31,banxico,cetes_28d,6.3500,6.35
2009-04-06,banxico,cetes_28d,6.2400,6.24
2009-04-14,banxico,cetes_28d,6.0600,6.06
2009-04-21,banxico,cetes_28d,5.8400,5.84
2009-04-28,banxico,cetes_28d,5.7400,5.74
2009-05-05,banxico,cetes_28d,5.5400,5.54
2009-05-12,banxico,cetes_28d,5.3600,5.36
2009-05-19,banxico,cetes_28d,5.1800,5.18
2009-05-26,banxico,cetes_28d,5.0900,5.09
2009-06-02,banxico,cetes_28d,5.0800,5.08
2009-06-09,banxico,cetes_28d,5.1000,5.1
2009-06-16,banxico,cetes_28d,5.0100,5.01
2009-06-23,banxico,cetes_28d,4.7200,4.72
2009-06-30,banxico,cetes_28d,4.7200,4.72
2009-07-07,banxico,cetes_28d,4.6500,4.65
2009-07-14,banxico,cetes_28d,4.5500,4.55
2009-07-21,banxico,cetes_28d,4.5200,4.52
2009-07-28,banxico,cetes_28d,4.5100,4.51
2009-08-04,banxico,cetes_28d,4.5000,4.5
2009-08-11,banxico,cetes_28d,4.4900,4.49
2009-08-18,banxico,cetes_28d,4.4800,4.48
2009-08-25,banxico,cetes_28d,4.4700,4.47
2009-09-01,banxico,cetes_28d,4.4700,4.47
2009-09-08,banxico,cetes_28d,4.4700,4.47
2009-09-14,banxico,cetes_28d,4.4900,4.49
2009-09-22,banxico,cetes_28d,4.5000,4.5
2009-09-29,banxico,cetes_28d,4.5100,4.51
2009-10-06,banxico,cetes_28d,4.5100,4.51
2009-10-13,banxico,cetes_28d,4.5100,4.51
2009-10-20,banxico,cetes_28d,4.5100,4.51
2009-10-27,banxico,cetes_28d,4.5200,4.52
2009-11-03,banxico,cetes_28d,4.5200,4.52
2009-11-10,banxico,cetes_28d,4.5200,4.52
2009-11-17,banxico,cetes_28d,4.5000,4.5
2009-11-24,banxico,cetes_28d,4.4900,4.49
2009-12-01,banxico,cetes_28d,4.5100,4.51
2009-12-08,banxico,cetes_28d,4.4800,4.48
2009-12-15,banxico,cetes_28d,4.5100,4.51
2009-12-22,banxico,cetes_28d,4.5000,4.5
2009-12-29,banxico,cetes_28d,4.5100,4.51
2010-01-05,banxico,cetes_28d,4.5000,4.5
2010-01-12,banxico,cetes_28d,4.5000,4.5
2010-01-19,banxico,cetes_28d,4.4900,4.49
2010-01-26,banxico,cetes_28d,4.4800,4.48
2010-02-02,banxico,cetes_28d,4.4700,4.47
2010-02-09,banxico,cetes_28d,4.4900,4.49
2010-02-16,banxico,cetes_28d,4.4900,4.49
2010-02-23,banxico,cetes_28d,4.4900,4.49
2010-03-02,banxico,cetes_28d,4.4900,4.49
2010-03-09,banxico,cetes_28d,4.4100,4.41
2010-03-16,banxico,cetes_28d,4.4300,4.43
2010-03-23,banxico,cetes_28d,4.4600,4.46
2010-03-29,banxico,cetes_28d,4.4500,4.45
2010-04-06,banxico,cetes_28d,4.4300,4.43
2010-04-13,banxico,cetes_28d,4.4100,4.41
2010-04-20,banxico,cetes_28d,4.4600,4.46
2010-04-27,banxico,cetes_28d,4.4500,4.45
2010-05-04,banxico,cetes_28d,4.4900,4.49
2010-05-11,banxico,cetes_28d,4.4900,4.49
2010-05-18,banxico,cetes_28d,4.5300,4.53
2010-05-25,banxico,cetes_28d,4.5500,4.55
2010-06-01,banxico,cetes_28d,4.5800,4.58
2010-06-08,banxico,cetes_28d,4.5900,4.59
2010-06-15,banxico,cetes_28d,4.6000,4.6
2010-06-22,banxico,cetes_28d,4.5900,4.59
2010-06-29,banxico,cetes_28d,4.6000,4.6
2010-07-06,banxico,cetes_28d,4.5900,4.59
2010-07-13,banxico,cetes_28d,4.5900,4.59
2010-07-20,banxico,cetes_28d,4.5900,4.59
2010-07-27,banxico,cetes_28d,4.6000,4.6
2010-08-03,banxico,cetes_28d,4.5600,4.56
2010-08-10,banxico,cetes_28d,4.5400,4.54
2010-08-17,banxico,cetes_28d,4.5000,4.5
2010-08-24,banxico,cetes_28d,4.4700,4.47
2010-08-31,banxico,cetes_28d,4.4800,4.48
2010-09-07,banxico,cetes_28d,4.4800,4.48
2010-09-13,banxico,cetes_28d,4.4500,4.45
2010-09-21,banxico,cetes_28d,4.3600,4.36
2010-09-28,banxico,cetes_28d,4.3600,4.36
2010-10-05,banxico,cetes_28d,4.1800,4.18
2010-10-12,banxico,cetes_28d,4.0500,4.05
2010-10-19,banxico,cetes_28d,4.0300,4.03
2010-10-26,banxico,cetes_28d,3.8400,3.84
2010-11-01,banxico,cetes_28d,3.8500,3.85
2010-11-09,banxico,cetes_28d,3.9200,3.92
2010-11-16,banxico,cetes_28d,3.9400,3.94
2010-11-23,banxico,cetes_28d,4.1700,4.17
2010-11-30,banxico,cetes_28d,4.3500,4.35
2010-12-07,banxico,cetes_28d,4.1600,4.16
2010-12-14,banxico,cetes_28d,4.1800,4.18
2010-12-21,banxico,cetes_28d,4.3800,4.38
2010-12-28,banxico,cetes_28d,4.4500,4.45
2011-01-04,banxico,cetes_28d,4.1600,4.16
2011-01-11,banxico,cetes_28d,4.2000,4.2
2011-01-18,banxico,cetes_28d,4.1300,4.13
2011-01-25,banxico,cetes_28d,4.0500,4.05
2011-02-01,banxico,cetes_28d,4.0400,4.04
2011-02-08,banxico,cetes_28d,4.0500,4.05
2011-02-15,banxico,cetes_28d,3.9400,3.94
2011-02-22,banxico,cetes_28d,4.1400,4.14
2011-03-01,banxico,cetes_28d,4.2200,4.22
2011-03-08,banxico,cetes_28d,4.2800,4.28
2011-03-15,banxico,cetes_28d,4.2400,4.24
2011-03-22,banxico,cetes_28d,4.3000,4.3
2011-03-29,banxico,cetes_28d,4.3000,4.3
2011-04-05,banxico,cetes_28d,4.2600,4.26
2011-04-12,banxico,cetes_28d,4.2800,4.28
2011-04-18,banxico,cetes_28d,4.3300,4.33
2011-04-26,banxico,cetes_28d,4.2400,4.24
2011-05-03,banxico,cetes_28d,4.2400,4.24
2011-05-10,banxico,cetes_28d,4.2700,4.27
2011-05-17,banxico,cetes_28d,4.3400,4.34
2011-05-24,banxico,cetes_28d,4.3900,4.39
2011-05-31,banxico,cetes_28d,4.4300,4.43
2011-06-07,banxico,cetes_28d,4.3700,4.37
2011-06-14,banxico,cetes_28d,4.3800,4.38
2011-06-21,banxico,cetes_28d,4.3500,4.35
2011-06-28,banxico,cetes_28d,4.3300,4.33
2011-07-05,banxico,cetes_28d,4.1800,4.18
2011-07-12,banxico,cetes_28d,4.1500,4.15
2011-07-19,banxico,cetes_28d,4.1500,4.15
2011-07-26,banxico,cetes_28d,4.0800,4.08
2011-08-02,banxico,cetes_28d,3.9600,3.96
2011-08-09,banxico,cetes_28d,3.9900,3.99
2011-08-16,banxico,cetes_28d,4.0900,4.09
2011-08-23,banxico,cetes_28d,4.1700,4.17
2011-08-30,banxico,cetes_28d,4.1100,4.11
2011-09-06,banxico,cetes_28d,4.1700,4.17
2011-09-13,banxico,cetes_28d,4.2500,4.25
2011-09-20,banxico,cetes_28d,4.2700,4.27
2011-09-27,banxico,cetes_28d,4.3400,4.34
2011-10-04,banxico,cetes_28d,4.3500,4.35
2011-10-11,banxico,cetes_28d,4.3700,4.37
2011-10-18,banxico,cetes_28d,4.3500,4.35
2011-10-25,banxico,cetes_28d,4.3700,4.37
2011-10-31,banxico,cetes_28d,4.3800,4.38
2011-11-08,banxico,cetes_28d,4.3500,4.35
2011-11-15,banxico,cetes_28d,4.3500,4.35
2011-11-22,banxico,cetes_28d,4.3200,4.32
2011-11-29,banxico,cetes_28d,4.3900,4.39
2011-12-06,banxico,cetes_28d,4.3300,4.33
2011-12-13,banxico,cetes_28d,4.3300,4.33
2011-12-20,banxico,cetes_28d,4.3300,4.33
2011-12-27,banxico,cetes_28d,4.3100,4.31
2012-01-03,banxico,cetes_28d,4.3200,4.32
2012-01-10,banxico,cetes_28d,4.2600,4.26
2012-01-17,banxico,cetes_28d,4.2700,4.27
2012-01-24,banxico,cetes_28d,4.2400,4.24
2012-01-31,banxico,cetes_28d,4.2400,4.24
2012-02-07,banxico,cetes_28d,4.3400,4.34
2012-02-14,banxico,cetes_28d,4.3600,4.36
2012-02-21,banxico,cetes_28d,4.3500,4.35
2012-02-28,banxico,cetes_28d,4.2700,4.27
2012-03-06,banxico,cetes_28d,4.2700,4.27
2012-03-13,banxico,cetes_28d,4.1800,4.18
2012-03-20,banxico,cetes_28d,4.2100,4.21
2012-03-27,banxico,cetes_28d,4.2800,4.28
2012-04-02,banxico,cetes_28d,4.2500,4.25
2012-04-10,banxico,cetes_28d,4.2600,4.26
2012-04-17,banxico,cetes_28d,4.3300,4.33
2012-04-24,banxico,cetes_28d,4.3300,4.33
2012-04-30,banxico,cetes_28d,4.3300,4.33
2012-05-08,banxico,cetes_28d,4.3400,4.34
2012-05-15,banxico,cetes_28d,4.4200,4.42
2012-05-22,banxico,cetes_28d,4.4200,4.42
2012-05-29,banxico,cetes_28d,4.4400,4.44
2012-06-05,banxico,cetes_28d,4.3500,4.35
2012-06-12,banxico,cetes_28d,4.3500,4.35
2012-06-19,banxico,cetes_28d,4.3700,4.37
2012-06-26,banxico,cetes_28d,4.2700,4.27
2012-07-03,banxico,cetes_28d,4.1700,4.17
2012-07-10,banxico,cetes_28d,4.1600,4.16
2012-07-17,banxico,cetes_28d,4.1500,4.15
2012-07-24,banxico,cetes_28d,4.1300,4.13
2012-07-31,banxico,cetes_28d,4.0900,4.09
2012-08-07,banxico,cetes_28d,4.0900,4.09
2012-08-14,banxico,cetes_28d,4.0900,4.09
2012-08-21,banxico,cetes_28d,4.2300,4.23
2012-08-28,banxico,cetes_28d,4.1500,4.15
2012-09-04,banxico,cetes_28d,4.1700,4.17
2012-09-11,banxico,cetes_28d,4.2300,4.23
2012-09-18,banxico,cetes_28d,4.1500,4.15
2012-09-25,banxico,cetes_28d,4.1200,4.12
2012-10-02,banxico,cetes_28d,4.2000,4.2
2012-10-09,banxico,cetes_28d,4.1700,4.17
2012-10-16,banxico,cetes_28d,4.2300,4.23
2012-10-23,banxico,cetes_28d,4.2200,4.22
2012-10-30,banxico,cetes_28d,4.3300,4.33
2012-11-06,banxico,cetes_28d,4.2600,4.26
2012-11-13,banxico,cetes_28d,4.3100,4.31
2012-11-20,banxico,cetes_28d,4.2800,4.28
2012-11-27,banxico,cetes_28d,4.2500,4.25
2012-12-04,banxico,cetes_28d,4.2300,4.23
2012-12-10,banxico,cetes_28d,4.1400,4.14
2012-12-18,banxico,cetes_28d,3.9300,3.93
2012-12-24,banxico,cetes_28d,3.9100,3.91
2012-12-31,banxico,cetes_28d,4.0400,4.04
2013-01-08,banxico,cetes_28d,4.1200,4.12
2013-01-15,banxico,cetes_28d,4.1200,4.12
2013-01-22,banxico,cetes_28d,4.2600,4.26
2013-01-29,banxico,cetes_28d,4.2300,4.23
2013-02-05,banxico,cetes_28d,4.2200,4.22
2013-02-12,banxico,cetes_28d,4.2000,4.2
2013-02-19,banxico,cetes_28d,4.1900,4.19
2013-02-26,banxico,cetes_28d,4.1300,4.13
2013-03-05,banxico,cetes_28d,4.0700,4.07
2013-03-12,banxico,cetes_28d,3.9600,3.96
2013-03-19,banxico,cetes_28d,3.9500,3.95
2013-03-25,banxico,cetes_28d,3.9500,3.95
2013-04-02,banxico,cetes_28d,3.8800,3.88
2013-04-09,banxico,cetes_28d,3.8100,3.81
2013-04-16,banxico,cetes_28d,3.8100,3.81
2013-04-23,banxico,cetes_28d,3.7600,3.76
2013-04-29,banxico,cetes_28d,3.7600,3.76
2013-05-07,banxico,cetes_28d,3.7100,3.71
2013-05-14,banxico,cetes_28d,3.7200,3.72
2013-05-21,banxico,cetes_28d,3.7200,3.72
2013-05-28,banxico,cetes_28d,3.7100,3.71
2013-06-04,banxico,cetes_28d,3.7100,3.71
2013-06-11,banxico,cetes_28d,3.7700,3.77
2013-06-18,banxico,cetes_28d,3.8100,3.81
2013-06-25,banxico,cetes_28d,3.8200,3.82
2013-07-02,banxico,cetes_28d,3.8000,3.8
2013-07-09,banxico,cetes_28d,3.8300,3.83
2013-07-16,banxico,cetes_28d,3.8500,3.85
2013-07-23,banxico,cetes_28d,3.9000,3.9
2013-07-30,banxico,cetes_28d,3.8800,3.88
2013-08-06,banxico,cetes_28d,3.8400,3.84
2013-08-13,banxico,cetes_28d,3.8400,3.84
2013-08-20,banxico,cetes_28d,3.8300,3.83
2013-08-27,banxico,cetes_28d,3.8300,3.83
2013-09-03,banxico,cetes_28d,3.8300,3.83
2013-09-10,banxico,cetes_28d,3.6500,3.65
2013-09-17,banxico,cetes_28d,3.5600,3.56
2013-09-24,banxico,cetes_28d,3.5000,3.5
2013-10-01,banxico,cetes_28d,3.4400,3.44
2013-10-08,banxico,cetes_28d,3.4000,3.4
2013-10-15,banxico,cetes_28d,3.3800,3.38
2013-10-22,banxico,cetes_28d,3.3500,3.35
2013-10-29,banxico,cetes_28d,3.3800,3.38
2013-11-05,banxico,cetes_28d,3.3600,3.36
2013-11-12,banxico,cetes_28d,3.3900,3.39
2013-11-19,banxico,cetes_28d,3.4000,3.4
2013-11-26,banxico,cetes_28d,3.4000,3.4
2013-12-03,banxico,cetes_28d,3.3800,3.38
2013-12-09,banxico,cetes_28d,3.3400,3.34
2013-12-17,banxico,cetes_28d,3.2700,3.27
2013-12-23,banxico,cetes_28d,3.1800,3.18
2013-12-30,banxico,cetes_28d,3.1600,3.16
2014-01-07,banxico,cetes_28d,3.1700,3.17
2014-01-14,banxico,cetes_28d,3.0500,3.05
2014-01-21,banxico,cetes_28d,3.1300,3.13
2014-01-28,banxico,cetes_28d,3.1800,3.18
2014-02-04,banxico,cetes_28d,3.1800,3.18
2014-02-11,banxico,cetes_28d,3.1600,3.16
2014-02-18,banxico,cetes_28d,3.1400,3.14
2014-02-25,banxico,cetes_28d,3.1500,3.15
2014-03-04,banxico,cetes_28d,3.1600,3.16
2014-03-11,banxico,cetes_28d,3.1400,3.14
2014-03-18,banxico,cetes_28d,3.1900,3.19
2014-03-25,banxico,cetes_28d,3.1900,3.19
2014-04-01,banxico,cetes_28d,3.2200,3.22
2014-04-08,banxico,cetes_28d,3.2000,3.2
2014-04-14,banxico,cetes_28d,3.2200,3.22
2014-04-22,banxico,cetes_28d,3.2500,3.25
2014-04-28,banxico,cetes_28d,3.2500,3.25
2014-05-06,banxico,cetes_28d,3.2500,3.25
2014-05-13,banxico,cetes_28d,3.2600,3.26
2014-05-20,banxico,cetes_28d,3.2800,3.28
2014-05-27,banxico,cetes_28d,3.3100,3.31
2014-06-03,banxico,cetes_28d,3.2900,3.29
2014-06-10,banxico,cetes_28d,2.9200,2.92
2014-06-17,banxico,cetes_28d,2.9500,2.95
2014-06-24,banxico,cetes_28d,2.9000,2.9
2014-07-01,banxico,cetes_28d,2.8500,2.85
2014-07-08,banxico,cetes_28d,2.8500,2.85
2014-07-15,banxico,cetes_28d,2.8400,2.84
2014-07-22,banxico,cetes_28d,2.8200,2.82
2014-07-29,banxico,cetes_28d,2.8000,2.8
2014-08-05,banxico,cetes_28d,2.7800,2.78
2014-08-12,banxico,cetes_28d,2.7700,2.77
2014-08-19,banxico,cetes_28d,2.7600,2.76
2014-08-26,banxico,cetes_28d,2.7600,2.76
2014-09-02,banxico,cetes_28d,2.7600,2.76
2014-09-09,banxico,cetes_28d,2.8400,2.84
2014-09-15,banxico,cetes_28d,2.8600,2.86
2014-09-23,banxico,cetes_28d,2.8600,2.86
2014-09-30,banxico,cetes_28d,2.8500,2.85
2014-10-07,banxico,cetes_28d,2.8600,2.86
2014-10-14,banxico,cetes_28d,2.9600,2.96
2014-10-21,banxico,cetes_28d,2.9300,2.93
2014-10-28,banxico,cetes_28d,2.9000,2.9
2014-11-04,banxico,cetes_28d,2.9100,2.91
2014-11-11,banxico,cetes_28d,2.9000,2.9
2014-11-18,banxico,cetes_28d,2.8300,2.83
2014-11-25,banxico,cetes_28d,2.7600,2.76
2014-12-02,banxico,cetes_28d,2.8400,2.84
2014-12-09,banxico,cetes_28d,2.8500,2.85
2014-12-16,banxico,cetes_28d,2.8400,2.84
2014-12-22,banxico,cetes_28d,2.7800,2.78
2014-12-29,banxico,cetes_28d,2.7400,2.74
2015-01-06,banxico,cetes_28d,2.4300,2.43
2015-01-13,banxico,cetes_28d,2.7900,2.79
2015-01-20,banxico,cetes_28d,2.7200,2.72
2015-01-27,banxico,cetes_28d,2.7500,2.75
2015-02-03,banxico,cetes_28d,2.7400,2.74
2015-02-10,banxico,cetes_28d,2.7800,2.78
2015-02-17,banxico,cetes_28d,2.8300,2.83
2015-02-24,banxico,cetes_28d,2.9000,2.9
2015-03-03,banxico,cetes_28d,3.0100,3.01
2015-03-10,banxico,cetes_28d,3.0500,3.05
2015-03-17,banxico,cetes_28d,3.0400,3.04
2015-03-24,banxico,cetes_28d,3.0500,3.05
2015-03-30,banxico,cetes_28d,3.0200,3.02
2015-04-07,banxico,cetes_28d,3.0200,3.02
2015-04-14,banxico,cetes_28d,3.0000,3.0
2015-04-21,banxico,cetes_28d,2.9600,2.96
2015-04-28,banxico,cetes_28d,2.8500,2.85
2015-05-05,banxico,cetes_28d,2.9800,2.98
2015-05-12,banxico,cetes_28d,2.9700,2.97
2015-05-19,banxico,cetes_28d,2.9900,2.99
2015-05-26,banxico,cetes_28d,2.9900,2.99
2015-06-02,banxico,cetes_28d,2.9700,2.97
2015-06-09,banxico,cetes_28d,2.9600,2.96
2015-06-16,banxico,cetes_28d,2.9400,2.94
2015-06-23,banxico,cetes_28d,2.9800,2.98
2015-06-30,banxico,cetes_28d,3.0000,3.0
2015-07-07,banxico,cetes_28d,2.9600,2.96
2015-07-14,banxico,cetes_28d,2.9600,2.96
2015-07-21,banxico,cetes_28d,3.0100,3.01
2015-07-28,banxico,cetes_28d,3.0100,3.01
2015-08-04,banxico,cetes_28d,3.0200,3.02
2015-08-11,banxico,cetes_28d,3.0100,3.01
2015-08-18,banxico,cetes_28d,3.0200,3.02
2015-08-25,banxico,cetes_28d,3.1200,3.12
2015-09-01,banxico,cetes_28d,3.0900,3.09
2015-09-08,banxico,cetes_28d,3.1100,3.11
2015-09-14,banxico,cetes_28d,3.1800,3.18
2015-09-22,banxico,cetes_28d,3.0200,3.02
2015-09-29,banxico,cetes_28d,3.0200,3.02
2015-10-06,banxico,cetes_28d,2.9800,2.98
2015-10-13,banxico,cetes_28d,3.0000,3.0
2015-10-20,banxico,cetes_28d,3.0400,3.04
2015-10-27,banxico,cetes_28d,3.0500,3.05
2015-11-03,banxico,cetes_28d,3.0300,3.03
2015-11-10,banxico,cetes_28d,3.0000,3.0
2015-11-17,banxico,cetes_28d,3.0000,3.0
2015-11-24,banxico,cetes_28d,3.0300,3.03
2015-12-01,banxico,cetes_28d,3.1100,3.11
2015-12-08,banxico,cetes_28d,3.2000,3.2
2015-12-15,banxico,cetes_28d,3.2000,3.2
2015-12-22,banxico,cetes_28d,3.1500,3.15
2015-12-29,banxico,cetes_28d,3.0500,3.05
2016-01-05,banxico,cetes_28d,3.0500,3.05
2016-01-12,banxico,cetes_28d,3.0500,3.05
2016-01-19,banxico,cetes_28d,3.0900,3.09
2016-01-26,banxico,cetes_28d,3.1400,3.14
2016-02-02,banxico,cetes_28d,3.1600,3.16
2016-02-09,banxico,cetes_28d,3.2000,3.2
2016-02-16,banxico,cetes_28d,3.2300,3.23
2016-02-23,banxico,cetes_28d,3.8500,3.85
2016-03-01,banxico,cetes_28d,3.8800,3.88
2016-03-08,banxico,cetes_28d,3.7800,3.78
2016-03-15,banxico,cetes_28d,3.8000,3.8
2016-03-18,banxico,cetes_28d,3.7800,3.78
2016-03-29,banxico,cetes_28d,3.7600,3.76
2016-04-05,banxico,cetes_28d,3.7300,3.73
2016-04-12,banxico,cetes_28d,3.7400,3.74
2016-04-19,banxico,cetes_28d,3.7400,3.74
2016-04-26,banxico,cetes_28d,3.7600,3.76
2016-05-03,banxico,cetes_28d,3.7700,3.77
2016-05-10,banxico,cetes_28d,3.7700,3.77
2016-05-17,banxico,cetes_28d,3.8100,3.81
2016-05-24,banxico,cetes_28d,3.9000,3.9
2016-05-31,banxico,cetes_28d,3.8000,3.8
2016-06-07,banxico,cetes_28d,3.7800,3.78
2016-06-14,banxico,cetes_28d,3.8300,3.83
2016-06-21,banxico,cetes_28d,3.7600,3.76
2016-06-28,banxico,cetes_28d,3.8600,3.86
2016-07-05,banxico,cetes_28d,4.2300,4.23
2016-07-12,banxico,cetes_28d,4.1900,4.19
2016-07-19,banxico,cetes_28d,4.2100,4.21
2016-07-26,banxico,cetes_28d,4.2100,4.21
2016-08-02,banxico,cetes_28d,4.2200,4.22
2016-08-09,banxico,cetes_28d,4.2200,4.22
2016-08-16,banxico,cetes_28d,4.2700,4.27
2016-08-23,banxico,cetes_28d,4.2300,4.23
2016-08-30,banxico,cetes_28d,4.2900,4.29
2016-09-06,banxico,cetes_28d,4.2300,4.23
2016-09-13,banxico,cetes_28d,4.2200,4.22
2016-09-20,banxico,cetes_28d,4.2700,4.27
2016-09-27,banxico,cetes_28d,4.4100,4.41
2016-10-04,banxico,cetes_28d,4.7000,4.7
2016-10-11,banxico,cetes_28d,4.7000,4.7
2016-10-18,banxico,cetes_28d,4.6700,4.67
2016-10-25,banxico,cetes_28d,4.6800,4.68
2016-10-31,banxico,cetes_28d,4.7500,4.75
2016-11-08,banxico,cetes_28d,4.8100,4.81
2016-11-15,banxico,cetes_28d,5.5600,5.56
2016-11-22,banxico,cetes_28d,5.4800,5.48
2016-11-29,banxico,cetes_28d,5.6200,5.62
2016-12-06,banxico,cetes_28d,5.5900,5.59
2016-12-13,banxico,cetes_28d,5.5100,5.51
2016-12-20,banxico,cetes_28d,5.6500,5.65
2016-12-27,banxico,cetes_28d,5.6900,5.69
2017-01-03,banxico,cetes_28d,5.8200,5.82
2017-01-10,banxico,cetes_28d,5.8700,5.87
2017-01-17,banxico,cetes_28d,5.8600,5.86
2017-01-24,banxico,cetes_28d,5.7700,5.77
2017-01-31,banxico,cetes_28d,5.8800,5.88
2017-02-07,banxico,cetes_28d,5.9000,5.9
2017-02-14,banxico,cetes_28d,6.2100,6.21
2017-02-21,banxico,cetes_28d,6.2400,6.24
2017-02-28,banxico,cetes_28d,6.2500,6.25
2017-03-07,banxico,cetes_28d,6.2900,6.29
2017-03-14,banxico,cetes_28d,6.3000,6.3
2017-03-21,banxico,cetes_28d,6.3200,6.32
2017-03-28,banxico,cetes_28d,6.4300,6.43
2017-04-04,banxico,cetes_28d,6.4800,6.48
2017-04-10,banxico,cetes_28d,6.5400,6.54
2017-04-18,banxico,cetes_28d,6.4700,6.47
2017-04-25,banxico,cetes_28d,6.5000,6.5
2017-05-02,banxico,cetes_28d,6.5000,6.5
2017-05-09,banxico,cetes_28d,6.4900,6.49
2017-05-16,banxico,cetes_28d,6.5300,6.53
2017-05-23,banxico,cetes_28d,6.7100,6.71
2017-05-30,banxico,cetes_28d,6.7200,6.72
2017-06-06,banxico,cetes_28d,6.7400,6.74
2017-06-13,banxico,cetes_28d,6.7900,6.79
2017-06-20,banxico,cetes_28d,6.8700,6.87
2017-06-27,banxico,cetes_28d,6.9600,6.96
2017-07-04,banxico,cetes_28d,7.0000,7.0
2017-07-11,banxico,cetes_28d,6.9800,6.98
2017-07-18,banxico,cetes_28d,6.9900,6.99
2017-07-25,banxico,cetes_28d,6.9900,6.99
2017-08-01,banxico,cetes_28d,6.9900,6.99
2017-08-08,banxico,cetes_28d,6.9600,6.96
2017-08-15,banxico,cetes_28d,6.9100,6.91
2017-08-22,banxico,cetes_28d,6.9200,6.92
2017-08-29,banxico,cetes_28d,6.9100,6.91
2017-09-05,banxico,cetes_28d,6.9800,6.98
2017-09-12,banxico,cetes_28d,6.9800,6.98
2017-09-19,banxico,cetes_28d,6.9800,6.98
2017-09-26,banxico,cetes_28d,7.0000,7.0
2017-10-03,banxico,cetes_28d,7.0300,7.03
2017-10-10,banxico,cetes_28d,7.0300,7.03
2017-10-17,banxico,cetes_28d,7.0400,7.04
2017-10-24,banxico,cetes_28d,7.0200,7.02
2017-10-30,banxico,cetes_28d,7.0300,7.03
2017-11-07,banxico,cetes_28d,7.0200,7.02
2017-11-14,banxico,cetes_28d,7.0100,7.01
2017-11-21,banxico,cetes_28d,7.0200,7.02
2017-11-28,banxico,cetes_28d,7.0100,7.01
2017-12-05,banxico,cetes_28d,7.0200,7.02
2017-12-11,banxico,cetes_28d,7.1900,7.19
2017-12-19,banxico,cetes_28d,7.2400,7.24
2017-12-26,banxico,cetes_28d,7.2200,7.22
2018-01-02,banxico,cetes_28d,7.2500,7.25
2018-01-09,banxico,cetes_28d,7.2400,7.24
2018-01-16,banxico,cetes_28d,7.2400,7.24
2018-01-23,banxico,cetes_28d,7.2500,7.25
2018-01-30,banxico,cetes_28d,7.2400,7.24
2018-02-06,banxico,cetes_28d,7.3500,7.35
2018-02-13,banxico,cetes_28d,7.5000,7.5
2018-02-20,banxico,cetes_28d,7.4900,7.49
2018-02-27,banxico,cetes_28d,7.4700,7.47
2018-03-06,banxico,cetes_28d,7.5000,7.5
2018-03-13,banxico,cetes_28d,7.4600,7.46
2018-03-20,banxico,cetes_28d,7.4400,7.44
2018-03-26,banxico,cetes_28d,7.4900,7.49
2018-04-03,banxico,cetes_28d,7.4600,7.46
2018-04-10,banxico,cetes_28d,7.4700,7.47
2018-04-17,banxico,cetes_28d,7.4500,7.45
2018-04-24,banxico,cetes_28d,7.4500,7.45
2018-04-30,banxico,cetes_28d,7.4700,7.47
2018-05-08,banxico,cetes_28d,7.5200,7.52
2018-05-15,banxico,cetes_28d,7.5800,7.58
2018-05-22,banxico,cetes_28d,7.5100,7.51
2018-05-29,banxico,cetes_28d,7.4800,7.48
2018-06-05,banxico,cetes_28d,7.5100,7.51
2018-06-12,banxico,cetes_28d,7.6200,7.62
2018-06-19,banxico,cetes_28d,7.7100,7.71
2018-06-26,banxico,cetes_28d,7.7000,7.7
2018-07-03,banxico,cetes_28d,7.7200,7.72
2018-07-10,banxico,cetes_28d,7.7400,7.74
2018-07-17,banxico,cetes_28d,7.7400,7.74
2018-07-24,banxico,cetes_28d,7.7200,7.72
2018-07-31,banxico,cetes_28d,7.7400,7.74
2018-08-07,banxico,cetes_28d,7.7400,7.74
2018-08-14,banxico,cetes_28d,7.7400,7.74
2018-08-21,banxico,cetes_28d,7.7100,7.71
2018-08-28,banxico,cetes_28d,7.7200,7.72
2018-09-04,banxico,cetes_28d,7.7000,7.7
2018-09-11,banxico,cetes_28d,7.7000,7.7
2018-09-18,banxico,cetes_28d,7.6900,7.69
2018-09-25,banxico,cetes_28d,7.6500,7.65
2018-10-02,banxico,cetes_28d,7.6700,7.67
2018-10-09,banxico,cetes_28d,7.7000,7.7
2018-10-16,banxico,cetes_28d,7.6500,7.65
2018-10-23,banxico,cetes_28d,7.7200,7.72
2018-10-30,banxico,cetes_28d,7.7600,7.76
2018-11-06,banxico,cetes_28d,7.7100,7.71
2018-11-13,banxico,cetes_28d,7.7900,7.79
2018-11-20,banxico,cetes_28d,7.9400,7.94
2018-11-27,banxico,cetes_28d,7.9700,7.97
2018-12-04,banxico,cetes_28d,7.9500,7.95
2018-12-10,banxico,cetes_28d,7.9700,7.97
2018-12-18,banxico,cetes_28d,8.0000,8.0
2018-12-24,banxico,cetes_28d,8.1700,8.17
2018-12-31,banxico,cetes_28d,8.0600,8.06
2019-01-08,banxico,cetes_28d,8.0000,8.0
2019-01-15,banxico,cetes_28d,7.9100,7.91
2019-01-22,banxico,cetes_28d,7.9100,7.91
2019-01-29,banxico,cetes_28d,7.8600,7.86
2019-02-05,banxico,cetes_28d,7.9000,7.9
2019-02-12,banxico,cetes_28d,7.8800,7.88
2019-02-19,banxico,cetes_28d,7.8500,7.85
2019-02-26,banxico,cetes_28d,8.1000,8.1
2019-03-07,banxico,cetes_28d,8.0000,8.0
2019-03-12,banxico,cetes_28d,8.0900,8.09
2019-03-19,banxico,cetes_28d,8.1500,8.15
2019-03-26,banxico,cetes_28d,7.8500,7.85
2019-04-02,banxico,cetes_28d,7.8000,7.8
2019-04-09,banxico,cetes_28d,7.7600,7.76
2019-04-15,banxico,cetes_28d,7.8100,7.81
2019-04-23,banxico,cetes_28d,7.7500,7.75
2019-04-29,banxico,cetes_28d,8.2000,8.2
2019-05-07,banxico,cetes_28d,8.0200,8.02
2019-05-14,banxico,cetes_28d,8.0500,8.05
2019-05-21,banxico,cetes_28d,8.0300,8.03
2019-05-28,banxico,cetes_28d,8.0500,8.05
2019-06-04,banxico,cetes_28d,8.3000,8.3
2019-06-11,banxico,cetes_28d,8.2800,8.28
2019-06-18,banxico,cetes_28d,8.2400,8.24
2019-06-25,banxico,cetes_28d,8.1800,8.18
2019-07-02,banxico,cetes_28d,8.1000,8.1
2019-07-09,banxico,cetes_28d,8.1700,8.17
2019-07-16,banxico,cetes_28d,8.1300,8.13
2019-07-23,banxico,cetes_28d,8.1500,8.15
2019-07-30,banxico,cetes_28d,8.0100,8.01
2019-08-06,banxico,cetes_28d,8.1500,8.15
2019-08-13,banxico,cetes_28d,8.0500,8.05
2019-08-20,banxico,cetes_28d,7.9600,7.96
2019-08-27,banxico,cetes_28d,7.8700,7.87
2019-09-03,banxico,cetes_28d,7.8100,7.81
2019-09-10,banxico,cetes_28d,7.7200,7.72
2019-09-17,banxico,cetes_28d,7.7200,7.72
2019-09-24,banxico,cetes_28d,7.6100,7.61
2019-10-01,banxico,cetes_28d,7.6500,7.65
2019-10-08,banxico,cetes_28d,7.7000,7.7
2019-10-15,banxico,cetes_28d,7.6700,7.67
2019-10-22,banxico,cetes_28d,7.6500,7.65
2019-10-29,banxico,cetes_28d,7.6200,7.62
2019-11-05,banxico,cetes_28d,7.5500,7.55
2019-11-12,banxico,cetes_28d,7.4500,7.45
2019-11-19,banxico,cetes_28d,7.4300,7.43
2019-11-26,banxico,cetes_28d,7.4600,7.46
2019-12-03,banxico,cetes_28d,7.4000,7.4
2019-12-09,banxico,cetes_28d,7.0400,7.04
2019-12-17,banxico,cetes_28d,6.8000,6.8
2019-12-23,banxico,cetes_28d,7.2500,7.25
2019-12-30,banxico,cetes_28d,7.2500,7.25
2020-01-07,banxico,cetes_28d,7.2600,7.26
2020-01-14,banxico,cetes_28d,7.0000,7.0
2020-01-21,banxico,cetes_28d,7.0500,7.05
2020-01-28,banxico,cetes_28d,7.0400,7.04
2020-02-04,banxico,cetes_28d,6.9900,6.99
2020-02-11,banxico,cetes_28d,7.0000,7.0
2020-02-18,banxico,cetes_28d,6.9500,6.95
2020-02-25,banxico,cetes_28d,6.9100,6.91
2020-03-03,banxico,cetes_28d,6.7000,6.7
2020-03-10,banxico,cetes_28d,6.8100,6.81
2020-03-17,banxico,cetes_28d,7.1500,7.15
2020-03-24,banxico,cetes_28d,6.5900,6.59
2020-03-31,banxico,cetes_28d,6.3900,6.39
2020-04-06,banxico,cetes_28d,6.2300,6.23
2020-04-14,banxico,cetes_28d,6.0000,6.0
2020-04-21,banxico,cetes_28d,6.0000,6.0
2020-04-28,banxico,cetes_28d,5.8400,5.84
2020-05-05,banxico,cetes_28d,5.7000,5.7
2020-05-12,banxico,cetes_28d,5.3900,5.39
2020-05-19,banxico,cetes_28d,5.3900,5.39
2020-05-26,banxico,cetes_28d,5.3800,5.38
2020-06-02,banxico,cetes_28d,5.2700,5.27
2020-06-09,banxico,cetes_28d,5.1500,5.15
2020-06-16,banxico,cetes_28d,4.9800,4.98
2020-06-23,banxico,cetes_28d,4.8500,4.85
2020-06-30,banxico,cetes_28d,4.8100,4.81
2020-07-07,banxico,cetes_28d,4.9500,4.95
2020-07-14,banxico,cetes_28d,4.9000,4.9
2020-07-21,banxico,cetes_28d,4.8000,4.8
2020-07-28,banxico,cetes_28d,4.6300,4.63
2020-08-04,banxico,cetes_28d,4.5300,4.53
2020-08-11,banxico,cetes_28d,4.4800,4.48
2020-08-18,banxico,cetes_28d,4.4300,4.43
2020-08-25,banxico,cetes_28d,4.5000,4.5
2020-09-01,banxico,cetes_28d,4.4200,4.42
2020-09-08,banxico,cetes_28d,4.4100,4.41
2020-09-14,banxico,cetes_28d,4.4500,4.45
2020-09-22,banxico,cetes_28d,4.2500,4.25
2020-09-29,banxico,cetes_28d,4.1800,4.18
2020-10-06,banxico,cetes_28d,4.2600,4.26
2020-10-13,banxico,cetes_28d,4.2200,4.22
2020-10-20,banxico,cetes_28d,4.1400,4.14
2020-10-27,banxico,cetes_28d,4.2200,4.22
2020-11-03,banxico,cetes_28d,4.2500,4.25
2020-11-10,banxico,cetes_28d,4.1400,4.14
2020-11-17,banxico,cetes_28d,4.2400,4.24
2020-11-24,banxico,cetes_28d,4.2800,4.28
2020-12-01,banxico,cetes_28d,4.3500,4.35
2020-12-08,banxico,cetes_28d,4.2600,4.26
2020-12-15,banxico,cetes_28d,4.2300,4.23
2020-12-22,banxico,cetes_28d,4.2700,4.27
2020-12-29,banxico,cetes_28d,4.2400,4.24
2021-01-05,banxico,cetes_28d,4.2800,4.28
2021-01-12,banxico,cetes_28d,4.1900,4.19
2021-01-19,banxico,cetes_28d,4.1900,4.19
2021-01-26,banxico,cetes_28d,4.2200,4.22
2021-02-02,banxico,cetes_28d,4.2400,4.24
2021-02-09,banxico,cetes_28d,4.1900,4.19
2021-02-16,banxico,cetes_28d,4.0100,4.01
2021-02-23,banxico,cetes_28d,4.0200,4.02
2021-03-02,banxico,cetes_28d,4.0600,4.06
2021-03-09,banxico,cetes_28d,4.0500,4.05
2021-03-16,banxico,cetes_28d,4.0500,4.05
2021-03-23,banxico,cetes_28d,4.0300,4.03
2021-03-29,banxico,cetes_28d,4.0800,4.08
2021-04-06,banxico,cetes_28d,4.0700,4.07
2021-04-13,banxico,cetes_28d,4.0700,4.07
2021-04-20,banxico,cetes_28d,4.0600,4.06
2021-04-27,banxico,cetes_28d,4.0600,4.06
2021-05-04,banxico,cetes_28d,4.0700,4.07
2021-05-11,banxico,cetes_28d,4.0600,4.06
2021-05-18,banxico,cetes_28d,4.0500,4.05
2021-05-25,banxico,cetes_28d,4.0700,4.07
2021-06-01,banxico,cetes_28d,4.0200,4.02
2021-06-08,banxico,cetes_28d,4.0400,4.04
2021-06-15,banxico,cetes_28d,4.0000,4.0
2021-06-22,banxico,cetes_28d,4.0300,4.03
2021-06-29,banxico,cetes_28d,4.3000,4.3
2021-07-06,banxico,cetes_28d,4.3000,4.3
2021-07-13,banxico,cetes_28d,4.3000,4.3
2021-07-20,banxico,cetes_28d,4.3300,4.33
2021-07-27,banxico,cetes_28d,4.3500,4.35
2021-08-03,banxico,cetes_28d,4.3300,4.33
2021-08-10,banxico,cetes_28d,4.5000,4.5
2021-08-17,banxico,cetes_28d,4.5000,4.5
2021-08-24,banxico,cetes_28d,4.4900,4.49
2021-08-31,banxico,cetes_28d,4.3900,4.39
2021-09-07,banxico,cetes_28d,4.4900,4.49
2021-09-13,banxico,cetes_28d,4.6000,4.6
2021-09-21,banxico,cetes_28d,4.5800,4.58
2021-09-28,banxico,cetes_28d,4.6900,4.69
2021-10-05,banxico,cetes_28d,4.8100,4.81
2021-10-12,banxico,cetes_28d,4.7900,4.79
2021-10-19,banxico,cetes_28d,4.8300,4.83
2021-10-26,banxico,cetes_28d,4.9300,4.93
2021-11-01,banxico,cetes_28d,5.0000,5.0
2021-11-09,banxico,cetes_28d,5.1400,5.14
2021-11-16,banxico,cetes_28d,5.0000,5.0
2021-11-23,banxico,cetes_28d,5.0500,5.05
2021-11-30,banxico,cetes_28d,5.1000,5.1
2021-12-07,banxico,cetes_28d,5.2000,5.2
2021-12-14,banxico,cetes_28d,5.2000,5.2
2021-12-21,banxico,cetes_28d,5.4500,5.45
2021-12-28,banxico,cetes_28d,5.4900,5.49
2022-01-04,banxico,cetes_28d,5.5100,5.51
2022-01-11,banxico,cetes_28d,5.5200,5.52
2022-01-18,banxico,cetes_28d,5.5700,5.57
2022-01-25,banxico,cetes_28d,5.5000,5.5
2022-02-01,banxico,cetes_28d,5.8400,5.84
2022-02-08,banxico,cetes_28d,5.7500,5.75
2022-02-15,banxico,cetes_28d,5.9500,5.95
2022-02-22,banxico,cetes_28d,5.9400,5.94
2022-03-01,banxico,cetes_28d,6.0600,6.06
2022-03-08,banxico,cetes_28d,6.1500,6.15
2022-03-15,banxico,cetes_28d,6.3300,6.33
2022-03-22,banxico,cetes_28d,6.4900,6.49
2022-03-29,banxico,cetes_28d,6.5200,6.52
2022-04-05,banxico,cetes_28d,6.5200,6.52
2022-04-11,banxico,cetes_28d,6.5200,6.52
2022-04-19,banxico,cetes_28d,6.5000,6.5
2022-04-26,banxico,cetes_28d,6.6800,6.68
2022-05-03,banxico,cetes_28d,6.8500,6.85
2022-05-10,banxico,cetes_28d,6.9700,6.97
2022-05-17,banxico,cetes_28d,6.9300,6.93
2022-05-24,banxico,cetes_28d,6.9000,6.9
2022-05-31,banxico,cetes_28d,7.0100,7.01
2022-06-07,banxico,cetes_28d,7.3200,7.32
2022-06-14,banxico,cetes_28d,7.1500,7.15
2022-06-21,banxico,cetes_28d,7.5000,7.5
2022-06-28,banxico,cetes_28d,7.5600,7.56
2022-07-05,banxico,cetes_28d,7.7000,7.7
2022-07-12,banxico,cetes_28d,7.5500,7.55
2022-07-19,banxico,cetes_28d,7.7400,7.74
2022-07-26,banxico,cetes_28d,8.0500,8.05
2022-08-02,banxico,cetes_28d,8.0100,8.01
2022-08-09,banxico,cetes_28d,8.3000,8.3
2022-08-16,banxico,cetes_28d,8.3500,8.35
2022-08-23,banxico,cetes_28d,8.3500,8.35
2022-08-30,banxico,cetes_28d,8.3500,8.35
2022-09-06,banxico,cetes_28d,8.5500,8.55
2022-09-13,banxico,cetes_28d,8.7500,8.75
2022-09-20,banxico,cetes_28d,8.6100,8.61
2022-09-27,banxico,cetes_28d,9.2500,9.25
2022-10-04,banxico,cetes_28d,9.0000,9.0
2022-10-11,banxico,cetes_28d,8.9000,8.9
2022-10-18,banxico,cetes_28d,8.8000,8.8
2022-10-25,banxico,cetes_28d,9.0000,9.0
2022-10-31,banxico,cetes_28d,9.4000,9.4
2022-11-08,banxico,cetes_28d,9.1900,9.19
2022-11-15,banxico,cetes_28d,9.3700,9.37
2022-11-22,banxico,cetes_28d,9.7000,9.7
2022-11-29,banxico,cetes_28d,9.6800,9.68
2022-12-06,banxico,cetes_28d,10.0000,10.0
2022-12-13,banxico,cetes_28d,9.8000,9.8
2022-12-20,banxico,cetes_28d,10.2000,10.2
2022-12-27,banxico,cetes_28d,10.1000,10.1
2023-01-03,banxico,cetes_28d,10.4900,10.49
2023-01-10,banxico,cetes_28d,10.4600,10.46
2023-01-17,banxico,cetes_28d,10.7000,10.7
2023-01-24,banxico,cetes_28d,10.8000,10.8
2023-01-31,banxico,cetes_28d,10.7800,10.78
2023-02-07,banxico,cetes_28d,10.8200,10.82
2023-02-14,banxico,cetes_28d,11.0500,11.05
2023-02-21,banxico,cetes_28d,11.0400,11.04
2023-02-28,banxico,cetes_28d,11.0500,11.05
2023-03-07,banxico,cetes_28d,11.1900,11.19
2023-03-14,banxico,cetes_28d,11.3000,11.3
2023-03-21,banxico,cetes_28d,11.2800,11.28
2023-03-28,banxico,cetes_28d,11.3400,11.34
2023-04-03,banxico,cetes_28d,11.2800,11.28
2023-04-11,banxico,cetes_28d,11.3000,11.3
2023-04-18,banxico,cetes_28d,11.3000,11.3
2023-04-25,banxico,cetes_28d,11.2700,11.27
2023-05-02,banxico,cetes_28d,11.4000,11.4
2023-05-09,banxico,cetes_28d,11.3900,11.39
2023-05-16,banxico,cetes_28d,11.2500,11.25
2023-05-23,banxico,cetes_28d,11.2500,11.25
2023-05-30,banxico,cetes_28d,11.2000,11.2
2023-06-06,banxico,cetes_28d,11.3200,11.32
2023-06-13,banxico,cetes_28d,11.1500,11.15
2023-06-20,banxico,cetes_28d,11.0900,11.09
2023-06-27,banxico,cetes_28d,11.0200,11.02
2023-07-04,banxico,cetes_28d,11.3000,11.3
2023-07-11,banxico,cetes_28d,11.2900,11.29
2023-07-18,banxico,cetes_28d,11.1800,11.18
2023-07-25,banxico,cetes_28d,11.0900,11.09
2023-08-01,banxico,cetes_28d,11.2800,11.28
2023-08-08,banxico,cetes_28d,11.2500,11.25
2023-08-15,banxico,cetes_28d,11.2600,11.26
2023-08-22,banxico,cetes_28d,10.9600,10.96
2023-08-29,banxico,cetes_28d,11.0700,11.07
2023-09-05,banxico,cetes_28d,11.0000,11.0
2023-09-12,banxico,cetes_28d,11.2500,11.25
2023-09-19,banxico,cetes_28d,11.0000,11.0
2023-09-26,banxico,cetes_28d,11.0500,11.05
2023-10-03,banxico,cetes_28d,11.0500,11.05
2023-10-10,banxico,cetes_28d,11.0500,11.05
2023-10-17,banxico,cetes_28d,10.9500,10.95
2023-10-24,banxico,cetes_28d,11.2600,11.26
2023-10-30,banxico,cetes_28d,11.0900,11.09
2023-11-07,banxico,cetes_28d,10.9500,10.95
2023-11-14,banxico,cetes_28d,10.8700,10.87
2023-11-21,banxico,cetes_28d,10.7500,10.75
2023-11-28,banxico,cetes_28d,10.7800,10.78
2023-12-05,banxico,cetes_28d,11.2500,11.25
2023-12-11,banxico,cetes_28d,11.2500,11.25
2023-12-19,banxico,cetes_28d,11.0900,11.09
2023-12-26,banxico,cetes_28d,11.2600,11.26
2024-01-02,banxico,cetes_28d,11.3000,11.3
2024-01-09,banxico,cetes_28d,11.2800,11.28
2024-01-16,banxico,cetes_28d,11.3000,11.3
2024-01-23,banxico,cetes_28d,11.2800,11.28
2024-01-30,banxico,cetes_28d,11.1500,11.15
2024-02-06,banxico,cetes_28d,11.0600,11.06
2024-02-13,banxico,cetes_28d,11.0500,11.05
2024-02-20,banxico,cetes_28d,11.0000,11.0
2024-02-27,banxico,cetes_28d,11.0000,11.0
2024-03-05,banxico,cetes_28d,11.0000,11.0
2024-03-12,banxico,cetes_28d,11.1800,11.18
2024-03-19,banxico,cetes_28d,10.9900,10.99
2024-03-25,banxico,cetes_28d,10.9000,10.9
2024-04-02,banxico,cetes_28d,10.8800,10.88
2024-04-09,banxico,cetes_28d,10.9200,10.92
2024-04-16,banxico,cetes_28d,11.0400,11.04
2024-04-23,banxico,cetes_28d,11.0400,11.04
2024-04-29,banxico,cetes_28d,10.9500,10.95
2024-05-07,banxico,cetes_28d,11.0300,11.03
2024-05-14,banxico,cetes_28d,10.9500,10.95
2024-05-21,banxico,cetes_28d,11.0000,11.0
2024-05-28,banxico,cetes_28d,11.0300,11.03
2024-06-04,banxico,cetes_28d,11.0400,11.04
2024-06-11,banxico,cetes_28d,11.0000,11.0
2024-06-18,banxico,cetes_28d,10.9500,10.95
2024-06-25,banxico,cetes_28d,10.8800,10.88
2024-07-02,banxico,cetes_28d,11.0200,11.02
2024-07-09,banxico,cetes_28d,10.9000,10.9
2024-07-16,banxico,cetes_28d,10.8900,10.89
2024-07-23,banxico,cetes_28d,10.8700,10.87
2024-07-30,banxico,cetes_28d,10.9700,10.97
2024-08-06,banxico,cetes_28d,10.8600,10.86
2024-08-13,banxico,cetes_28d,10.6500,10.65
2024-08-20,banxico,cetes_28d,10.6500,10.65
2024-08-27,banxico,cetes_28d,10.6500,10.65
2024-09-03,banxico,cetes_28d,10.5100,10.51
2024-09-10,banxico,cetes_28d,10.4900,10.49
2024-09-17,banxico,cetes_28d,10.4000,10.4
2024-09-24,banxico,cetes_28d,10.3500,10.35
2024-09-30,banxico,cetes_28d,10.3000,10.3
2024-10-08,banxico,cetes_28d,10.3000,10.3
2024-10-15,banxico,cetes_28d,10.2100,10.21
2024-10-22,banxico,cetes_28d,10.2000,10.2
2024-10-29,banxico,cetes_28d,10.2000,10.2
2024-11-05,banxico,cetes_28d,10.1000,10.1
2024-11-12,banxico,cetes_28d,10.1000,10.1
2024-11-19,banxico,cetes_28d,10.0500,10.05
2024-11-26,banxico,cetes_28d,9.9500,9.95
2024-12-03,banxico,cetes_28d,9.9000,9.9
2024-12-09,banxico,cetes_28d,9.9500,9.95
2024-12-17,banxico,cetes_28d,9.8000,9.8
2024-12-23,banxico,cetes_28d,9.7400,9.74
2024-12-30,banxico,cetes_28d,10.0400,10.04
2025-01-07,banxico,cetes_28d,9.8800,9.88
2025-01-14,banxico,cetes_28d,9.7800,9.78
2025-01-21,banxico,cetes_28d,9.7500,9.75
2025-01-28,banxico,cetes_28d,9.8700,9.87
2025-02-04,banxico,cetes_28d,9.6500,9.65
2025-02-11,banxico,cetes_28d,9.3500,9.35
2025-02-18,banxico,cetes_28d,9.3700,9.37
2025-02-25,banxico,cetes_28d,9.4400,9.44
2025-03-04,banxico,cetes_28d,9.1500,9.15
2025-03-11,banxico,cetes_28d,9.1400,9.14
2025-03-18,banxico,cetes_28d,9.1000,9.1
2025-03-25,banxico,cetes_28d,9.0200,9.02
2025-04-01,banxico,cetes_28d,8.8000,8.8
2025-04-08,banxico,cetes_28d,8.8000,8.8
2025-04-14,banxico,cetes_28d,9.0000,9.0
2025-04-22,banxico,cetes_28d,8.8000,8.8
2025-04-28,banxico,cetes_28d,8.6500,8.65
2025-05-06,banxico,cetes_28d,8.5500,8.55
2025-05-13,banxico,cetes_28d,8.4000,8.4
2025-05-20,banxico,cetes_28d,8.1500,8.15
2025-05-27,banxico,cetes_28d,8.1200,8.12
2025-06-03,banxico,cetes_28d,8.1000,8.1
2025-06-10,banxico,cetes_28d,8.1000,8.1
2025-06-17,banxico,cetes_28d,8.1400,8.14
2025-06-24,banxico,cetes_28d,8.0000,8.0
2025-07-01,banxico,cetes_28d,7.7000,7.7
2025-07-08,banxico,cetes_28d,7.8500,7.85
2025-07-15,banxico,cetes_28d,7.6500,7.65
2025-07-22,banxico,cetes_28d,7.6500,7.65
2025-07-29,banxico,cetes_28d,7.4800,7.48
2025-08-05,banxico,cetes_28d,7.5000,7.5
2025-08-12,banxico,cetes_28d,7.3800,7.38
2025-08-19,banxico,cetes_28d,7.4000,7.4
2025-08-26,banxico,cetes_28d,7.2700,7.27
2025-09-02,banxico,cetes_28d,7.3500,7.35
2025-09-09,banxico,cetes_28d,7.3500,7.35
2025-09-15,banxico,cetes_28d,7.2500,7.25
2025-09-23,banxico,cetes_28d,7.2000,7.2
2025-09-30,banxico,cetes_28d,7.1900,7.19
2025-10-07,banxico,cetes_28d,7.4700,7.47
2025-10-14,banxico,cetes_28d,7.4000,7.4
2025-10-21,banxico,cetes_28d,7.1000,7.1
2025-10-28,banxico,cetes_28d,7.1000,7.1
2025-11-04,banxico,cetes_28d,7.3000,7.3
2025-11-11,banxico,cetes_28d,7.0500,7.05
2025-11-18,banxico,cetes_28d,7.2500,7.25
2025-11-25,banxico,cetes_28d,7.1500,7.15
2025-12-02,banxico,cetes_28d,7.2900,7.29
2025-12-09,banxico,cetes_28d,7.2500,7.25
2025-12-16,banxico,cetes_28d,7.1500,7.15
2025-12-22,banxico,cetes_28d,7.0400,7.04
2025-12-29,banxico,cetes_28d,7.0700,7.07
2026-01-06,banxico,cetes_28d,7.0700,7.07
2026-01-13,banxico,cetes_28d,6.9900,6.99
2026-01-20,banxico,cetes_28d,7.0000,7.0
2026-01-27,banxico,cetes_28d,6.9500,6.95
2026-02-03,banxico,cetes_28d,6.9000,6.9
2026-02-10,banxico,cetes_28d,6.8800,6.88
2026-02-17,banxico,cetes_28d,6.8400,6.84
2026-02-24,banxico,cetes_28d,6.8300,6.83
2026-03-03,banxico,cetes_28d,6.8100,6.81
2026-03-10,banxico,cetes_28d,6.8100,6.81
2026-03-17,banxico,cetes_28d,6.8100,6.81
2026-03-24,banxico,cetes_28d,6.8100,6.81
2026-03-30,banxico,cetes_28d,6.6400,6.64
2026-04-07,banxico,cetes_28d,6.6000,6.6
2026-04-14,banxico,cetes_28d,6.6000,6.6
2026-04-21,banxico,cetes_28d,6.5500,6.55
2026-04-28,banxico,cetes_28d,6.5000,6.5
2026-05-05,banxico,cetes_28d,6.4900,6.49
2026-05-12,banxico,cetes_28d,6.5400,6.54
2026-05-19,banxico,cetes_28d,6.4500,6.45
2026-05-26,banxico,cetes_28d,6.3800,6.38
2026-06-02,banxico,cetes_28d,6.3600,6.36
2026-06-09,banxico,cetes_28d,6.2500,6.25
2026-06-16,banxico,cetes_28d,6.2800,6.28
2026-06-23,banxico,cetes_28d,6.2800,6.28
2026-06-30,banxico,cetes_28d,6.3000,6.3
2026-07-07,banxico,cetes_28d,6.2900,6.29
2026-07-14,banxico,cetes_28d,6.2000,6.2
2026-07-21,banxico,cetes_28d,6.1800,6.18
2026-07-28,banxico,cetes_28d,6.2000,6.2
2026-08-04,banxico,cetes_28d,6.1700,6.17
2026-08-11,banxico,cetes_28d,6.4000,6.4
2026-08-18,banxico,cetes_28d,6.1500,6.15
2026-08-25,banxico,cetes_28d,6.1300,6.13
2026-09-01,banxico,cetes_28d,6.4900,6.49
2026-09-08,banxico,cetes_28d,6.2500,6.25
1969-01-01,inegi,cpi,0.01159484238536000000,0.01159484238536
1969-02-01,inegi,cpi,0.01163645774160100000,0.011636457741601
1969-03-01,inegi,cpi,0.01164794302091500000,0.011647943020915
1969-04-01,inegi,cpi,0.01167951329106300000,0.011679513291063
1969-05-01,inegi,cpi,0.01167951329106300000,0.011679513291063
1969-06-01,inegi,cpi,0.01172113382865600000,0.011721133828656
1969-07-01,inegi,cpi,0.01176562438998700000,0.011765624389987
1969-08-01,inegi,cpi,0.01177854468117100000,0.011778544681171
1969-09-01,inegi,cpi,0.01188905098939200000,0.011889050989392
1969-10-01,inegi,cpi,0.01201391260141800000,0.012013912601418
1969-11-01,inegi,cpi,0.01201534761328800000,0.012015347613288
1969-12-01,inegi,cpi,0.01210576374932400000,0.012105763749324
1970-01-01,inegi,cpi,0.01219761489722900000,0.012197614897229
1970-02-01,inegi,cpi,0.01219617988536000000,0.01219617988536
1970-03-01,inegi,cpi,0.01223206037322000000,0.01223206037322
1970-04-01,inegi,cpi,0.01224784550829400000,0.012247845508294
1970-05-01,inegi,cpi,0.01227368091006100000,0.012273680910061
1970-06-01,inegi,cpi,0.01234831191102200000,0.012348311911022
1970-07-01,inegi,cpi,0.01240858760818000000,0.01240858760818
1970-08-01,inegi,cpi,0.01246599328084600000,0.012465993280846
1970-09-01,inegi,cpi,0.01249613371972500000,0.012496133719725
1970-10-01,inegi,cpi,0.01250043875608500000,0.012500438756085
1970-11-01,inegi,cpi,0.01256789469544400000,0.012567894695444
1970-12-01,inegi,cpi,0.01267409596655400000,0.012674095966554
1971-01-01,inegi,cpi,0.01279895757858000000,0.01279895757858
1971-02-01,inegi,cpi,0.01285205821413500000,0.012852058214135
1971-03-01,inegi,cpi,0.01290085381257900000,0.012900853812579
1971-04-01,inegi,cpi,0.01296687473931700000,0.012966874739317
1971-05-01,inegi,cpi,0.01299414515370500000,0.012994145153705
1971-06-01,inegi,cpi,0.01305298583824100000,0.013052985838241
1971-07-01,inegi,cpi,0.01304294075214900000,0.013042940752149
1971-08-01,inegi,cpi,0.01316205713384200000,0.013162057133842
1971-09-01,inegi,cpi,0.01320511268330400000,0.013205112683304
1971-10-01,inegi,cpi,0.01321803297448800000,0.013218032974488
1971-11-01,inegi,cpi,0.01323955815929400000,0.013239558159294
1971-12-01,inegi,cpi,0.01330270906154200000,0.013302709061542
1972-01-01,inegi,cpi,0.01336154974607800000,0.013361549746078
1972-02-01,inegi,cpi,0.01340317028367100000,0.013403170283671
1972-03-01,inegi,cpi,0.01347636627201200000,0.013476366272012
1972-04-01,inegi,cpi,0.01356104235831500000,0.013561042358315
1972-05-01,inegi,cpi,0.01358830759210300000,0.013588307592103
1972-06-01,inegi,cpi,0.01368876881423200000,0.013688768814232
1972-07-01,inegi,cpi,0.01374043961776500000,0.013740439617765
1972-08-01,inegi,cpi,0.01383085575380100000,0.013830855753801
1972-09-01,inegi,cpi,0.01389400147544900000,0.013894001475449
1972-10-01,inegi,cpi,0.01390404656154200000,0.013904046561542
1972-11-01,inegi,cpi,0.01399446269757800000,0.013994462697578
1972-12-01,inegi,cpi,0.01404182846475100000,0.014041828464751
1973-01-01,inegi,cpi,0.01424562093350000000,0.0142456209335
1973-02-01,inegi,cpi,0.01436330748317200000,0.014363307483172
1973-03-01,inegi,cpi,0.01448960410706800000,0.014489604107068
1973-04-01,inegi,cpi,0.01471923197758300000,0.014719231977583
1973-05-01,inegi,cpi,0.01487566904035700000,0.014875669040357
1973-06-01,inegi,cpi,0.01499765544654100000,0.014997655446541
1973-07-01,inegi,cpi,0.01538228536796100000,0.015382285367961
1973-08-01,inegi,cpi,0.01562913856677100000,0.015629138566771
1973-09-01,inegi,cpi,0.01600084819625600000,0.016000848196256
1973-10-01,inegi,cpi,0.01620608085747300000,0.016206080857473
1973-11-01,inegi,cpi,0.01640557346971000000,0.01640557346971
1973-12-01,inegi,cpi,0.01704279145757000000,0.01704279145757
1974-01-01,inegi,cpi,0.01765274421239300000,0.017652744212393
1974-02-01,inegi,cpi,0.01805172425626500000,0.018051724256265
1974-03-01,inegi,cpi,0.01819094117134400000,0.018190941171344
1974-04-01,inegi,cpi,0.01843778918955500000,0.018437789189555
1974-05-01,inegi,cpi,0.01858274615361500000,0.018582746153615
1974-06-01,inegi,cpi,0.01876644845017700000,0.018766448450177
1974-07-01,inegi,cpi,0.01903769685828500000,0.019037696858285
1974-08-01,inegi,cpi,0.01923862448239100000,0.019238624482391
1974-09-01,inegi,cpi,0.01945677225494300000,0.019456772254943
1974-10-01,inegi,cpi,0.01984283200763300000,0.019842832007633
1974-11-01,inegi,cpi,0.02039394407716800000,0.020393944077168
1974-12-01,inegi,cpi,0.02055325116443300000,0.020553251164433
1975-01-01,inegi,cpi,0.02081588949831700000,0.020815889498317
1975-02-01,inegi,cpi,0.02093070084289900000,0.020930700842899
1975-03-01,inegi,cpi,0.02106273751652700000,0.021062737516527
1975-04-01,inegi,cpi,0.02124069976335700000,0.021240699763357
1975-05-01,inegi,cpi,0.02152486846264800000,0.021524868462648
1975-06-01,inegi,cpi,0.02189083804315200000,0.021890838043152
1975-07-01,inegi,cpi,0.02206593026549100000,0.022065930265491
1975-08-01,inegi,cpi,0.02225681280425500000,0.022256812804255
1975-09-01,inegi,cpi,0.02241898473541100000,0.022418984735411
1975-10-01,inegi,cpi,0.02253380126059300000,0.022533801260593
1975-11-01,inegi,cpi,0.02269167333598800000,0.022691673335988
1975-12-01,inegi,cpi,0.02287681064442000000,0.02287681064442
1976-01-01,inegi,cpi,0.02331884623775500000,0.023318846237755
1976-02-01,inegi,cpi,0.02375514178210800000,0.023755141782108
1976-03-01,inegi,cpi,0.02398763967711400000,0.023987639677114
1976-04-01,inegi,cpi,0.02415555683860200000,0.024155556838602
1976-05-01,inegi,cpi,0.02432490901196000000,0.02432490901196
1976-06-01,inegi,cpi,0.02442250020884700000,0.024422500208847
1976-07-01,inegi,cpi,0.02462916788268500000,0.024629167882685
1976-08-01,inegi,cpi,0.02486453580293300000,0.024864535802933
1976-09-01,inegi,cpi,0.02571273168159100000,0.025712731681591
1976-10-01,inegi,cpi,0.02716083004913200000,0.027160830049132
1976-11-01,inegi,cpi,0.02838791061962900000,0.028387910619629
1976-12-01,inegi,cpi,0.02909975960845000000,0.02909975960845
1977-01-01,inegi,cpi,0.03002689152518200000,0.030026891525182
1977-02-01,inegi,cpi,0.03068994491556000000,0.03068994491556
1977-03-01,inegi,cpi,0.03122526666942100000,0.031225266669421
1977-04-01,inegi,cpi,0.03169744270163500000,0.031697442701635
1977-05-01,inegi,cpi,0.03197586617059300000,0.031975866170593
1977-06-01,inegi,cpi,0.03236767115286400000,0.032367671152864
1977-07-01,inegi,cpi,0.03273364591396700000,0.032733645913967
1977-08-01,inegi,cpi,0.03340530937781700000,0.033405309377817
1977-09-01,inegi,cpi,0.03399804198494500000,0.033998041984945
1977-10-01,inegi,cpi,0.03425781029433900000,0.034257810294339
1977-11-01,inegi,cpi,0.03463238994831400000,0.034632389948314
1977-12-01,inegi,cpi,0.03511174104213000000,0.03511174104213
1978-01-01,inegi,cpi,0.03589248098293200000,0.035892480982932
1978-02-01,inegi,cpi,0.03640771256460700000,0.036407712564607
1978-03-01,inegi,cpi,0.03678659725569400000,0.036786597255694
1978-04-01,inegi,cpi,0.03719562756626000000,0.03719562756626
1978-05-01,inegi,cpi,0.03756016213414300000,0.037560162134143
1978-06-01,inegi,cpi,0.03807682872843900000,0.038076828728439
1978-07-01,inegi,cpi,0.03872266197112200000,0.038722661971122
1978-08-01,inegi,cpi,0.03910872690366000000,0.03910872690366
1978-09-01,inegi,cpi,0.03955506753410700000,0.039555067534107
1978-10-01,inegi,cpi,0.04003441862792200000,0.040034418627922
1978-11-01,inegi,cpi,0.04044631378237900000,0.040446313782379
1978-12-01,inegi,cpi,0.04078932316620600000,0.040789323166206
1979-01-01,inegi,cpi,0.04223742153374600000,0.042237421533746
1979-02-01,inegi,cpi,0.04284450426332700000,0.042844504263327
1979-03-01,inegi,cpi,0.04342575159114100000,0.043425751591141
1979-04-01,inegi,cpi,0.04381468654967200000,0.043814686549672
1979-05-01,inegi,cpi,0.04438876399648400000,0.044388763996484
1979-06-01,inegi,cpi,0.04488103020088300000,0.044881030200883
1979-07-01,inegi,cpi,0.04542496202821700000,0.045424962028217
1979-08-01,inegi,cpi,0.04611241580849200000,0.046112415808492
1979-09-01,inegi,cpi,0.04667787800123200000,0.046677878001232
1979-10-01,inegi,cpi,0.04749306341652100000,0.047493063416521
1979-11-01,inegi,cpi,0.04810445118396500000,0.048104451183965
1979-12-01,inegi,cpi,0.04895551190726600000,0.048955511907266
1980-01-01,inegi,cpi,0.05134222228950100000,0.051342222289501
1980-02-01,inegi,cpi,0.05252911733502600000,0.052529117335026
1980-03-01,inegi,cpi,0.05360981110944200000,0.053609811109442
1980-04-01,inegi,cpi,0.05454698293166700000,0.054546982931667
1980-05-01,inegi,cpi,0.05543679934866900000,0.055436799348669
1980-06-01,inegi,cpi,0.05653614828264900000,0.056536148282649
1980-07-01,inegi,cpi,0.05811484831119700000,0.058114848311197
1980-08-01,inegi,cpi,0.05931896350441700000,0.059318963504417
1980-09-01,inegi,cpi,0.05997771703753200000,0.059977717037532
1980-10-01,inegi,cpi,0.06088618343350000000,0.0608861834335
1980-11-01,inegi,cpi,0.06194248199936900000,0.061942481999369
1980-12-01,inegi,cpi,0.06356710760111800000,0.063567107601118
1981-01-01,inegi,cpi,0.06561511363663700000,0.065615113636637
1981-02-01,inegi,cpi,0.06722682412855300000,0.067226824128553
1981-03-01,inegi,cpi,0.06866487222865000000,0.06866487222865
1981-04-01,inegi,cpi,0.07021343699891800000,0.070213436998918
1981-05-01,inegi,cpi,0.07127547043241800000,0.071275470432418
1981-06-01,inegi,cpi,0.07227148812053000000,0.07227148812053
1981-07-01,inegi,cpi,0.07354449426498000000,0.07354449426498
1981-08-01,inegi,cpi,0.07506004857112800000,0.075060048571128
1981-09-01,inegi,cpi,0.07645648131498300000,0.076456481314983
1981-10-01,inegi,cpi,0.07815286789320300000,0.078152867893203
1981-11-01,inegi,cpi,0.07965693692078900000,0.079656936920789
1981-12-01,inegi,cpi,0.08180109914132500000,0.081801099141325
1982-01-01,inegi,cpi,0.08586553576161400000,0.085865535761614
1982-02-01,inegi,cpi,0.08923965375848900000,0.089239653758489
1982-03-01,inegi,cpi,0.09249895004883100000,0.092498950048831
1982-04-01,inegi,cpi,0.09751204376990800000,0.097512043769908
1982-05-01,inegi,cpi,0.10299300848683800000,0.102993008486838
1982-06-01,inegi,cpi,0.10795443140438100000,0.107954431404381
1982-07-01,inegi,cpi,0.11351720218387500000,0.113517202183875
1982-08-01,inegi,cpi,0.12625587888394700000,0.126255878883947
1982-09-01,inegi,cpi,0.13299549962287400000,0.132995499622874
1982-10-01,inegi,cpi,0.13989011723135400000,0.139890117231354
1982-11-01,inegi,cpi,0.14696269708666400000,0.146962697086664
1982-12-01,inegi,cpi,0.16265641638695200000,0.162656416386952
1983-01-01,inegi,cpi,0.18035508617404900000,0.180355086174049
1983-02-01,inegi,cpi,0.19003395919601500000,0.190033959196015
1983-03-01,inegi,cpi,0.19923204611229600000,0.199232046112296
1983-04-01,inegi,cpi,0.21184586120184500000,0.211845861201845
1983-05-01,inegi,cpi,0.22103390303203300000,0.221033903032033
1983-06-01,inegi,cpi,0.22940388942169000000,0.22940388942169
1983-07-01,inegi,cpi,0.24074613337865900000,0.240746133378659
1983-08-01,inegi,cpi,0.25009060709102100000,0.250090607091021
1983-09-01,inegi,cpi,0.25778749500495800000,0.257787495004958
1983-10-01,inegi,cpi,0.26634117851057800000,0.266341178510578
1983-11-01,inegi,cpi,0.28198323736778100000,0.281983237367781
1983-12-01,inegi,cpi,0.29404738058026300000,0.294047380580263
1984-01-01,inegi,cpi,0.31272771793151600000,0.312727717931516
1984-02-01,inegi,cpi,0.32923231761073400000,0.329232317610734
1984-03-01,inegi,cpi,0.34330428133376400000,0.343304281333764
1984-04-01,inegi,cpi,0.35815554998422400000,0.358155549984224
1984-05-01,inegi,cpi,0.37003168586303300000,0.370031685863033
1984-06-01,inegi,cpi,0.38342337604799000000,0.38342337604799
1984-07-01,inegi,cpi,0.39599270575605500000,0.395992705756055
1984-08-01,inegi,cpi,0.40724883861334800000,0.407248838613348
1984-09-01,inegi,cpi,0.41938043776519000000,0.41938043776519
1984-10-01,inegi,cpi,0.43403365399663400000,0.434033653996634
1984-11-01,inegi,cpi,0.44892941320917700000,0.448929413209177
1984-12-01,inegi,cpi,0.46799581549372000000,0.46799581549372
1985-01-01,inegi,cpi,0.50271144651646700000,0.502711446516467
1985-02-01,inegi,cpi,0.52359622178541400000,0.523596221785414
1985-03-01,inegi,cpi,0.54388539960334200000,0.543885399603342
1985-04-01,inegi,cpi,0.56062106216569500000,0.560621062165695
1985-05-01,inegi,cpi,0.57390224086258200000,0.573902240862582
1985-06-01,inegi,cpi,0.58827559343184700000,0.588275593431847
1985-07-01,inegi,cpi,0.60876282366954100000,0.608762823669541
1985-08-01,inegi,cpi,0.63537685186609800000,0.635376851866098
1985-09-01,inegi,cpi,0.66075231421359500000,0.660752314213595
1985-10-01,inegi,cpi,0.68585222311662400000,0.685852223116624
1985-11-01,inegi,cpi,0.71749512498948300000,0.717495124989483
1985-12-01,inegi,cpi,0.76634013058852700000,0.766340130588527
1986-01-01,inegi,cpi,0.83409223138484900000,0.834092231384849
1986-02-01,inegi,cpi,0.87117447743779700000,0.871174477437797
1986-03-01,inegi,cpi,0.91166671679412800000,0.911666716794128
1986-04-01,inegi,cpi,0.95926311145802000000,0.95926311145802
1986-05-01,inegi,cpi,1.01257009870861000000,1.01257009870861
1986-06-01,inegi,cpi,1.07756664433635000000,1.07756664433635
1986-07-01,inegi,cpi,1.13133289250856000000,1.13133289250856
1986-08-01,inegi,cpi,1.22153124327409000000,1.22153124327409
1986-09-01,inegi,cpi,1.29481166937316000000,1.29481166937316
1986-10-01,inegi,cpi,1.36882402945339000000,1.36882402945339
1986-11-01,inegi,cpi,1.46130432434191000000,1.46130432434191
1986-12-01,inegi,cpi,1.57673462586393000000,1.57673462586393
1987-01-01,inegi,cpi,1.70440129279554000000,1.70440129279554
1987-02-01,inegi,cpi,1.82738639011058000000,1.82738639011058
1987-03-01,inegi,cpi,1.94815269938473000000,1.94815269938473
1987-04-01,inegi,cpi,2.11860645972715000000,2.11860645972715
1987-05-01,inegi,cpi,2.27832505884218000000,2.27832505884218
1987-06-01,inegi,cpi,2.44314573280320000000,2.4431457328032
1987-07-01,inegi,cpi,2.64102152651602000000,2.64102152651602
1987-08-01,inegi,cpi,2.85687154864099000000,2.85687154864099
1987-09-01,inegi,cpi,3.04508139480287000000,3.04508139480287
1987-10-01,inegi,cpi,3.29884463353191000000,3.29884463353191
1987-11-01,inegi,cpi,3.56051142266738000000,3.56051142266738
1987-12-01,inegi,cpi,4.08639245860103000000,4.08639245860103
1988-01-01,inegi,cpi,4.71824593565043000000,4.71824593565043
1988-02-01,inegi,cpi,5.11178304007227000000,5.11178304007227
1988-03-01,inegi,cpi,5.37354742558597000000,5.37354742558597
1988-04-01,inegi,cpi,5.53894073680059000000,5.53894073680059
1988-05-01,inegi,cpi,5.64610868821594000000,5.64610868821594
1988-06-01,inegi,cpi,5.76129213653915000000,5.76129213653915
1988-07-01,inegi,cpi,5.85745654316440000000,5.8574565431644
1988-08-01,inegi,cpi,5.91134334273018000000,5.91134334273018
1988-09-01,inegi,cpi,5.94513902207915000000,5.94513902207915
1988-10-01,inegi,cpi,5.99048648308192000000,5.99048648308192
1988-11-01,inegi,cpi,6.07065434654802000000,6.07065434654802
1988-12-01,inegi,cpi,6.19731638571804000000,6.19731638571804
1989-01-01,inegi,cpi,6.34902379296307000000,6.34902379296307
1989-02-01,inegi,cpi,6.43518354250932000000,6.43518354250932
1989-03-01,inegi,cpi,6.50494489882881000000,6.50494489882881
1989-04-01,inegi,cpi,6.60222444470371000000,6.60222444470371
1989-05-01,inegi,cpi,6.69309876915004000000,6.69309876915004
1989-06-01,inegi,cpi,6.77438463671044000000,6.77438463671044
1989-07-01,inegi,cpi,6.84214821760472000000,6.84214821760472
1989-08-01,inegi,cpi,6.90733277574674000000,6.90733277574674
1989-09-01,inegi,cpi,6.97339279500195000000,6.97339279500195
1989-10-01,inegi,cpi,7.07652501522327000000,7.07652501522327
1989-11-01,inegi,cpi,7.17585543715893000000,7.17585543715893
1989-12-01,inegi,cpi,7.41802957873220000000,7.4180295787322
1990-01-01,inegi,cpi,7.77603730172787000000,7.77603730172787
1990-02-01,inegi,cpi,7.95211985377577000000,7.95211985377577
1990-03-01,inegi,cpi,8.09230991966013000000,8.09230991966013
1990-04-01,inegi,cpi,8.21547154939074000000,8.21547154939074
1990-05-01,inegi,cpi,8.35883767567237000000,8.35883767567237
1990-06-01,inegi,cpi,8.54293858947202000000,8.54293858947202
1990-07-01,inegi,cpi,8.69873483372649000000,8.69873483372649
1990-08-01,inegi,cpi,8.84695044160481000000,8.84695044160481
1990-09-01,inegi,cpi,8.97306136870530000000,8.9730613687053
1990-10-01,inegi,cpi,9.10205988764724000000,9.10205988764724
1990-11-01,inegi,cpi,9.34372310267594000000,9.34372310267594
1990-12-01,inegi,cpi,9.63821395386141000000,9.63821395386141
1991-01-01,inegi,cpi,9.88387989480137000000,9.88387989480137
1991-02-01,inegi,cpi,10.05642472190940000000,10.0564247219094
1991-03-01,inegi,cpi,10.19983964378940000000,10.1998396437894
1991-04-01,inegi,cpi,10.30668755119820000000,10.3066875511982
1991-05-01,inegi,cpi,10.40744167111080000000,10.4074416711108
1991-06-01,inegi,cpi,10.51664758347630000000,10.5166475834763
1991-07-01,inegi,cpi,10.60958426926200000000,10.609584269262
1991-08-01,inegi,cpi,10.68342297731160000000,10.6834229773116
1991-09-01,inegi,cpi,10.78985037431190000000,10.7898503743119
1991-10-01,inegi,cpi,10.91534273858400000000,10.915342738584
1991-11-01,inegi,cpi,11.18637409678470000000,11.1863740967847
1991-12-01,inegi,cpi,11.44967986682570000000,11.4496798668257
1992-01-01,inegi,cpi,11.65777846538930000000,11.6577784653893
1992-02-01,inegi,cpi,11.79590043506600000000,11.795900435066
1992-03-01,inegi,cpi,11.91594772029040000000,11.9159477202904
1992-04-01,inegi,cpi,12.02217131964060000000,12.0221713196406
1992-05-01,inegi,cpi,12.10143789177230000000,12.1014378917723
1992-06-01,inegi,cpi,12.18334519218550000000,12.1833451921855
1992-07-01,inegi,cpi,12.26027241452010000000,12.2602724145201
1992-08-01,inegi,cpi,12.33559223140140000000,12.3355922314014
1992-09-01,inegi,cpi,12.44289652452670000000,12.4428965245267
1992-10-01,inegi,cpi,12.53249353779150000000,12.5324935377915
1992-11-01,inegi,cpi,12.63662034068830000000,12.6366203406883
1992-12-01,inegi,cpi,12.81655348144120000000,12.8165534814412
1993-01-01,inegi,cpi,12.97731976386730000000,12.9773197638673
1993-02-01,inegi,cpi,13.08334531079920000000,13.0833453107992
1993-03-01,inegi,cpi,13.15959368942850000000,13.1595936894285
1993-04-01,inegi,cpi,13.23548040351430000000,13.2354804035143
1993-05-01,inegi,cpi,13.31113748972970000000,13.3111374897297
1993-06-01,inegi,cpi,13.38579712324430000000,13.3857971232443
1993-07-01,inegi,cpi,13.45012344042080000000,13.4501234404208
1993-08-01,inegi,cpi,13.52211219485470000000,13.5221121948547
1993-09-01,inegi,cpi,13.62226067223090000000,13.6222606722309
1993-10-01,inegi,cpi,13.67797302502400000000,13.677973025024
1993-11-01,inegi,cpi,13.73830235633830000000,13.7383023563383
1993-12-01,inegi,cpi,13.84305489712570000000,13.8430548971257
1994-01-01,inegi,cpi,13.95037498056670000000,13.9503749805667
1994-02-01,inegi,cpi,14.02212406204400000000,14.022124062044
1994-03-01,inegi,cpi,14.09422476297850000000,14.0942247629785
1994-04-01,inegi,cpi,14.16325130493190000000,14.1632513049319
1994-05-01,inegi,cpi,14.23168224425300000000,14.231682244253
1994-06-01,inegi,cpi,14.30289456896450000000,14.3028945689645
1994-07-01,inegi,cpi,14.36632676986750000000,14.3663267698675
1994-08-01,inegi,cpi,14.43328664544440000000,14.4332866454444
1994-09-01,inegi,cpi,14.53593664454820000000,14.5359366445482
1994-10-01,inegi,cpi,14.61224530405520000000,14.6122453040552
1994-11-01,inegi,cpi,14.69036085644800000000,14.690360856448
1994-12-01,inegi,cpi,14.81920436815910000000,14.8192043681591
1995-01-01,inegi,cpi,15.37699094429950000000,15.3769909442995
1995-02-01,inegi,cpi,16.02870734870940000000,16.0287073487094
1995-03-01,inegi,cpi,16.97361720295010000000,16.9736172029501
1995-04-01,inegi,cpi,18.32613325531130000000,18.3261332553113
1995-05-01,inegi,cpi,19.09209019099180000000,19.0920901909918
1995-06-01,inegi,cpi,19.69802426868500000000,19.698024268685
1995-07-01,inegi,cpi,20.09958835529400000000,20.099588355294
1995-08-01,inegi,cpi,20.43298126571010000000,20.4329812657101
1995-09-01,inegi,cpi,20.85564253013030000000,20.8556425301303
1995-10-01,inegi,cpi,21.28476211661460000000,21.2847621166146
1995-11-01,inegi,cpi,21.80960838434780000000,21.8096083843478
1995-12-01,inegi,cpi,22.52016727119190000000,22.5201672711919
1996-01-01,inegi,cpi,23.32975376129350000000,23.3297537612935
1996-02-01,inegi,cpi,23.87426202876220000000,23.8742620287622
1996-03-01,inegi,cpi,24.39982588035340000000,24.3998258803534
1996-04-01,inegi,cpi,25.09344961720360000000,25.0934496172036
1996-05-01,inegi,cpi,25.55084230296220000000,25.5508423029622
1996-06-01,inegi,cpi,25.96690172854740000000,25.9669017285474
1996-07-01,inegi,cpi,26.33603068806340000000,26.3360306880634
1996-08-01,inegi,cpi,26.68607171493030000000,26.6860717149303
1996-09-01,inegi,cpi,27.11275149039680000000,27.1127514903968
1996-10-01,inegi,cpi,27.45116753962080000000,27.4511675396208
1996-11-01,inegi,cpi,27.86708344843370000000,27.8670834484337
1996-12-01,inegi,cpi,28.75933645370360000000,28.7593364537036
1997-01-01,inegi,cpi,29.49888602885990000000,29.4988860288599
1997-02-01,inegi,cpi,29.99459809150940000000,29.9945980915094
1997-03-01,inegi,cpi,30.36788907366280000000,30.3678890736628
1997-04-01,inegi,cpi,30.69597181172850000000,30.6959718117285
1997-05-01,inegi,cpi,30.97611944560300000000,30.976119445603
1997-06-01,inegi,cpi,31.25095691230770000000,31.2509569123077
1997-07-01,inegi,cpi,31.52321104086110000000,31.5232110408611
1997-08-01,inegi,cpi,31.80350219668780000000,31.8035021966878
1997-09-01,inegi,cpi,32.19961258899420000000,32.1996125889942
1997-10-01,inegi,cpi,32.45694082307760000000,32.4569408230776
1997-11-01,inegi,cpi,32.82004201084430000000,32.8200420108443
1997-12-01,inegi,cpi,33.27987450762140000000,33.2798745076214
1998-01-01,inegi,cpi,34.00392411086000000000,34.00392411086
1998-02-01,inegi,cpi,34.59923784385250000000,34.5992378438525
1998-03-01,inegi,cpi,35.00453339760350000000,35.0045333976035
1998-04-01,inegi,cpi,35.33204206340220000000,35.3320420634022
1998-05-01,inegi,cpi,35.61348136376210000000,35.6134813637621
1998-06-01,inegi,cpi,36.03442041138210000000,36.0344204113821
1998-07-01,inegi,cpi,36.38187811045960000000,36.3818781104596
1998-08-01,inegi,cpi,36.73163210378400000000,36.731632103784
1998-09-01,inegi,cpi,37.32737638709060000000,37.3273763870906
1998-10-01,inegi,cpi,37.86226892725820000000,37.8622689272582
1998-11-01,inegi,cpi,38.53278622559350000000,38.5327862255935
1998-12-01,inegi,cpi,39.47297432469350000000,39.4729743246935
1999-01-01,inegi,cpi,40.46977028054040000000,40.4697702805404
1999-02-01,inegi,cpi,41.01364281236400000000,41.013642812364
1999-03-01,inegi,cpi,41.39468378306690000000,41.3946837830669
1999-04-01,inegi,cpi,41.77457660923660000000,41.7745766092366
1999-05-01,inegi,cpi,42.02587707675040000000,42.0258770767504
1999-06-01,inegi,cpi,42.30200620475910000000,42.3020062047591
1999-07-01,inegi,cpi,42.58157977154800000000,42.581579771548
1999-08-01,inegi,cpi,42.82125525623840000000,42.8212552562384
1999-09-01,inegi,cpi,43.23501839275650000000,43.2350183927565
1999-10-01,inegi,cpi,43.50885122651900000000,43.508851226519
1999-11-01,inegi,cpi,43.89577644701980000000,43.8957764470198
1999-12-01,inegi,cpi,44.33551638856600000000,44.335516388566
2000-01-01,inegi,cpi,44.93083011637790000000,44.9308301163779
2000-02-01,inegi,cpi,45.32938031452160000000,45.3293803145216
2000-03-01,inegi,cpi,45.58068078203540000000,45.5806807820354
2000-04-01,inegi,cpi,45.84001827164190000000,45.8400182716419
2000-05-01,inegi,cpi,46.01137907372890000000,46.0113790737289
2000-06-01,inegi,cpi,46.28392024100610000000,46.2839202410061
2000-07-01,inegi,cpi,46.46446620971810000000,46.4644662097181
2000-08-01,inegi,cpi,46.71978518827830000000,46.7197851882783
2000-09-01,inegi,cpi,47.06107160401470000000,47.0610716040147
2000-10-01,inegi,cpi,47.38513582585340000000,47.3851358258534
2000-11-01,inegi,cpi,47.79028786283280000000,47.7902878628328
2000-12-01,inegi,cpi,48.30767118074100000000,48.307671180741
2001-01-01,inegi,cpi,48.57547624793410000000,48.5754762479341
2001-02-01,inegi,cpi,48.54332815956490000000,48.5433281595649
2001-03-01,inegi,cpi,48.85088778172440000000,48.8508877817244
2001-04-01,inegi,cpi,49.09730863238250000000,49.0973086323825
2001-05-01,inegi,cpi,49.20997046362540000000,49.2099704636254
2001-06-01,inegi,cpi,49.32636376719150000000,49.3263637671915
2001-07-01,inegi,cpi,49.19820196403030000000,49.1982019640303
2001-08-01,inegi,cpi,49.48968754718580000000,49.4896875471858
2001-09-01,inegi,cpi,49.95038114977240000000,49.9503811497724
2001-10-01,inegi,cpi,50.17613536775350000000,50.1761353677535
2001-11-01,inegi,cpi,50.36514890887220000000,50.3651489088722
2001-12-01,inegi,cpi,50.43489878509300000000,50.434898785093
2002-01-01,inegi,cpi,50.90047200971590000000,50.9004720097159
2002-02-01,inegi,cpi,50.86774984908050000000,50.8677498490805
2002-03-01,inegi,cpi,51.12794844449640000000,51.1279484444964
2002-04-01,inegi,cpi,51.40723497256150000000,51.4072349725615
2002-05-01,inegi,cpi,51.51142923139760000000,51.5114292313976
2002-06-01,inegi,cpi,51.76258617695920000000,51.7625861769592
2002-07-01,inegi,cpi,51.91118135336180000000,51.9111813533618
2002-08-01,inegi,cpi,52.10856030126430000000,52.1085603012643
2002-09-01,inegi,cpi,52.42198356499410000000,52.4219835649941
2002-10-01,inegi,cpi,52.65303608668570000000,52.6530360866857
2002-11-01,inegi,cpi,53.07887728137360000000,53.0788772813736
2002-12-01,inegi,cpi,53.30992980306510000000,53.3099298030651
2003-01-01,inegi,cpi,53.52544067531550000000,53.5254406753155
2003-02-01,inegi,cpi,53.67412245496950000000,53.6741224549695
2003-03-01,inegi,cpi,54.01293041278620000000,54.0129304127862
2003-04-01,inegi,cpi,54.10514419947040000000,54.1051441994704
2003-05-01,inegi,cpi,53.93055967074870000000,53.9305596707487
2003-06-01,inegi,cpi,53.97511239914660000000,53.9751123991466
2003-07-01,inegi,cpi,54.05333870133350000000,54.0533387013335
2003-08-01,inegi,cpi,54.21548991050240000000,54.2154899105024
2003-09-01,inegi,cpi,54.53823816389730000000,54.5382381638973
2003-10-01,inegi,cpi,54.73820738670670000000,54.7382073867067
2003-11-01,inegi,cpi,55.19254160536990000000,55.1925416053699
2003-12-01,inegi,cpi,55.42981078683810000000,55.4298107868381
2004-01-01,inegi,cpi,55.77431734945010000000,55.7743173494501
2004-02-01,inegi,cpi,56.10794475745310000000,56.1079447574531
2004-03-01,inegi,cpi,56.29807093561660000000,56.2980709356166
2004-04-01,inegi,cpi,56.38303195256180000000,56.3830319525618
2004-05-01,inegi,cpi,56.24160294264680000000,56.2416029426468
2004-06-01,inegi,cpi,56.33174450940560000000,56.3317445094056
2004-07-01,inegi,cpi,56.47939017909650000000,56.4793901790965
2004-08-01,inegi,cpi,56.82804118155990000000,56.8280411815599
2004-09-01,inegi,cpi,57.29791704966420000000,57.2979170496642
2004-10-01,inegi,cpi,57.69474716539460000000,57.6947471653946
2004-11-01,inegi,cpi,58.18689939769740000000,58.1868993976974
2004-12-01,inegi,cpi,58.30708815337610000000,58.3070881533761
2005-01-01,inegi,cpi,58.30916037330140000000,58.3091603733014
2005-02-01,inegi,cpi,58.50343099131560000000,58.5034309913156
2005-03-01,inegi,cpi,58.76712097683380000000,58.7671209768338
2005-04-01,inegi,cpi,58.97641518930820000000,58.9764151893082
2005-05-01,inegi,cpi,58.82825146463580000000,58.8282514646358
2005-06-01,inegi,cpi,58.77178347166600000000,58.771783471666
2005-07-01,inegi,cpi,59.00179988339520000000,59.0017998833952
2005-08-01,inegi,cpi,59.07225536086150000000,59.0722553608615
2005-09-01,inegi,cpi,59.30900648734820000000,59.3090064873482
2005-10-01,inegi,cpi,59.45457993711390000000,59.4545799371139
2005-11-01,inegi,cpi,59.88249335172710000000,59.8824933517271
2005-12-01,inegi,cpi,60.25031238850070000000,60.2503123885007
2006-01-01,inegi,cpi,60.60362588579620000000,60.6036258857962
2006-02-01,inegi,cpi,60.69635772746180000000,60.6963577274618
2006-03-01,inegi,cpi,60.77251180972340000000,60.7725118097234
2006-04-01,inegi,cpi,60.86161726651920000000,60.8616172665192
2006-05-01,inegi,cpi,60.59067451126190000000,60.5906745112619
2006-06-01,inegi,cpi,60.64299806438040000000,60.6429980643804
2006-07-01,inegi,cpi,60.80929371340070000000,60.8092937134007
2006-08-01,inegi,cpi,61.11960864724220000000,61.1196086472422
2006-09-01,inegi,cpi,61.73661213005590000000,61.7366121300559
2006-10-01,inegi,cpi,62.00651877535080000000,62.0065187753508
2006-11-01,inegi,cpi,62.33185730365180000000,62.3318573036518
2006-12-01,inegi,cpi,62.69242357068630000000,62.6924235706863
2007-01-01,inegi,cpi,63.01620793404350000000,63.0162079340435
2007-02-01,inegi,cpi,63.19234662771050000000,63.1923466277105
2007-03-01,inegi,cpi,63.32911314279250000000,63.3291131427925
2007-04-01,inegi,cpi,63.29129512915210000000,63.2912951291521
2007-05-01,inegi,cpi,62.98253436025450000000,62.9825343602545
2007-06-01,inegi,cpi,63.05817038753460000000,63.0581703875346
2007-07-01,inegi,cpi,63.32600481290420000000,63.3260048129042
2007-08-01,inegi,cpi,63.58399619362720000000,63.5839961936272
2007-09-01,inegi,cpi,64.07770259087460000000,64.0777025908746
2007-10-01,inegi,cpi,64.32740509189550000000,64.3274050918955
2007-11-01,inegi,cpi,64.78122125557730000000,64.7812212555773
2007-12-01,inegi,cpi,65.04905568094610000000,65.0490556809461
2008-01-01,inegi,cpi,65.35056368010400000000,65.350563680104
2008-02-01,inegi,cpi,65.54483429811890000000,65.5448342981189
2008-03-01,inegi,cpi,66.01989071603610000000,66.0198907160361
2008-04-01,inegi,cpi,66.17012666063390000000,66.1701266606339
2008-05-01,inegi,cpi,66.09863507320530000000,66.0986350732053
2008-06-01,inegi,cpi,66.37216810336930000000,66.3721681033693
2008-07-01,inegi,cpi,66.74205936006820000000,66.7420593600682
2008-08-01,inegi,cpi,67.12749226620890000000,67.1274922662089
2008-09-01,inegi,cpi,67.58493481475970000000,67.5849348147597
2008-10-01,inegi,cpi,68.04548569319970000000,68.0454856931997
2008-11-01,inegi,cpi,68.81894178038720000000,68.8189417803872
2008-12-01,inegi,cpi,69.29555236324900000000,69.295552363249
2009-01-01,inegi,cpi,69.45614940747420000000,69.4561494074742
2009-02-01,inegi,cpi,69.60949368196030000000,69.6094936819603
2009-03-01,inegi,cpi,70.00995018256050000000,70.0099501825605
2009-04-01,inegi,cpi,70.25499018874930000000,70.2549901887493
2009-05-01,inegi,cpi,70.05035847110780000000,70.0503584711078
2009-06-01,inegi,cpi,70.17935416146930000000,70.1793541614693
2009-07-01,inegi,cpi,70.37051644959510000000,70.3705164495951
2009-08-01,inegi,cpi,70.53888431854080000000,70.5388843185408
2009-09-01,inegi,cpi,70.89271587081780000000,70.8927158708178
2009-10-01,inegi,cpi,71.10719063310600000000,71.107190633106
2009-11-01,inegi,cpi,71.47604577984250000000,71.4760457798425
2009-12-01,inegi,cpi,71.77185517420520000000,71.7718551742052
2010-01-01,inegi,cpi,72.55204597615090000000,72.5520459761509
2010-02-01,inegi,cpi,72.97167051106210000000,72.9716705110621
2010-03-01,inegi,cpi,73.48972549243420000000,73.4897254924342
2010-04-01,inegi,cpi,73.25556464085360000000,73.2555646408536
2010-05-01,inegi,cpi,72.79397765245210000000,72.7939776524521
2010-06-01,inegi,cpi,72.77118323327120000000,72.7711832332712
2010-07-01,inegi,cpi,72.92919000258960000000,72.9291900025896
2010-08-01,inegi,cpi,73.13174950030580000000,73.1317495003058
2010-09-01,inegi,cpi,73.51511018652110000000,73.5151101865211
2010-10-01,inegi,cpi,73.96892635020280000000,73.9689263502028
2010-11-01,inegi,cpi,74.56158124889190000000,74.5615812488919
2010-12-01,inegi,cpi,74.93095445061000000000,74.93095445061
2011-01-01,inegi,cpi,75.29599134563370000000,75.2959913456337
2011-02-01,inegi,cpi,75.57846024400500000000,75.578460244005
2011-03-01,inegi,cpi,75.72345092854140000000,75.7234509285414
2011-04-01,inegi,cpi,75.71744095198030000000,75.7174409519803
2011-05-01,inegi,cpi,75.15926437886890000000,75.1592643788689
2011-06-01,inegi,cpi,75.15550814351820000000,75.1555081435182
2011-07-01,inegi,cpi,75.51610673718370000000,75.5161067371837
2011-08-01,inegi,cpi,75.63555502133540000000,75.6355550213354
2011-09-01,inegi,cpi,75.82111304765910000000,75.8211130476591
2011-10-01,inegi,cpi,76.33271230242200000000,76.332712302422
2011-11-01,inegi,cpi,77.15833283250190000000,77.1583328325019
2011-12-01,inegi,cpi,77.79238535969710000000,77.7923853596971
2012-01-01,inegi,cpi,78.34304946210710000000,78.3430494621071
2012-02-01,inegi,cpi,78.50231384097600000000,78.502313840976
2012-03-01,inegi,cpi,78.54738866518420000000,78.5473886651842
2012-04-01,inegi,cpi,78.30097962617950000000,78.3009796261795
2012-05-01,inegi,cpi,78.05381934010460000000,78.0538193401046
2012-06-01,inegi,cpi,78.41366668669990000000,78.4136666866999
2012-07-01,inegi,cpi,78.85389746979990000000,78.8538974697999
2012-08-01,inegi,cpi,79.09054029689280000000,79.0905402968928
2012-09-01,inegi,cpi,79.43911893743610000000,79.4391189374361
2012-10-01,inegi,cpi,79.84103611995910000000,79.8410361199591
2012-11-01,inegi,cpi,80.38343650459760000000,80.3834365045976
2012-12-01,inegi,cpi,80.56824328385120000000,80.5682432838512
2013-01-01,inegi,cpi,80.89278201815010000000,80.8927820181501
2013-02-01,inegi,cpi,81.29094296532240000000,81.2909429653224
2013-03-01,inegi,cpi,81.88743313901080000000,81.8874331390108
2013-04-01,inegi,cpi,81.94152292806060000000,81.9415229280606
2013-05-01,inegi,cpi,81.66882024160110000000,81.6688202416011
2013-06-01,inegi,cpi,81.61923793497200000000,81.619237934972
2013-07-01,inegi,cpi,81.59219304044710000000,81.5921930404471
2013-08-01,inegi,cpi,81.82432838511930000000,81.8243283851193
2013-09-01,inegi,cpi,82.13233968387520000000,82.1323396838752
2013-10-01,inegi,cpi,82.52298816034620000000,82.5229881603462
2013-11-01,inegi,cpi,83.29226516016590000000,83.2922651601659
2013-12-01,inegi,cpi,83.77005829677260000000,83.7700582967726
2014-01-01,inegi,cpi,84.51905162569870000000,84.5190516256987
2014-02-01,inegi,cpi,84.73315704068760000000,84.7331570406876
2014-03-01,inegi,cpi,84.96529238535970000000,84.9652923853597
2014-04-01,inegi,cpi,84.80677925356090000000,84.8067792535609
2014-05-01,inegi,cpi,84.53557906124170000000,84.5355790612417
2014-06-01,inegi,cpi,84.68207223991830000000,84.6820722399183
2014-07-01,inegi,cpi,84.91495883166060000000,84.9149588316606
2014-08-01,inegi,cpi,85.21996514213590000000,85.2199651421359
2014-09-01,inegi,cpi,85.59633992427430000000,85.5963399242743
2014-10-01,inegi,cpi,86.06962557846020000000,86.0696255784602
2014-11-01,inegi,cpi,86.76377787126630000000,86.7637778712663
2014-12-01,inegi,cpi,87.18898371296350000000,87.1889837129635
2015-01-01,inegi,cpi,87.11010277059920000000,87.1101027705992
2015-02-01,inegi,cpi,87.27537712602920000000,87.2753771260292
2015-03-01,inegi,cpi,87.63071699020370000000,87.6307169902037
2015-04-01,inegi,cpi,87.40384037502250000000,87.4038403750225
2015-05-01,inegi,cpi,86.96736582727330000000,86.9673658272733
2015-06-01,inegi,cpi,87.11310775887970000000,87.1131077588797
2015-07-01,inegi,cpi,87.24081976080290000000,87.2408197608029
2015-08-01,inegi,cpi,87.42487529298640000000,87.4248752929864
2015-09-01,inegi,cpi,87.75241901556580000000,87.7524190155658
2015-10-01,inegi,cpi,88.20391850471780000000,88.2039185047178
2015-11-01,inegi,cpi,88.68546787667530000000,88.6854678766753
2015-12-01,inegi,cpi,89.04681771741090000000,89.0468177174109
2016-01-01,inegi,cpi,89.38638139311260000000,89.3863813931126
2016-02-01,inegi,cpi,89.77778111665360000000,89.7777811166536
2016-03-01,inegi,cpi,89.91000060099760000000,89.9100006009976
2016-04-01,inegi,cpi,89.62527796141590000000,89.6252779614159
2016-05-01,inegi,cpi,89.22561452010340000000,89.2256145201034
2016-06-01,inegi,cpi,89.32402788629120000000,89.3240278862912
2016-07-01,inegi,cpi,89.55691447803350000000,89.5569144780335
2016-08-01,inegi,cpi,89.80933349359940000000,89.8093334935994
2016-09-01,inegi,cpi,90.35774385479900000000,90.357743854799
2016-10-01,inegi,cpi,90.90615421599860000000,90.9061542159986
2016-11-01,inegi,cpi,91.61683394434760000000,91.6168339443476
2016-12-01,inegi,cpi,92.03903479776430000000,92.0390347977643
2017-01-01,inegi,cpi,93.60388244485850000000,93.6038824448585
2017-02-01,inegi,cpi,94.14478033535670000000,94.1447803353567
2017-03-01,inegi,cpi,94.72248933229160000000,94.7224893322916
2017-04-01,inegi,cpi,94.83893262816280000000,94.8389326281628
2017-05-01,inegi,cpi,94.72549432057210000000,94.7254943205721
2017-06-01,inegi,cpi,94.96363964180540000000,94.9636396418054
2017-07-01,inegi,cpi,95.32273574133060000000,95.3227357413306
2017-08-01,inegi,cpi,95.79376765430610000000,95.7937676543061
2017-09-01,inegi,cpi,96.09351523529060000000,96.0935152352906
2017-10-01,inegi,cpi,96.69826912675040000000,96.6982691267504
2017-11-01,inegi,cpi,97.69517398882150000000,97.6951739888215
2017-12-01,inegi,cpi,98.27288298575630000000,98.2728829857563
2018-01-01,inegi,cpi,98.79499969950120000000,98.7949996995012
2018-02-01,inegi,cpi,99.17137448163950000000,99.1713744816395
2018-03-01,inegi,cpi,99.49215698058780000000,99.4921569805878
2018-04-01,inegi,cpi,99.15484704609650000000,99.1548470460965
2018-05-01,inegi,cpi,98.99408017308730000000,98.9940801730873
2018-06-01,inegi,cpi,99.37646493178680000000,99.3764649317868
2018-07-01,inegi,cpi,99.90909910451350000000,99.9090991045135
2018-08-01,inegi,cpi,100.49200000000000000000,100.492
2018-09-01,inegi,cpi,100.91700000000000000000,100.917
2018-10-01,inegi,cpi,101.44000000000000000000,101.44
2018-11-01,inegi,cpi,102.30300000000000000000,102.303
2018-12-01,inegi,cpi,103.02000000000000000000,103.02
2019-01-01,inegi,cpi,103.10800000000000000000,103.108
2019-02-01,inegi,cpi,103.07900000000000000000,103.079
2019-03-01,inegi,cpi,103.47600000000000000000,103.476
2019-04-01,inegi,cpi,103.53100000000000000000,103.531
2019-05-01,inegi,cpi,103.23300000000000000000,103.233
2019-06-01,inegi,cpi,103.29900000000000000000,103.299
2019-07-01,inegi,cpi,103.68700000000000000000,103.687
2019-08-01,inegi,cpi,103.67000000000000000000,103.67
2019-09-01,inegi,cpi,103.94200000000000000000,103.942
2019-10-01,inegi,cpi,104.50300000000000000000,104.503
2019-11-01,inegi,cpi,105.34600000000000000000,105.346
2019-12-01,inegi,cpi,105.93400000000000000000,105.934
2020-01-01,inegi,cpi,106.44700000000000000000,106.447
2020-02-01,inegi,cpi,106.88900000000000000000,106.889
2020-03-01,inegi,cpi,106.83800000000000000000,106.838
2020-04-01,inegi,cpi,105.75500000000000000000,105.755
2020-05-01,inegi,cpi,106.16200000000000000000,106.162
2020-06-01,inegi,cpi,106.74300000000000000000,106.743
2020-07-01,inegi,cpi,107.44400000000000000000,107.444
2020-08-01,inegi,cpi,107.86700000000000000000,107.867
2020-09-01,inegi,cpi,108.11400000000000000000,108.114
2020-10-01,inegi,cpi,108.77400000000000000000,108.774
2020-11-01,inegi,cpi,108.85600000000000000000,108.856
2020-12-01,inegi,cpi,109.27100000000000000000,109.271
2021-01-01,inegi,cpi,110.21000000000000000000,110.21
2021-02-01,inegi,cpi,110.90700000000000000000,110.907
2021-03-01,inegi,cpi,111.82400000000000000000,111.824
2021-04-01,inegi,cpi,112.19000000000000000000,112.19
2021-05-01,inegi,cpi,112.41900000000000000000,112.419
2021-06-01,inegi,cpi,113.01800000000000000000,113.018
2021-07-01,inegi,cpi,113.68200000000000000000,113.682
2021-08-01,inegi,cpi,113.89900000000000000000,113.899
2021-09-01,inegi,cpi,114.60100000000000000000,114.601
2021-10-01,inegi,cpi,115.56100000000000000000,115.561
2021-11-01,inegi,cpi,116.88400000000000000000,116.884
2021-12-01,inegi,cpi,117.30800000000000000000,117.308
2022-01-01,inegi,cpi,118.00200000000000000000,118.002
2022-02-01,inegi,cpi,118.98100000000000000000,118.981
2022-03-01,inegi,cpi,120.15900000000000000000,120.159
2022-04-01,inegi,cpi,120.80900000000000000000,120.809
2022-05-01,inegi,cpi,121.02200000000000000000,121.022
2022-06-01,inegi,cpi,122.04400000000000000000,122.044
2022-07-01,inegi,cpi,122.94800000000000000000,122.948
2022-08-01,inegi,cpi,123.80300000000000000000,123.803
2022-09-01,inegi,cpi,124.57100000000000000000,124.571
2022-10-01,inegi,cpi,125.27600000000000000000,125.276
2022-11-01,inegi,cpi,125.99700000000000000000,125.997
2022-12-01,inegi,cpi,126.47800000000000000000,126.478
2023-01-01,inegi,cpi,127.33600000000000000000,127.336
2023-02-01,inegi,cpi,128.04600000000000000000,128.046
2023-03-01,inegi,cpi,128.38900000000000000000,128.389
2023-04-01,inegi,cpi,128.36300000000000000000,128.363
2023-05-01,inegi,cpi,128.08400000000000000000,128.084
2023-06-01,inegi,cpi,128.21400000000000000000,128.214
2023-07-01,inegi,cpi,128.83200000000000000000,128.832
2023-08-01,inegi,cpi,129.54500000000000000000,129.545
2023-09-01,inegi,cpi,130.12000000000000000000,130.12
2023-10-01,inegi,cpi,130.60900000000000000000,130.609
2023-11-01,inegi,cpi,131.44500000000000000000,131.445
2023-12-01,inegi,cpi,132.37300000000000000000,132.373
2024-01-01,inegi,cpi,133.55500000000001000000,133.555
2024-02-01,inegi,cpi,133.68100000000001000000,133.681
2024-03-01,inegi,cpi,134.06500000000000000000,134.065
2024-04-01,inegi,cpi,134.33600000000001000000,134.336
2024-05-01,inegi,cpi,134.08699999999999000000,134.087
2024-06-01,inegi,cpi,134.59399999999900000000,134.593999999999
2024-07-01,inegi,cpi,136.00299999999999000000,136.003
2024-08-01,inegi,cpi,136.01300000000001000000,136.013
2024-09-01,inegi,cpi,136.08000000000001000000,136.08
2024-10-01,inegi,cpi,136.82800000000000000000,136.828
2024-11-01,inegi,cpi,137.42400000000001000000,137.424
2024-12-01,inegi,cpi,137.94900000000001000000,137.949
2025-01-01,inegi,cpi,138.34299999999999000000,138.343
2025-02-01,inegi,cpi,138.72600000000000000000,138.726
2025-03-01,inegi,cpi,139.16100000000000000000,139.161
2025-04-01,inegi,cpi,139.62000000000000000000,139.62
2025-05-01,inegi,cpi,140.01200000000000000000,140.012
2025-06-01,inegi,cpi,140.40500000000000000000,140.405
2025-07-01,inegi,cpi,140.78000000000000000000,140.78
2025-08-01,inegi,cpi,140.86699999999999000000,140.867
2025-09-01,inegi,cpi,141.19700000000000000000,141.197
2025-10-01,inegi,cpi,141.70800000000000000000,141.708
2025-11-01,inegi,cpi,142.64500000000001000000,142.645
2025-12-01,inegi,cpi,143.04200000000000000000,143.042
2026-01-01,inegi,cpi,143.58799999999999000000,143.588
2026-02-01,inegi,cpi,144.30699999999999000000,144.307
2026-03-01,inegi,cpi,145.54400000000001000000,145.544
2026-04-01,inegi,cpi,145.83099999999999000000,145.831
2026-05-01,inegi,cpi,145.52699999999999000000,145.527
2026-06-01,inegi,cpi,145.13100000000000000000,145.131
2026-07-01,inegi,cpi,145.16900000000001000000,145.169
2026-08-01,inegi,cpi,145.46199999999999000000,145.462
1990-12-31,shcp,debt_shrfsp_broad_pct_gdp,n.d.,
1991-12-31,shcp,debt_shrfsp_broad_pct_gdp,n.d.,
1992-12-31,shcp,debt_shrfsp_broad_pct_gdp,n.d.,
1993-12-31,shcp,debt_shrfsp_broad_pct_gdp,n.d.,
1994-12-31,shcp,debt_shrfsp_broad_pct_gdp,n.d.,
1995-12-31,shcp,debt_shrfsp_broad_pct_gdp,n.d.,
1996-12-31,shcp,debt_shrfsp_broad_pct_gdp,n.d.,
1997-12-31,shcp,debt_shrfsp_broad_pct_gdp,n.d.,
1998-12-31,shcp,debt_shrfsp_broad_pct_gdp,n.d.,
1999-12-31,shcp,debt_shrfsp_broad_pct_gdp,n.d.,
2000-12-31,shcp,debt_shrfsp_broad_pct_gdp,29.2,29.2
2001-12-31,shcp,debt_shrfsp_broad_pct_gdp,29.4,29.4
2002-12-31,shcp,debt_shrfsp_broad_pct_gdp,31.6,31.6
2003-12-31,shcp,debt_shrfsp_broad_pct_gdp,33.2,33.2
2004-12-31,shcp,debt_shrfsp_broad_pct_gdp,30.9,30.9
2005-12-31,shcp,debt_shrfsp_broad_pct_gdp,29.7,29.7
2006-12-31,shcp,debt_shrfsp_broad_pct_gdp,28.2,28.2
2007-12-31,shcp,debt_shrfsp_broad_pct_gdp,27.5,27.5
2008-12-31,shcp,debt_shrfsp_broad_pct_gdp,31.4,31.4
2009-12-31,shcp,debt_shrfsp_broad_pct_gdp,34.4,34.4
2010-12-31,shcp,debt_shrfsp_broad_pct_gdp,34.5,34.5
2011-12-31,shcp,debt_shrfsp_broad_pct_gdp,35.7,35.7
2012-12-31,shcp,debt_shrfsp_broad_pct_gdp,35.6,35.6
2013-12-31,shcp,debt_shrfsp_broad_pct_gdp,38.4,38.4
2014-12-31,shcp,debt_shrfsp_broad_pct_gdp,41.1,41.1
2015-12-31,shcp,debt_shrfsp_broad_pct_gdp,44.9,44.9
2016-12-31,shcp,debt_shrfsp_broad_pct_gdp,47.2,47.2
2017-12-31,shcp,debt_shrfsp_broad_pct_gdp,44.5,44.5
2018-12-31,shcp,debt_shrfsp_broad_pct_gdp,43.6,43.6
2019-12-31,shcp,debt_shrfsp_broad_pct_gdp,43.3,43.3
2020-12-31,shcp,debt_shrfsp_broad_pct_gdp,50.2,50.2
2021-12-31,shcp,debt_shrfsp_broad_pct_gdp,49.1,49.1
2022-12-31,shcp,debt_shrfsp_broad_pct_gdp,47.6,47.6
2023-12-31,shcp,debt_shrfsp_broad_pct_gdp,46.6,46.6
2024-12-31,shcp,debt_shrfsp_broad_pct_gdp,51.9,51.9
2025-12-31,shcp,debt_shrfsp_broad_pct_gdp,52.6,52.6
1991-11-12,banxico,fx_rate_fix,3.0735,3.0735
1991-11-13,banxico,fx_rate_fix,3.0712,3.0712
1991-11-14,banxico,fx_rate_fix,3.0718,3.0718
1991-11-15,banxico,fx_rate_fix,3.0684,3.0684
1991-11-18,banxico,fx_rate_fix,3.0673,3.0673
1991-11-19,banxico,fx_rate_fix,3.0661,3.0661
1991-11-21,banxico,fx_rate_fix,3.0632,3.0632
1991-11-22,banxico,fx_rate_fix,3.0612,3.0612
1991-11-25,banxico,fx_rate_fix,3.0622,3.0622
1991-11-26,banxico,fx_rate_fix,3.0760,3.076
1991-11-27,banxico,fx_rate_fix,3.0731,3.0731
1991-11-28,banxico,fx_rate_fix,3.0677,3.0677
1991-11-29,banxico,fx_rate_fix,3.0672,3.0672
1991-12-02,banxico,fx_rate_fix,3.0662,3.0662
1991-12-03,banxico,fx_rate_fix,3.0666,3.0666
1991-12-04,banxico,fx_rate_fix,3.0660,3.066
1991-12-05,banxico,fx_rate_fix,3.0654,3.0654
1991-12-06,banxico,fx_rate_fix,3.0643,3.0643
1991-12-09,banxico,fx_rate_fix,3.0625,3.0625
1991-12-10,banxico,fx_rate_fix,3.0622,3.0622
1991-12-11,banxico,fx_rate_fix,3.0623,3.0623
1991-12-13,banxico,fx_rate_fix,3.0622,3.0622
1991-12-16,banxico,fx_rate_fix,3.0753,3.0753
1991-12-17,banxico,fx_rate_fix,3.0756,3.0756
1991-12-18,banxico,fx_rate_fix,3.0760,3.076
1991-12-19,banxico,fx_rate_fix,3.0748,3.0748
1991-12-20,banxico,fx_rate_fix,3.0774,3.0774
1991-12-23,banxico,fx_rate_fix,3.0837,3.0837
1991-12-24,banxico,fx_rate_fix,3.0841,3.0841
1991-12-26,banxico,fx_rate_fix,3.0710,3.071
1991-12-27,banxico,fx_rate_fix,3.0739,3.0739
1991-12-30,banxico,fx_rate_fix,3.0780,3.078
1992-01-02,banxico,fx_rate_fix,3.0753,3.0753
1992-01-03,banxico,fx_rate_fix,3.0744,3.0744
1992-01-06,banxico,fx_rate_fix,3.0695,3.0695
1992-01-07,banxico,fx_rate_fix,3.0665,3.0665
1992-01-08,banxico,fx_rate_fix,3.0663,3.0663
1992-01-09,banxico,fx_rate_fix,3.0662,3.0662
1992-01-10,banxico,fx_rate_fix,3.0668,3.0668
1992-01-13,banxico,fx_rate_fix,3.0661,3.0661
1992-01-14,banxico,fx_rate_fix,3.0642,3.0642
1992-01-15,banxico,fx_rate_fix,3.0646,3.0646
1992-01-16,banxico,fx_rate_fix,3.0679,3.0679
1992-01-17,banxico,fx_rate_fix,3.0657,3.0657
1992-01-20,banxico,fx_rate_fix,3.0631,3.0631
1992-01-21,banxico,fx_rate_fix,3.0625,3.0625
1992-01-22,banxico,fx_rate_fix,3.0617,3.0617
1992-01-23,banxico,fx_rate_fix,3.0736,3.0736
1992-01-24,banxico,fx_rate_fix,3.0791,3.0791
1992-01-27,banxico,fx_rate_fix,3.0687,3.0687
1992-01-28,banxico,fx_rate_fix,3.0659,3.0659
1992-01-29,banxico,fx_rate_fix,3.0660,3.066
1992-01-30,banxico,fx_rate_fix,3.0685,3.0685
1992-01-31,banxico,fx_rate_fix,3.0673,3.0673
1992-02-03,banxico,fx_rate_fix,3.0656,3.0656
1992-02-04,banxico,fx_rate_fix,3.0645,3.0645
1992-02-06,banxico,fx_rate_fix,3.0648,3.0648
1992-02-07,banxico,fx_rate_fix,3.0645,3.0645
1992-02-10,banxico,fx_rate_fix,3.0674,3.0674
1992-02-11,banxico,fx_rate_fix,3.0644,3.0644
1992-02-12,banxico,fx_rate_fix,3.0633,3.0633
1992-02-13,banxico,fx_rate_fix,3.0640,3.064
1992-02-14,banxico,fx_rate_fix,3.0634,3.0634
1992-02-17,banxico,fx_rate_fix,3.0621,3.0621
1992-02-18,banxico,fx_rate_fix,3.0618,3.0618
1992-02-19,banxico,fx_rate_fix,3.0608,3.0608
1992-02-20,banxico,fx_rate_fix,3.0621,3.0621
1992-02-21,banxico,fx_rate_fix,3.0610,3.061
1992-02-24,banxico,fx_rate_fix,3.0621,3.0621
1992-02-25,banxico,fx_rate_fix,3.0609,3.0609
1992-02-26,banxico,fx_rate_fix,3.0608,3.0608
1992-02-27,banxico,fx_rate_fix,3.0608,3.0608
1992-02-28,banxico,fx_rate_fix,3.0609,3.0609
1992-03-02,banxico,fx_rate_fix,3.0611,3.0611
1992-03-03,banxico,fx_rate_fix,3.0625,3.0625
1992-03-04,banxico,fx_rate_fix,3.0606,3.0606
1992-03-05,banxico,fx_rate_fix,3.0609,3.0609
1992-03-06,banxico,fx_rate_fix,3.0608,3.0608
1992-03-09,banxico,fx_rate_fix,3.0612,3.0612
1992-03-10,banxico,fx_rate_fix,3.0612,3.0612
1992-03-11,banxico,fx_rate_fix,3.0608,3.0608
1992-03-12,banxico,fx_rate_fix,3.0610,3.061
1992-03-13,banxico,fx_rate_fix,3.0622,3.0622
1992-03-16,banxico,fx_rate_fix,3.0609,3.0609
1992-03-17,banxico,fx_rate_fix,3.0618,3.0618
1992-03-18,banxico,fx_rate_fix,3.0679,3.0679
1992-03-19,banxico,fx_rate_fix,3.0738,3.0738
1992-03-20,banxico,fx_rate_fix,3.0688,3.0688
1992-03-23,banxico,fx_rate_fix,3.0693,3.0693
1992-03-24,banxico,fx_rate_fix,3.0706,3.0706
1992-03-25,banxico,fx_rate_fix,3.0795,3.0795
1992-03-26,banxico,fx_rate_fix,3.0902,3.0902
1992-03-27,banxico,fx_rate_fix,3.0835,3.0835
1992-03-30,banxico,fx_rate_fix,3.0683,3.0683
1992-03-31,banxico,fx_rate_fix,3.0620,3.062
1992-04-01,banxico,fx_rate_fix,3.0609,3.0609
1992-04-02,banxico,fx_rate_fix,3.0609,3.0609
1992-04-03,banxico,fx_rate_fix,3.0609,3.0609
1992-04-06,banxico,fx_rate_fix,3.0609,3.0609
1992-04-07,banxico,fx_rate_fix,3.0608,3.0608
1992-04-08,banxico,fx_rate_fix,3.0656,3.0656
1992-04-09,banxico,fx_rate_fix,3.0695,3.0695
1992-04-10,banxico,fx_rate_fix,3.0657,3.0657
1992-04-13,banxico,fx_rate_fix,3.0625,3.0625
1992-04-14,banxico,fx_rate_fix,3.0650,3.065
1992-04-15,banxico,fx_rate_fix,3.0670,3.067
1992-04-20,banxico,fx_rate_fix,3.0636,3.0636
1992-04-21,banxico,fx_rate_fix,3.0671,3.0671
1992-04-22,banxico,fx_rate_fix,3.0828,3.0828
1992-04-23,banxico,fx_rate_fix,3.0856,3.0856
1992-04-24,banxico,fx_rate_fix,3.0758,3.0758
1992-04-27,banxico,fx_rate_fix,3.0765,3.0765
1992-04-28,banxico,fx_rate_fix,3.0790,3.079
1992-04-29,banxico,fx_rate_fix,3.0794,3.0794
1992-04-30,banxico,fx_rate_fix,3.0786,3.0786
1992-05-04,banxico,fx_rate_fix,3.0816,3.0816
1992-05-06,banxico,fx_rate_fix,3.0885,3.0885
1992-05-07,banxico,fx_rate_fix,3.1000,3.1
1992-05-08,banxico,fx_rate_fix,3.1108,3.1108
1992-05-11,banxico,fx_rate_fix,3.0968,3.0968
1992-05-12,banxico,fx_rate_fix,3.0863,3.0863
1992-05-13,banxico,fx_rate_fix,3.0885,3.0885
1992-05-14,banxico,fx_rate_fix,3.1094,3.1094
1992-05-15,banxico,fx_rate_fix,3.1039,3.1039
1992-05-18,banxico,fx_rate_fix,3.0974,3.0974
1992-05-19,banxico,fx_rate_fix,3.1024,3.1024
1992-05-20,banxico,fx_rate_fix,3.1050,3.105
1992-05-21,banxico,fx_rate_fix,3.1056,3.1056
1992-05-22,banxico,fx_rate_fix,3.1030,3.103
1992-05-25,banxico,fx_rate_fix,3.1026,3.1026
1992-05-26,banxico,fx_rate_fix,3.1079,3.1079
1992-05-27,banxico,fx_rate_fix,3.1134,3.1134
1992-05-28,banxico,fx_rate_fix,3.1168,3.1168
1992-05-29,banxico,fx_rate_fix,3.1150,3.115
1992-06-01,banxico,fx_rate_fix,3.1106,3.1106
1992-06-02,banxico,fx_rate_fix,3.1176,3.1176
1992-06-03,banxico,fx_rate_fix,3.1185,3.1185
1992-06-04,banxico,fx_rate_fix,3.1179,3.1179
1992-06-05,banxico,fx_rate_fix,3.1131,3.1131
1992-06-08,banxico,fx_rate_fix,3.1146,3.1146
1992-06-09,banxico,fx_rate_fix,3.1176,3.1176
1992-06-10,banxico,fx_rate_fix,3.1169,3.1169
1992-06-11,banxico,fx_rate_fix,3.1191,3.1191
1992-06-12,banxico,fx_rate_fix,3.1191,3.1191
1992-06-15,banxico,fx_rate_fix,3.1193,3.1193
1992-06-16,banxico,fx_rate_fix,3.1210,3.121
1992-06-17,banxico,fx_rate_fix,3.1220,3.122
1992-06-18,banxico,fx_rate_fix,3.1203,3.1203
1992-06-19,banxico,fx_rate_fix,3.1168,3.1168
1992-06-22,banxico,fx_rate_fix,3.1216,3.1216
1992-06-23,banxico,fx_rate_fix,3.1222,3.1222
1992-06-24,banxico,fx_rate_fix,3.1225,3.1225
1992-06-25,banxico,fx_rate_fix,3.1225,3.1225
1992-06-26,banxico,fx_rate_fix,3.1225,3.1225
1992-06-29,banxico,fx_rate_fix,3.1229,3.1229
1992-06-30,banxico,fx_rate_fix,3.1230,3.123
1992-07-01,banxico,fx_rate_fix,3.1224,3.1224
1992-07-02,banxico,fx_rate_fix,3.1204,3.1204
1992-07-03,banxico,fx_rate_fix,3.1179,3.1179
1992-07-06,banxico,fx_rate_fix,3.1183,3.1183
1992-07-07,banxico,fx_rate_fix,3.1166,3.1166
1992-07-08,banxico,fx_rate_fix,3.1170,3.117
1992-07-09,banxico,fx_rate_fix,3.1099,3.1099
1992-07-10,banxico,fx_rate_fix,3.1180,3.118
1992-07-13,banxico,fx_rate_fix,3.1156,3.1156
1992-07-14,banxico,fx_rate_fix,3.1174,3.1174
1992-07-15,banxico,fx_rate_fix,3.1184,3.1184
1992-07-16,banxico,fx_rate_fix,3.1175,3.1175
1992-07-17,banxico,fx_rate_fix,3.1149,3.1149
1992-07-20,banxico,fx_rate_fix,3.1166,3.1166
1992-07-21,banxico,fx_rate_fix,3.1156,3.1156
1992-07-22,banxico,fx_rate_fix,3.1125,3.1125
1992-07-23,banxico,fx_rate_fix,3.1113,3.1113
1992-07-24,banxico,fx_rate_fix,3.1100,3.11
1992-07-27,banxico,fx_rate_fix,3.1139,3.1139
1992-07-28,banxico,fx_rate_fix,3.1161,3.1161
1992-07-29,banxico,fx_rate_fix,3.1141,3.1141
1992-07-30,banxico,fx_rate_fix,3.1113,3.1113
1992-07-31,banxico,fx_rate_fix,3.1124,3.1124
1992-08-03,banxico,fx_rate_fix,3.1094,3.1094
1992-08-04,banxico,fx_rate_fix,3.1071,3.1071
1992-08-05,banxico,fx_rate_fix,3.1084,3.1084
1992-08-06,banxico,fx_rate_fix,3.1021,3.1021
1992-08-07,banxico,fx_rate_fix,3.1020,3.102
1992-08-10,banxico,fx_rate_fix,3.0984,3.0984
1992-08-11,banxico,fx_rate_fix,3.0881,3.0881
1992-08-12,banxico,fx_rate_fix,3.0759,3.0759
1992-08-13,banxico,fx_rate_fix,3.0733,3.0733
1992-08-14,banxico,fx_rate_fix,3.0768,3.0768
1992-08-17,banxico,fx_rate_fix,3.0869,3.0869
1992-08-18,banxico,fx_rate_fix,3.0876,3.0876
1992-08-19,banxico,fx_rate_fix,3.0853,3.0853
1992-08-20,banxico,fx_rate_fix,3.0814,3.0814
1992-08-21,banxico,fx_rate_fix,3.0836,3.0836
1992-08-24,banxico,fx_rate_fix,3.0855,3.0855
1992-08-25,banxico,fx_rate_fix,3.0810,3.081
1992-08-26,banxico,fx_rate_fix,3.0789,3.0789
1992-08-27,banxico,fx_rate_fix,3.0810,3.081
1992-08-28,banxico,fx_rate_fix,3.0810,3.081
1992-08-31,banxico,fx_rate_fix,3.0765,3.0765
1992-09-01,banxico,fx_rate_fix,3.0715,3.0715
1992-09-02,banxico,fx_rate_fix,3.0694,3.0694
1992-09-03,banxico,fx_rate_fix,3.0699,3.0699
1992-09-04,banxico,fx_rate_fix,3.0681,3.0681
1992-09-07,banxico,fx_rate_fix,3.0638,3.0638
1992-09-08,banxico,fx_rate_fix,3.0636,3.0636
1992-09-09,banxico,fx_rate_fix,3.0630,3.063
1992-09-10,banxico,fx_rate_fix,3.0768,3.0768
1992-09-11,banxico,fx_rate_fix,3.0948,3.0948
1992-09-14,banxico,fx_rate_fix,3.0941,3.0941
1992-09-15,banxico,fx_rate_fix,3.0926,3.0926
1992-09-17,banxico,fx_rate_fix,3.0916,3.0916
1992-09-18,banxico,fx_rate_fix,3.0864,3.0864
1992-09-21,banxico,fx_rate_fix,3.0884,3.0884
1992-09-22,banxico,fx_rate_fix,3.1111,3.1111
1992-09-23,banxico,fx_rate_fix,3.1208,3.1208
1992-09-24,banxico,fx_rate_fix,3.1040,3.104
1992-09-25,banxico,fx_rate_fix,3.1071,3.1071
1992-09-28,banxico,fx_rate_fix,3.1161,3.1161
1992-09-29,banxico,fx_rate_fix,3.1131,3.1131
1992-09-30,banxico,fx_rate_fix,3.1090,3.109
1992-10-01,banxico,fx_rate_fix,3.1110,3.111
1992-10-02,banxico,fx_rate_fix,3.1145,3.1145
1992-10-05,banxico,fx_rate_fix,3.1130,3.113
1992-10-06,banxico,fx_rate_fix,3.1137,3.1137
1992-10-07,banxico,fx_rate_fix,3.1119,3.1119
1992-10-08,banxico,fx_rate_fix,3.1151,3.1151
1992-10-09,banxico,fx_rate_fix,3.1138,3.1138
1992-10-13,banxico,fx_rate_fix,3.1219,3.1219
1992-10-14,banxico,fx_rate_fix,3.1360,3.136
1992-10-15,banxico,fx_rate_fix,3.1344,3.1344
1992-10-16,banxico,fx_rate_fix,3.1340,3.134
1992-10-19,banxico,fx_rate_fix,3.1429,3.1429
1992-10-20,banxico,fx_rate_fix,3.1355,3.1355
1992-10-21,banxico,fx_rate_fix,3.1285,3.1285
1992-10-22,banxico,fx_rate_fix,3.1252,3.1252
1992-10-23,banxico,fx_rate_fix,3.1190,3.119
1992-10-26,banxico,fx_rate_fix,3.1181,3.1181
1992-10-27,banxico,fx_rate_fix,3.1364,3.1364
1992-10-28,banxico,fx_rate_fix,3.1321,3.1321
1992-10-29,banxico,fx_rate_fix,3.1309,3.1309
1992-10-30,banxico,fx_rate_fix,3.1256,3.1256
1992-11-03,banxico,fx_rate_fix,3.1258,3.1258
1992-11-04,banxico,fx_rate_fix,3.1271,3.1271
1992-11-05,banxico,fx_rate_fix,3.1253,3.1253
1992-11-06,banxico,fx_rate_fix,3.1188,3.1188
1992-11-09,banxico,fx_rate_fix,3.1249,3.1249
1992-11-10,banxico,fx_rate_fix,3.1197,3.1197
1992-11-11,banxico,fx_rate_fix,3.1148,3.1148
1992-11-12,banxico,fx_rate_fix,3.1156,3.1156
1992-11-13,banxico,fx_rate_fix,3.1130,3.113
1992-11-16,banxico,fx_rate_fix,3.1195,3.1195
1992-11-17,banxico,fx_rate_fix,3.1168,3.1168
1992-11-18,banxico,fx_rate_fix,3.1150,3.115
1992-11-19,banxico,fx_rate_fix,3.1143,3.1143
1992-11-23,banxico,fx_rate_fix,3.1194,3.1194
1992-11-24,banxico,fx_rate_fix,3.1193,3.1193
1992-11-25,banxico,fx_rate_fix,3.1138,3.1138
1992-11-26,banxico,fx_rate_fix,3.1159,3.1159
1992-11-27,banxico,fx_rate_fix,3.1149,3.1149
1992-11-30,banxico,fx_rate_fix,3.1141,3.1141
1992-12-01,banxico,fx_rate_fix,3.1170,3.117
1992-12-02,banxico,fx_rate_fix,3.1160,3.116
1992-12-03,banxico,fx_rate_fix,3.1139,3.1139
1992-12-04,banxico,fx_rate_fix,3.1158,3.1158
1992-12-07,banxico,fx_rate_fix,3.1176,3.1176
1992-12-08,banxico,fx_rate_fix,3.1132,3.1132
1992-12-09,banxico,fx_rate_fix,3.1128,3.1128
1992-12-10,banxico,fx_rate_fix,3.1117,3.1117
1992-12-11,banxico,fx_rate_fix,3.1137,3.1137
1992-12-14,banxico,fx_rate_fix,3.1169,3.1169
1992-12-15,banxico,fx_rate_fix,3.1372,3.1372
1992-12-16,banxico,fx_rate_fix,3.1352,3.1352
1992-12-17,banxico,fx_rate_fix,3.1204,3.1204
1992-12-18,banxico,fx_rate_fix,3.1205,3.1205
1992-12-21,banxico,fx_rate_fix,3.1179,3.1179
1992-12-22,banxico,fx_rate_fix,3.1245,3.1245
1992-12-23,banxico,fx_rate_fix,3.1195,3.1195
1992-12-24,banxico,fx_rate_fix,3.1134,3.1134
1992-12-28,banxico,fx_rate_fix,3.1154,3.1154
1992-12-29,banxico,fx_rate_fix,3.1230,3.123
1992-12-30,banxico,fx_rate_fix,3.1209,3.1209
1993-01-04,banxico,fx_rate_fix,3.1170,3.117
1993-01-05,banxico,fx_rate_fix,3.1180,3.118
1993-01-06,banxico,fx_rate_fix,3.1124,3.1124
1993-01-07,banxico,fx_rate_fix,3.1063,3.1063
1993-01-08,banxico,fx_rate_fix,3.1108,3.1108
1993-01-11,banxico,fx_rate_fix,3.1169,3.1169
1993-01-12,banxico,fx_rate_fix,3.1096,3.1096
1993-01-13,banxico,fx_rate_fix,3.1130,3.113
1993-01-14,banxico,fx_rate_fix,3.1130,3.113
1993-01-15,banxico,fx_rate_fix,3.1103,3.1103
1993-01-18,banxico,fx_rate_fix,3.1095,3.1095
1993-01-19,banxico,fx_rate_fix,3.1082,3.1082
1993-01-20,banxico,fx_rate_fix,3.1051,3.1051
1993-01-21,banxico,fx_rate_fix,3.1051,3.1051
1993-01-22,banxico,fx_rate_fix,3.1044,3.1044
1993-01-25,banxico,fx_rate_fix,3.1044,3.1044
1993-01-26,banxico,fx_rate_fix,3.0989,3.0989
1993-01-27,banxico,fx_rate_fix,3.0939,3.0939
1993-01-28,banxico,fx_rate_fix,3.1030,3.103
1993-01-29,banxico,fx_rate_fix,3.1140,3.114
1993-02-01,banxico,fx_rate_fix,3.1019,3.1019
1993-02-02,banxico,fx_rate_fix,3.0999,3.0999
1993-02-03,banxico,fx_rate_fix,3.1017,3.1017
1993-02-04,banxico,fx_rate_fix,3.1012,3.1012
1993-02-08,banxico,fx_rate_fix,3.0981,3.0981
1993-02-09,banxico,fx_rate_fix,3.0977,3.0977
1993-02-10,banxico,fx_rate_fix,3.0975,3.0975
1993-02-11,banxico,fx_rate_fix,3.1009,3.1009
1993-02-12,banxico,fx_rate_fix,3.0967,3.0967
1993-02-15,banxico,fx_rate_fix,3.1000,3.1
1993-02-16,banxico,fx_rate_fix,3.0977,3.0977
1993-02-17,banxico,fx_rate_fix,3.0986,3.0986
1993-02-18,banxico,fx_rate_fix,3.0943,3.0943
1993-02-19,banxico,fx_rate_fix,3.0950,3.095
1993-02-22,banxico,fx_rate_fix,3.0940,3.094
1993-02-23,banxico,fx_rate_fix,3.0939,3.0939
1993-02-24,banxico,fx_rate_fix,3.0938,3.0938
1993-02-25,banxico,fx_rate_fix,3.0974,3.0974
1993-02-26,banxico,fx_rate_fix,3.0987,3.0987
1993-03-01,banxico,fx_rate_fix,3.0939,3.0939
1993-03-02,banxico,fx_rate_fix,3.0939,3.0939
1993-03-03,banxico,fx_rate_fix,3.0948,3.0948
1993-03-04,banxico,fx_rate_fix,3.0961,3.0961
1993-03-05,banxico,fx_rate_fix,3.1010,3.101
1993-03-08,banxico,fx_rate_fix,3.1021,3.1021
1993-03-09,banxico,fx_rate_fix,3.1130,3.113
1993-03-10,banxico,fx_rate_fix,3.1174,3.1174
1993-03-11,banxico,fx_rate_fix,3.1197,3.1197
1993-03-12,banxico,fx_rate_fix,3.1196,3.1196
1993-03-15,banxico,fx_rate_fix,3.1182,3.1182
1993-03-16,banxico,fx_rate_fix,3.1200,3.12
1993-03-17,banxico,fx_rate_fix,3.1190,3.119
1993-03-18,banxico,fx_rate_fix,3.1169,3.1169
1993-03-19,banxico,fx_rate_fix,3.1124,3.1124
1993-03-22,banxico,fx_rate_fix,3.1172,3.1172
1993-03-23,banxico,fx_rate_fix,3.1149,3.1149
1993-03-24,banxico,fx_rate_fix,3.1119,3.1119
1993-03-25,banxico,fx_rate_fix,3.1114,3.1114
1993-03-26,banxico,fx_rate_fix,3.1049,3.1049
1993-03-29,banxico,fx_rate_fix,3.0976,3.0976
1993-03-30,banxico,fx_rate_fix,3.0937,3.0937
1993-03-31,banxico,fx_rate_fix,3.0937,3.0937
1993-04-01,banxico,fx_rate_fix,3.0940,3.094
1993-04-02,banxico,fx_rate_fix,3.0937,3.0937
1993-04-05,banxico,fx_rate_fix,3.0937,3.0937
1993-04-06,banxico,fx_rate_fix,3.0940,3.094
1993-04-07,banxico,fx_rate_fix,3.0985,3.0985
1993-04-12,banxico,fx_rate_fix,3.0962,3.0962
1993-04-13,banxico,fx_rate_fix,3.1007,3.1007
1993-04-14,banxico,fx_rate_fix,3.0989,3.0989
1993-04-15,banxico,fx_rate_fix,3.0940,3.094
1993-04-16,banxico,fx_rate_fix,3.0940,3.094
1993-04-19,banxico,fx_rate_fix,3.0936,3.0936
1993-04-20,banxico,fx_rate_fix,3.0935,3.0935
1993-04-21,banxico,fx_rate_fix,3.0934,3.0934
1993-04-22,banxico,fx_rate_fix,3.0937,3.0937
1993-04-23,banxico,fx_rate_fix,3.0946,3.0946
1993-04-26,banxico,fx_rate_fix,3.0976,3.0976
1993-04-27,banxico,fx_rate_fix,3.0961,3.0961
1993-04-28,banxico,fx_rate_fix,3.1022,3.1022
1993-04-29,banxico,fx_rate_fix,3.1152,3.1152
1993-04-30,banxico,fx_rate_fix,3.1139,3.1139
1993-05-03,banxico,fx_rate_fix,3.1079,3.1079
1993-05-04,banxico,fx_rate_fix,3.1246,3.1246
1993-05-06,banxico,fx_rate_fix,3.1329,3.1329
1993-05-07,banxico,fx_rate_fix,3.1335,3.1335
1993-05-10,banxico,fx_rate_fix,3.1309,3.1309
1993-05-11,banxico,fx_rate_fix,3.1355,3.1355
1993-05-12,banxico,fx_rate_fix,3.1291,3.1291
1993-05-13,banxico,fx_rate_fix,3.1310,3.131
1993-05-14,banxico,fx_rate_fix,3.1289,3.1289
1993-05-17,banxico,fx_rate_fix,3.1270,3.127
1993-05-18,banxico,fx_rate_fix,3.1169,3.1169
1993-05-19,banxico,fx_rate_fix,3.1132,3.1132
1993-05-20,banxico,fx_rate_fix,3.1109,3.1109
1993-05-21,banxico,fx_rate_fix,3.1097,3.1097
1993-05-24,banxico,fx_rate_fix,3.1172,3.1172
1993-05-25,banxico,fx_rate_fix,3.1242,3.1242
1993-05-26,banxico,fx_rate_fix,3.1294,3.1294
1993-05-27,banxico,fx_rate_fix,3.1227,3.1227
1993-05-28,banxico,fx_rate_fix,3.1224,3.1224
1993-05-31,banxico,fx_rate_fix,3.1190,3.119
1993-06-01,banxico,fx_rate_fix,3.1264,3.1264
1993-06-02,banxico,fx_rate_fix,3.1219,3.1219
1993-06-03,banxico,fx_rate_fix,3.1250,3.125
1993-06-04,banxico,fx_rate_fix,3.1251,3.1251
1993-06-07,banxico,fx_rate_fix,3.1256,3.1256
1993-06-08,banxico,fx_rate_fix,3.1321,3.1321
1993-06-09,banxico,fx_rate_fix,3.1269,3.1269
1993-06-10,banxico,fx_rate_fix,3.1282,3.1282
1993-06-11,banxico,fx_rate_fix,3.1210,3.121
1993-06-14,banxico,fx_rate_fix,3.1222,3.1222
1993-06-15,banxico,fx_rate_fix,3.1166,3.1166
1993-06-16,banxico,fx_rate_fix,3.1199,3.1199
1993-06-17,banxico,fx_rate_fix,3.1171,3.1171
1993-06-18,banxico,fx_rate_fix,3.1169,3.1169
1993-06-21,banxico,fx_rate_fix,3.1139,3.1139
1993-06-22,banxico,fx_rate_fix,3.1166,3.1166
1993-06-23,banxico,fx_rate_fix,3.1157,3.1157
1993-06-24,banxico,fx_rate_fix,3.1160,3.116
1993-06-25,banxico,fx_rate_fix,3.1195,3.1195
1993-06-28,banxico,fx_rate_fix,3.1212,3.1212
1993-06-29,banxico,fx_rate_fix,3.1186,3.1186
1993-06-30,banxico,fx_rate_fix,3.1180,3.118
1993-07-01,banxico,fx_rate_fix,3.1292,3.1292
1993-07-02,banxico,fx_rate_fix,3.1224,3.1224
1993-07-05,banxico,fx_rate_fix,3.1224,3.1224
1993-07-06,banxico,fx_rate_fix,3.1224,3.1224
1993-07-07,banxico,fx_rate_fix,3.1236,3.1236
1993-07-08,banxico,fx_rate_fix,3.1261,3.1261
1993-07-09,banxico,fx_rate_fix,3.1246,3.1246
1993-07-12,banxico,fx_rate_fix,3.1294,3.1294
1993-07-13,banxico,fx_rate_fix,3.1284,3.1284
1993-07-14,banxico,fx_rate_fix,3.1235,3.1235
1993-07-15,banxico,fx_rate_fix,3.1242,3.1242
1993-07-16,banxico,fx_rate_fix,3.1244,3.1244
1993-07-19,banxico,fx_rate_fix,3.1255,3.1255
1993-07-20,banxico,fx_rate_fix,3.1241,3.1241
1993-07-21,banxico,fx_rate_fix,3.1230,3.123
1993-07-22,banxico,fx_rate_fix,3.1229,3.1229
1993-07-23,banxico,fx_rate_fix,3.1251,3.1251
1993-07-26,banxico,fx_rate_fix,3.1210,3.121
1993-07-27,banxico,fx_rate_fix,3.1209,3.1209
1993-07-28,banxico,fx_rate_fix,3.1189,3.1189
1993-07-29,banxico,fx_rate_fix,3.1204,3.1204
1993-07-30,banxico,fx_rate_fix,3.1179,3.1179
1993-08-02,banxico,fx_rate_fix,3.1162,3.1162
1993-08-03,banxico,fx_rate_fix,3.1107,3.1107
1993-08-04,banxico,fx_rate_fix,3.1097,3.1097
1993-08-05,banxico,fx_rate_fix,3.1149,3.1149
1993-08-06,banxico,fx_rate_fix,3.1137,3.1137
1993-08-09,banxico,fx_rate_fix,3.1100,3.11
1993-08-10,banxico,fx_rate_fix,3.1110,3.111
1993-08-11,banxico,fx_rate_fix,3.1100,3.11
1993-08-12,banxico,fx_rate_fix,3.1165,3.1165
1993-08-13,banxico,fx_rate_fix,3.1079,3.1079
1993-08-16,banxico,fx_rate_fix,3.1110,3.111
1993-08-17,banxico,fx_rate_fix,3.1104,3.1104
1993-08-18,banxico,fx_rate_fix,3.1119,3.1119
1993-08-19,banxico,fx_rate_fix,3.1131,3.1131
1993-08-20,banxico,fx_rate_fix,3.1124,3.1124
1993-08-23,banxico,fx_rate_fix,3.1112,3.1112
1993-08-24,banxico,fx_rate_fix,3.1109,3.1109
1993-08-25,banxico,fx_rate_fix,3.1104,3.1104
1993-08-26,banxico,fx_rate_fix,3.1117,3.1117
1993-08-27,banxico,fx_rate_fix,3.1145,3.1145
1993-08-30,banxico,fx_rate_fix,3.1142,3.1142
1993-08-31,banxico,fx_rate_fix,3.1142,3.1142
1993-09-01,banxico,fx_rate_fix,3.1137,3.1137
1993-09-02,banxico,fx_rate_fix,3.1139,3.1139
1993-09-03,banxico,fx_rate_fix,3.1139,3.1139
1993-09-06,banxico,fx_rate_fix,3.1117,3.1117
1993-09-07,banxico,fx_rate_fix,3.1130,3.113
1993-09-08,banxico,fx_rate_fix,3.1124,3.1124
1993-09-09,banxico,fx_rate_fix,3.1127,3.1127
1993-09-10,banxico,fx_rate_fix,3.1119,3.1119
1993-09-13,banxico,fx_rate_fix,3.1119,3.1119
1993-09-14,banxico,fx_rate_fix,3.1109,3.1109
1993-09-15,banxico,fx_rate_fix,3.1108,3.1108
1993-09-17,banxico,fx_rate_fix,3.1093,3.1093
1993-09-20,banxico,fx_rate_fix,3.1073,3.1073
1993-09-21,banxico,fx_rate_fix,3.1100,3.11
1993-09-22,banxico,fx_rate_fix,3.1163,3.1163
1993-09-23,banxico,fx_rate_fix,3.1124,3.1124
1993-09-24,banxico,fx_rate_fix,3.1114,3.1114
1993-09-27,banxico,fx_rate_fix,3.1199,3.1199
1993-09-28,banxico,fx_rate_fix,3.1178,3.1178
1993-09-29,banxico,fx_rate_fix,3.1178,3.1178
1993-09-30,banxico,fx_rate_fix,3.1179,3.1179
1993-10-01,banxico,fx_rate_fix,3.1163,3.1163
1993-10-04,banxico,fx_rate_fix,3.1131,3.1131
1993-10-05,banxico,fx_rate_fix,3.1148,3.1148
1993-10-06,banxico,fx_rate_fix,3.1142,3.1142
1993-10-07,banxico,fx_rate_fix,3.1156,3.1156
1993-10-08,banxico,fx_rate_fix,3.1158,3.1158
1993-10-11,banxico,fx_rate_fix,3.1136,3.1136
1993-10-13,banxico,fx_rate_fix,3.1129,3.1129
1993-10-14,banxico,fx_rate_fix,3.1135,3.1135
1993-10-15,banxico,fx_rate_fix,3.1140,3.114
1993-10-18,banxico,fx_rate_fix,3.1123,3.1123
1993-10-19,banxico,fx_rate_fix,3.1125,3.1125
1993-10-20,banxico,fx_rate_fix,3.1115,3.1115
1993-10-21,banxico,fx_rate_fix,3.1120,3.112
1993-10-22,banxico,fx_rate_fix,3.1125,3.1125
1993-10-25,banxico,fx_rate_fix,3.1135,3.1135
1993-10-26,banxico,fx_rate_fix,3.1135,3.1135
1993-10-27,banxico,fx_rate_fix,3.1176,3.1176
1993-10-28,banxico,fx_rate_fix,3.1293,3.1293
1993-10-29,banxico,fx_rate_fix,3.1259,3.1259
1993-11-03,banxico,fx_rate_fix,3.1481,3.1481
1993-11-04,banxico,fx_rate_fix,3.1476,3.1476
1993-11-05,banxico,fx_rate_fix,3.1520,3.152
1993-11-08,banxico,fx_rate_fix,3.1520,3.152
1993-11-09,banxico,fx_rate_fix,3.2450,3.245
1993-11-10,banxico,fx_rate_fix,3.2400,3.24
1993-11-11,banxico,fx_rate_fix,3.2163,3.2163
1993-11-12,banxico,fx_rate_fix,3.2325,3.2325
1993-11-15,banxico,fx_rate_fix,3.2125,3.2125
1993-11-16,banxico,fx_rate_fix,3.1850,3.185
1993-11-17,banxico,fx_rate_fix,3.1608,3.1608
1993-11-18,banxico,fx_rate_fix,3.1114,3.1114
1993-11-19,banxico,fx_rate_fix,3.1148,3.1148
1993-11-22,banxico,fx_rate_fix,3.1010,3.101
1993-11-23,banxico,fx_rate_fix,3.1003,3.1003
1993-11-24,banxico,fx_rate_fix,3.1021,3.1021
1993-11-25,banxico,fx_rate_fix,3.1168,3.1168
1993-11-26,banxico,fx_rate_fix,3.1125,3.1125
1993-11-29,banxico,fx_rate_fix,3.1065,3.1065
1993-11-30,banxico,fx_rate_fix,3.1042,3.1042
1993-12-01,banxico,fx_rate_fix,3.1034,3.1034
1993-12-02,banxico,fx_rate_fix,3.1037,3.1037
1993-12-03,banxico,fx_rate_fix,3.1036,3.1036
1993-12-06,banxico,fx_rate_fix,3.1052,3.1052
1993-12-07,banxico,fx_rate_fix,3.1047,3.1047
1993-12-08,banxico,fx_rate_fix,3.1047,3.1047
1993-12-09,banxico,fx_rate_fix,3.1075,3.1075
1993-12-10,banxico,fx_rate_fix,3.1169,3.1169
1993-12-13,banxico,fx_rate_fix,3.1130,3.113
1993-12-14,banxico,fx_rate_fix,3.1118,3.1118
1993-12-15,banxico,fx_rate_fix,3.1065,3.1065
1993-12-16,banxico,fx_rate_fix,3.1053,3.1053
1993-12-17,banxico,fx_rate_fix,3.1055,3.1055
1993-12-20,banxico,fx_rate_fix,3.1114,3.1114
1993-12-21,banxico,fx_rate_fix,3.1111,3.1111
1993-12-22,banxico,fx_rate_fix,3.1155,3.1155
1993-12-23,banxico,fx_rate_fix,3.1110,3.111
1993-12-24,banxico,fx_rate_fix,3.1059,3.1059
1993-12-27,banxico,fx_rate_fix,3.1056,3.1056
1993-12-28,banxico,fx_rate_fix,3.1059,3.1059
1993-12-29,banxico,fx_rate_fix,3.1099,3.1099
1993-12-30,banxico,fx_rate_fix,3.1071,3.1071
1994-01-03,banxico,fx_rate_fix,3.1075,3.1075
1994-01-04,banxico,fx_rate_fix,3.1129,3.1129
1994-01-05,banxico,fx_rate_fix,3.1060,3.106
1994-01-06,banxico,fx_rate_fix,3.1057,3.1057
1994-01-07,banxico,fx_rate_fix,3.1057,3.1057
1994-01-10,banxico,fx_rate_fix,3.1150,3.115
1994-01-11,banxico,fx_rate_fix,3.1098,3.1098
1994-01-12,banxico,fx_rate_fix,3.1094,3.1094
1994-01-13,banxico,fx_rate_fix,3.1061,3.1061
1994-01-14,banxico,fx_rate_fix,3.1088,3.1088
1994-01-17,banxico,fx_rate_fix,3.1061,3.1061
1994-01-18,banxico,fx_rate_fix,3.1058,3.1058
1994-01-19,banxico,fx_rate_fix,3.1056,3.1056
1994-01-20,banxico,fx_rate_fix,3.1060,3.106
1994-01-21,banxico,fx_rate_fix,3.1055,3.1055
1994-01-24,banxico,fx_rate_fix,3.1056,3.1056
1994-01-25,banxico,fx_rate_fix,3.1058,3.1058
1994-01-26,banxico,fx_rate_fix,3.1064,3.1064
1994-01-27,banxico,fx_rate_fix,3.1063,3.1063
1994-01-28,banxico,fx_rate_fix,3.1059,3.1059
1994-01-31,banxico,fx_rate_fix,3.1054,3.1054
1994-02-01,banxico,fx_rate_fix,3.1050,3.105
1994-02-02,banxico,fx_rate_fix,3.1053,3.1053
1994-02-03,banxico,fx_rate_fix,3.1056,3.1056
1994-02-04,banxico,fx_rate_fix,3.1056,3.1056
1994-02-07,banxico,fx_rate_fix,3.1056,3.1056
1994-02-08,banxico,fx_rate_fix,3.1058,3.1058
1994-02-09,banxico,fx_rate_fix,3.1055,3.1055
1994-02-10,banxico,fx_rate_fix,3.1050,3.105
1994-02-11,banxico,fx_rate_fix,3.1050,3.105
1994-02-14,banxico,fx_rate_fix,3.1055,3.1055
1994-02-15,banxico,fx_rate_fix,3.1050,3.105
1994-02-16,banxico,fx_rate_fix,3.1055,3.1055
1994-02-17,banxico,fx_rate_fix,3.1053,3.1053
1994-02-18,banxico,fx_rate_fix,3.1057,3.1057
1994-02-21,banxico,fx_rate_fix,3.1061,3.1061
1994-02-22,banxico,fx_rate_fix,3.1110,3.111
1994-02-23,banxico,fx_rate_fix,3.1179,3.1179
1994-02-24,banxico,fx_rate_fix,3.2075,3.2075
1994-02-25,banxico,fx_rate_fix,3.2113,3.2113
1994-02-28,banxico,fx_rate_fix,3.1933,3.1933
1994-03-01,banxico,fx_rate_fix,3.1944,3.1944
1994-03-02,banxico,fx_rate_fix,3.2663,3.2663
1994-03-03,banxico,fx_rate_fix,3.2513,3.2513
1994-03-04,banxico,fx_rate_fix,3.2355,3.2355
1994-03-07,banxico,fx_rate_fix,3.2520,3.252
1994-03-08,banxico,fx_rate_fix,3.2565,3.2565
1994-03-09,banxico,fx_rate_fix,3.3150,3.315
1994-03-10,banxico,fx_rate_fix,3.2888,3.2888
1994-03-11,banxico,fx_rate_fix,3.3025,3.3025
1994-03-14,banxico,fx_rate_fix,3.2849,3.2849
1994-03-15,banxico,fx_rate_fix,3.3106,3.3106
1994-03-16,banxico,fx_rate_fix,3.3033,3.3033
1994-03-17,banxico,fx_rate_fix,3.3043,3.3043
1994-03-18,banxico,fx_rate_fix,3.3248,3.3248
1994-03-22,banxico,fx_rate_fix,3.3326,3.3326
1994-03-23,banxico,fx_rate_fix,3.3353,3.3353
1994-03-25,banxico,fx_rate_fix,3.3586,3.3586
1994-03-28,banxico,fx_rate_fix,3.3598,3.3598
1994-03-29,banxico,fx_rate_fix,3.3500,3.35
1994-03-30,banxico,fx_rate_fix,3.3606,3.3606
1994-04-04,banxico,fx_rate_fix,3.3626,3.3626
1994-04-05,banxico,fx_rate_fix,3.3630,3.363
1994-04-06,banxico,fx_rate_fix,3.3615,3.3615
1994-04-07,banxico,fx_rate_fix,3.3630,3.363
1994-04-08,banxico,fx_rate_fix,3.3642,3.3642
1994-04-11,banxico,fx_rate_fix,3.3654,3.3654
1994-04-12,banxico,fx_rate_fix,3.3657,3.3657
1994-04-13,banxico,fx_rate_fix,3.3660,3.366
1994-04-14,banxico,fx_rate_fix,3.3666,3.3666
1994-04-15,banxico,fx_rate_fix,3.3670,3.367
1994-04-18,banxico,fx_rate_fix,3.3682,3.3682
1994-04-19,banxico,fx_rate_fix,3.3686,3.3686
1994-04-20,banxico,fx_rate_fix,3.3690,3.369
1994-04-21,banxico,fx_rate_fix,3.3694,3.3694
1994-04-22,banxico,fx_rate_fix,3.3679,3.3679
1994-04-25,banxico,fx_rate_fix,3.3073,3.3073
1994-04-26,banxico,fx_rate_fix,3.2980,3.298
1994-04-27,banxico,fx_rate_fix,3.2673,3.2673
1994-04-28,banxico,fx_rate_fix,3.2763,3.2763
1994-04-29,banxico,fx_rate_fix,3.2748,3.2748
1994-05-02,banxico,fx_rate_fix,3.2748,3.2748
1994-05-03,banxico,fx_rate_fix,3.3145,3.3145
1994-05-04,banxico,fx_rate_fix,3.3053,3.3053
1994-05-06,banxico,fx_rate_fix,3.3223,3.3223
1994-05-09,banxico,fx_rate_fix,3.3396,3.3396
1994-05-10,banxico,fx_rate_fix,3.3163,3.3163
1994-05-11,banxico,fx_rate_fix,3.3173,3.3173
1994-05-12,banxico,fx_rate_fix,3.3325,3.3325
1994-05-13,banxico,fx_rate_fix,3.3298,3.3298
1994-05-16,banxico,fx_rate_fix,3.3319,3.3319
1994-05-17,banxico,fx_rate_fix,3.3290,3.329
1994-05-18,banxico,fx_rate_fix,3.3309,3.3309
1994-05-19,banxico,fx_rate_fix,3.3220,3.322
1994-05-20,banxico,fx_rate_fix,3.3020,3.302
1994-05-23,banxico,fx_rate_fix,3.3025,3.3025
1994-05-24,banxico,fx_rate_fix,3.2919,3.2919
1994-05-25,banxico,fx_rate_fix,3.3093,3.3093
1994-05-26,banxico,fx_rate_fix,3.3148,3.3148
1994-05-27,banxico,fx_rate_fix,3.3145,3.3145
1994-05-30,banxico,fx_rate_fix,3.3276,3.3276
1994-05-31,banxico,fx_rate_fix,3.3214,3.3214
1994-06-01,banxico,fx_rate_fix,3.3269,3.3269
1994-06-02,banxico,fx_rate_fix,3.3253,3.3253
1994-06-03,banxico,fx_rate_fix,3.3243,3.3243
1994-06-06,banxico,fx_rate_fix,3.3350,3.335
1994-06-07,banxico,fx_rate_fix,3.3650,3.365
1994-06-08,banxico,fx_rate_fix,3.3535,3.3535
1994-06-09,banxico,fx_rate_fix,3.3588,3.3588
1994-06-10,banxico,fx_rate_fix,3.3613,3.3613
1994-06-13,banxico,fx_rate_fix,3.3784,3.3784
1994-06-14,banxico,fx_rate_fix,3.3734,3.3734
1994-06-15,banxico,fx_rate_fix,3.3673,3.3673
1994-06-16,banxico,fx_rate_fix,3.3675,3.3675
1994-06-17,banxico,fx_rate_fix,3.3675,3.3675
1994-06-20,banxico,fx_rate_fix,3.3703,3.3703
1994-06-21,banxico,fx_rate_fix,3.3743,3.3743
1994-06-22,banxico,fx_rate_fix,3.3790,3.379
1994-06-23,banxico,fx_rate_fix,3.3855,3.3855
1994-06-24,banxico,fx_rate_fix,3.3903,3.3903
1994-06-27,banxico,fx_rate_fix,3.3918,3.3918
1994-06-28,banxico,fx_rate_fix,3.3918,3.3918
1994-06-29,banxico,fx_rate_fix,3.3865,3.3865
1994-06-30,banxico,fx_rate_fix,3.3938,3.3938
1994-07-01,banxico,fx_rate_fix,3.3945,3.3945
1994-07-04,banxico,fx_rate_fix,3.3990,3.399
1994-07-05,banxico,fx_rate_fix,3.3994,3.3994
1994-07-06,banxico,fx_rate_fix,3.3998,3.3998
1994-07-07,banxico,fx_rate_fix,3.4002,3.4002
1994-07-08,banxico,fx_rate_fix,3.4006,3.4006
1994-07-11,banxico,fx_rate_fix,3.4018,3.4018
1994-07-12,banxico,fx_rate_fix,3.4022,3.4022
1994-07-13,banxico,fx_rate_fix,3.4026,3.4026
1994-07-14,banxico,fx_rate_fix,3.4025,3.4025
1994-07-15,banxico,fx_rate_fix,3.4020,3.402
1994-07-18,banxico,fx_rate_fix,3.3998,3.3998
1994-07-19,banxico,fx_rate_fix,3.4011,3.4011
1994-07-20,banxico,fx_rate_fix,3.4052,3.4052
1994-07-21,banxico,fx_rate_fix,3.4056,3.4056
1994-07-22,banxico,fx_rate_fix,3.4060,3.406
1994-07-25,banxico,fx_rate_fix,3.4072,3.4072
1994-07-26,banxico,fx_rate_fix,3.4078,3.4078
1994-07-27,banxico,fx_rate_fix,3.4019,3.4019
1994-07-28,banxico,fx_rate_fix,3.4006,3.4006
1994-07-29,banxico,fx_rate_fix,3.4006,3.4006
1994-08-01,banxico,fx_rate_fix,3.3989,3.3989
1994-08-02,banxico,fx_rate_fix,3.3789,3.3789
1994-08-03,banxico,fx_rate_fix,3.3753,3.3753
1994-08-04,banxico,fx_rate_fix,3.3781,3.3781
1994-08-05,banxico,fx_rate_fix,3.3829,3.3829
1994-08-08,banxico,fx_rate_fix,3.3870,3.387
1994-08-09,banxico,fx_rate_fix,3.3882,3.3882
1994-08-10,banxico,fx_rate_fix,3.4030,3.403
1994-08-11,banxico,fx_rate_fix,3.3980,3.398
1994-08-12,banxico,fx_rate_fix,3.3996,3.3996
1994-08-15,banxico,fx_rate_fix,3.4048,3.4048
1994-08-16,banxico,fx_rate_fix,3.4078,3.4078
1994-08-17,banxico,fx_rate_fix,3.3845,3.3845
1994-08-18,banxico,fx_rate_fix,3.3769,3.3769
1994-08-19,banxico,fx_rate_fix,3.3593,3.3593
1994-08-22,banxico,fx_rate_fix,3.3358,3.3358
1994-08-23,banxico,fx_rate_fix,3.3428,3.3428
1994-08-24,banxico,fx_rate_fix,3.3555,3.3555
1994-08-25,banxico,fx_rate_fix,3.3671,3.3671
1994-08-26,banxico,fx_rate_fix,3.3826,3.3826
1994-08-29,banxico,fx_rate_fix,3.3794,3.3794
1994-08-30,banxico,fx_rate_fix,3.3815,3.3815
1994-08-31,banxico,fx_rate_fix,3.3903,3.3903
1994-09-01,banxico,fx_rate_fix,3.3908,3.3908
1994-09-02,banxico,fx_rate_fix,3.3778,3.3778
1994-09-05,banxico,fx_rate_fix,3.3896,3.3896
1994-09-06,banxico,fx_rate_fix,3.4040,3.404
1994-09-07,banxico,fx_rate_fix,3.3983,3.3983
1994-09-08,banxico,fx_rate_fix,3.4014,3.4014
1994-09-09,banxico,fx_rate_fix,3.4123,3.4123
1994-09-12,banxico,fx_rate_fix,3.4134,3.4134
1994-09-13,banxico,fx_rate_fix,3.4199,3.4199
1994-09-14,banxico,fx_rate_fix,3.4168,3.4168
1994-09-15,banxico,fx_rate_fix,3.4145,3.4145
1994-09-19,banxico,fx_rate_fix,3.4078,3.4078
1994-09-20,banxico,fx_rate_fix,3.4068,3.4068
1994-09-21,banxico,fx_rate_fix,3.4030,3.403
1994-09-22,banxico,fx_rate_fix,3.4088,3.4088
1994-09-23,banxico,fx_rate_fix,3.3905,3.3905
1994-09-26,banxico,fx_rate_fix,3.3733,3.3733
1994-09-27,banxico,fx_rate_fix,3.3908,3.3908
1994-09-28,banxico,fx_rate_fix,3.4040,3.404
1994-09-29,banxico,fx_rate_fix,3.3980,3.398
1994-09-30,banxico,fx_rate_fix,3.3983,3.3983
1994-10-03,banxico,fx_rate_fix,3.3984,3.3984
1994-10-04,banxico,fx_rate_fix,3.4143,3.4143
1994-10-05,banxico,fx_rate_fix,3.4128,3.4128
1994-10-06,banxico,fx_rate_fix,3.4159,3.4159
1994-10-07,banxico,fx_rate_fix,3.4175,3.4175
1994-10-10,banxico,fx_rate_fix,3.4160,3.416
1994-10-11,banxico,fx_rate_fix,3.4199,3.4199
1994-10-12,banxico,fx_rate_fix,3.4170,3.417
1994-10-13,banxico,fx_rate_fix,3.4136,3.4136
1994-10-14,banxico,fx_rate_fix,3.4179,3.4179
1994-10-17,banxico,fx_rate_fix,3.4215,3.4215
1994-10-18,banxico,fx_rate_fix,3.4216,3.4216
1994-10-19,banxico,fx_rate_fix,3.4106,3.4106
1994-10-20,banxico,fx_rate_fix,3.4173,3.4173
1994-10-21,banxico,fx_rate_fix,3.4175,3.4175
1994-10-24,banxico,fx_rate_fix,3.4199,3.4199
1994-10-25,banxico,fx_rate_fix,3.4286,3.4286
1994-10-26,banxico,fx_rate_fix,3.4256,3.4256
1994-10-27,banxico,fx_rate_fix,3.4300,3.43
1994-10-28,banxico,fx_rate_fix,3.4360,3.436
1994-10-31,banxico,fx_rate_fix,3.4381,3.4381
1994-11-03,banxico,fx_rate_fix,3.4350,3.435
1994-11-04,banxico,fx_rate_fix,3.4296,3.4296
1994-11-07,banxico,fx_rate_fix,3.4273,3.4273
1994-11-08,banxico,fx_rate_fix,3.4241,3.4241
1994-11-09,banxico,fx_rate_fix,3.4285,3.4285
1994-11-10,banxico,fx_rate_fix,3.4424,3.4424
1994-11-11,banxico,fx_rate_fix,3.4435,3.4435
1994-11-14,banxico,fx_rate_fix,3.4513,3.4513
1994-11-15,banxico,fx_rate_fix,3.4526,3.4526
1994-11-16,banxico,fx_rate_fix,3.4530,3.453
1994-11-17,banxico,fx_rate_fix,3.4534,3.4534
1994-11-18,banxico,fx_rate_fix,3.4538,3.4538
1994-11-21,banxico,fx_rate_fix,3.4455,3.4455
1994-11-22,banxico,fx_rate_fix,3.4473,3.4473
1994-11-23,banxico,fx_rate_fix,3.4439,3.4439
1994-11-24,banxico,fx_rate_fix,3.4480,3.448
1994-11-25,banxico,fx_rate_fix,3.4481,3.4481
1994-11-28,banxico,fx_rate_fix,3.4498,3.4498
1994-11-29,banxico,fx_rate_fix,3.4410,3.441
1994-11-30,banxico,fx_rate_fix,3.4386,3.4386
1994-12-02,banxico,fx_rate_fix,3.4379,3.4379
1994-12-05,banxico,fx_rate_fix,3.4418,3.4418
1994-12-06,banxico,fx_rate_fix,3.4469,3.4469
1994-12-07,banxico,fx_rate_fix,3.4519,3.4519
1994-12-08,banxico,fx_rate_fix,3.4511,3.4511
1994-12-09,banxico,fx_rate_fix,3.4534,3.4534
1994-12-13,banxico,fx_rate_fix,3.4585,3.4585
1994-12-14,banxico,fx_rate_fix,3.4543,3.4543
1994-12-15,banxico,fx_rate_fix,3.4606,3.4606
1994-12-16,banxico,fx_rate_fix,3.4635,3.4635
1994-12-19,banxico,fx_rate_fix,3.4662,3.4662
1994-12-20,banxico,fx_rate_fix,3.9413,3.9413
1994-12-21,banxico,fx_rate_fix,3.9970,3.997
1994-12-22,banxico,fx_rate_fix,4.8875,4.8875
1994-12-23,banxico,fx_rate_fix,4.7375,4.7375
1994-12-26,banxico,fx_rate_fix,5.1000,5.1
1994-12-27,banxico,fx_rate_fix,5.7625,5.7625
1994-12-28,banxico,fx_rate_fix,5.3250,5.325
1994-12-29,banxico,fx_rate_fix,4.9400,4.94
1994-12-30,banxico,fx_rate_fix,4.9950,4.995
1995-01-02,banxico,fx_rate_fix,5.2700,5.27
1995-01-03,banxico,fx_rate_fix,5.5000,5.5
1995-01-04,banxico,fx_rate_fix,5.5300,5.53
1995-01-05,banxico,fx_rate_fix,5.3900,5.39
1995-01-06,banxico,fx_rate_fix,5.5950,5.595
1995-01-09,banxico,fx_rate_fix,5.3950,5.395
1995-01-10,banxico,fx_rate_fix,5.7800,5.78
1995-01-11,banxico,fx_rate_fix,5.7575,5.7575
1995-01-12,banxico,fx_rate_fix,5.6875,5.6875
1995-01-13,banxico,fx_rate_fix,5.3950,5.395
1995-01-16,banxico,fx_rate_fix,5.4900,5.49
1995-01-17,banxico,fx_rate_fix,5.3075,5.3075
1995-01-18,banxico,fx_rate_fix,5.2825,5.2825
1995-01-19,banxico,fx_rate_fix,5.6075,5.6075
1995-01-20,banxico,fx_rate_fix,5.7050,5.705
1995-01-23,banxico,fx_rate_fix,5.7725,5.7725
1995-01-24,banxico,fx_rate_fix,5.8075,5.8075
1995-01-25,banxico,fx_rate_fix,5.7000,5.7
1995-01-26,banxico,fx_rate_fix,5.6900,5.69
1995-01-27,banxico,fx_rate_fix,5.6950,5.695
1995-01-30,banxico,fx_rate_fix,6.5000,6.5
1995-01-31,banxico,fx_rate_fix,5.9000,5.9
1995-02-01,banxico,fx_rate_fix,5.5125,5.5125
1995-02-02,banxico,fx_rate_fix,5.4550,5.455
1995-02-03,banxico,fx_rate_fix,5.3775,5.3775
1995-02-06,banxico,fx_rate_fix,5.3650,5.365
1995-02-07,banxico,fx_rate_fix,5.3625,5.3625
1995-02-08,banxico,fx_rate_fix,5.3625,5.3625
1995-02-09,banxico,fx_rate_fix,5.5900,5.59
1995-02-10,banxico,fx_rate_fix,5.6375,5.6375
1995-02-13,banxico,fx_rate_fix,5.6150,5.615
1995-02-14,banxico,fx_rate_fix,5.7675,5.7675
1995-02-15,banxico,fx_rate_fix,5.9925,5.9925
1995-02-16,banxico,fx_rate_fix,6.1000,6.1
1995-02-17,banxico,fx_rate_fix,5.7150,5.715
1995-02-20,banxico,fx_rate_fix,5.5225,5.5225
1995-02-21,banxico,fx_rate_fix,5.4700,5.47
1995-02-22,banxico,fx_rate_fix,5.9500,5.95
1995-02-23,banxico,fx_rate_fix,5.6750,5.675
1995-02-24,banxico,fx_rate_fix,5.8375,5.8375
1995-02-27,banxico,fx_rate_fix,6.0775,6.0775
1995-02-28,banxico,fx_rate_fix,6.0050,6.005
1995-03-01,banxico,fx_rate_fix,5.9775,5.9775
1995-03-02,banxico,fx_rate_fix,5.9625,5.9625
1995-03-03,banxico,fx_rate_fix,6.0725,6.0725
1995-03-06,banxico,fx_rate_fix,6.6350,6.635
1995-03-07,banxico,fx_rate_fix,6.8750,6.875
1995-03-08,banxico,fx_rate_fix,6.8225,6.8225
1995-03-09,banxico,fx_rate_fix,7.5875,7.5875
1995-03-10,banxico,fx_rate_fix,6.4675,6.4675
1995-03-13,banxico,fx_rate_fix,6.4700,6.47
1995-03-14,banxico,fx_rate_fix,6.5700,6.57
1995-03-15,banxico,fx_rate_fix,6.9725,6.9725
1995-03-16,banxico,fx_rate_fix,7.2075,7.2075
1995-03-17,banxico,fx_rate_fix,7.0825,7.0825
1995-03-20,banxico,fx_rate_fix,7.0875,7.0875
1995-03-22,banxico,fx_rate_fix,7.2800,7.28
1995-03-23,banxico,fx_rate_fix,7.0425,7.0425
1995-03-24,banxico,fx_rate_fix,6.8750,6.875
1995-03-27,banxico,fx_rate_fix,6.7275,6.7275
1995-03-28,banxico,fx_rate_fix,6.8275,6.8275
1995-03-29,banxico,fx_rate_fix,6.8175,6.8175
1995-03-30,banxico,fx_rate_fix,6.7800,6.78
1995-03-31,banxico,fx_rate_fix,6.8475,6.8475
1995-04-03,banxico,fx_rate_fix,6.8025,6.8025
1995-04-04,banxico,fx_rate_fix,6.5883,6.5883
1995-04-05,banxico,fx_rate_fix,6.4850,6.485
1995-04-06,banxico,fx_rate_fix,6.3808,6.3808
1995-04-07,banxico,fx_rate_fix,6.2933,6.2933
1995-04-10,banxico,fx_rate_fix,6.2917,6.2917
1995-04-11,banxico,fx_rate_fix,6.3033,6.3033
1995-04-12,banxico,fx_rate_fix,6.2867,6.2867
1995-04-17,banxico,fx_rate_fix,6.2733,6.2733
1995-04-18,banxico,fx_rate_fix,6.2450,6.245
1995-04-19,banxico,fx_rate_fix,6.1392,6.1392
1995-04-20,banxico,fx_rate_fix,6.0483,6.0483
1995-04-21,banxico,fx_rate_fix,6.0192,6.0192
1995-04-24,banxico,fx_rate_fix,5.9350,5.935
1995-04-25,banxico,fx_rate_fix,5.8883,5.8883
1995-04-26,banxico,fx_rate_fix,5.7850,5.785
1995-04-27,banxico,fx_rate_fix,5.8983,5.8983
1995-04-28,banxico,fx_rate_fix,6.0517,6.0517
1995-05-02,banxico,fx_rate_fix,5.9567,5.9567
1995-05-03,banxico,fx_rate_fix,5.8692,5.8692
1995-05-04,banxico,fx_rate_fix,5.8758,5.8758
1995-05-08,banxico,fx_rate_fix,5.8417,5.8417
1995-05-09,banxico,fx_rate_fix,5.8883,5.8883
1995-05-10,banxico,fx_rate_fix,5.9575,5.9575
1995-05-11,banxico,fx_rate_fix,5.9083,5.9083
1995-05-12,banxico,fx_rate_fix,5.9408,5.9408
1995-05-15,banxico,fx_rate_fix,5.9742,5.9742
1995-05-16,banxico,fx_rate_fix,5.9492,5.9492
1995-05-17,banxico,fx_rate_fix,5.9275,5.9275
1995-05-18,banxico,fx_rate_fix,5.9200,5.92
1995-05-19,banxico,fx_rate_fix,5.9175,5.9175
1995-05-22,banxico,fx_rate_fix,5.9192,5.9192
1995-05-23,banxico,fx_rate_fix,5.9950,5.995
1995-05-24,banxico,fx_rate_fix,6.0350,6.035
1995-05-25,banxico,fx_rate_fix,6.0550,6.055
1995-05-26,banxico,fx_rate_fix,6.1583,6.1583
1995-05-29,banxico,fx_rate_fix,6.1775,6.1775
1995-05-30,banxico,fx_rate_fix,6.2600,6.26
1995-05-31,banxico,fx_rate_fix,6.1808,6.1808
1995-06-01,banxico,fx_rate_fix,6.2167,6.2167
1995-06-02,banxico,fx_rate_fix,6.2017,6.2017
1995-06-05,banxico,fx_rate_fix,6.1408,6.1408
1995-06-06,banxico,fx_rate_fix,6.1108,6.1108
1995-06-07,banxico,fx_rate_fix,6.1617,6.1617
1995-06-08,banxico,fx_rate_fix,6.2317,6.2317
1995-06-09,banxico,fx_rate_fix,6.2825,6.2825
1995-06-12,banxico,fx_rate_fix,6.2792,6.2792
1995-06-13,banxico,fx_rate_fix,6.1808,6.1808
1995-06-14,banxico,fx_rate_fix,6.2275,6.2275
1995-06-15,banxico,fx_rate_fix,6.1867,6.1867
1995-06-16,banxico,fx_rate_fix,6.1808,6.1808
1995-06-19,banxico,fx_rate_fix,6.2008,6.2008
1995-06-20,banxico,fx_rate_fix,6.2517,6.2517
1995-06-21,banxico,fx_rate_fix,6.2867,6.2867
1995-06-22,banxico,fx_rate_fix,6.2425,6.2425
1995-06-23,banxico,fx_rate_fix,6.2500,6.25
1995-06-26,banxico,fx_rate_fix,6.2550,6.255
1995-06-27,banxico,fx_rate_fix,6.2717,6.2717
1995-06-28,banxico,fx_rate_fix,6.3092,6.3092
1995-06-29,banxico,fx_rate_fix,6.2621,6.2621
1995-06-30,banxico,fx_rate_fix,6.2608,6.2608
1995-07-03,banxico,fx_rate_fix,6.2425,6.2425
1995-07-04,banxico,fx_rate_fix,6.2683,6.2683
1995-07-05,banxico,fx_rate_fix,6.2633,6.2633
1995-07-06,banxico,fx_rate_fix,6.2371,6.2371
1995-07-07,banxico,fx_rate_fix,6.1650,6.165
1995-07-10,banxico,fx_rate_fix,6.1075,6.1075
1995-07-11,banxico,fx_rate_fix,6.1209,6.1209
1995-07-12,banxico,fx_rate_fix,6.0971,6.0971
1995-07-13,banxico,fx_rate_fix,6.0283,6.0283
1995-07-14,banxico,fx_rate_fix,6.0450,6.045
1995-07-17,banxico,fx_rate_fix,5.9896,5.9896
1995-07-18,banxico,fx_rate_fix,6.0413,6.0413
1995-07-19,banxico,fx_rate_fix,6.0793,6.0793
1995-07-20,banxico,fx_rate_fix,6.1583,6.1583
1995-07-21,banxico,fx_rate_fix,6.0983,6.0983
1995-07-24,banxico,fx_rate_fix,6.1054,6.1054
1995-07-25,banxico,fx_rate_fix,6.1500,6.15
1995-07-26,banxico,fx_rate_fix,6.1200,6.12
1995-07-27,banxico,fx_rate_fix,6.0882,6.0882
1995-07-28,banxico,fx_rate_fix,6.1052,6.1052
1995-07-31,banxico,fx_rate_fix,6.1142,6.1142
1995-08-01,banxico,fx_rate_fix,6.1296,6.1296
1995-08-02,banxico,fx_rate_fix,6.1143,6.1143
1995-08-03,banxico,fx_rate_fix,6.1258,6.1258
1995-08-04,banxico,fx_rate_fix,6.1529,6.1529
1995-08-07,banxico,fx_rate_fix,6.1290,6.129
1995-08-08,banxico,fx_rate_fix,6.1461,6.1461
1995-08-09,banxico,fx_rate_fix,6.1385,6.1385
1995-08-10,banxico,fx_rate_fix,6.1453,6.1453
1995-08-11,banxico,fx_rate_fix,6.1400,6.14
1995-08-14,banxico,fx_rate_fix,6.1426,6.1426
1995-08-15,banxico,fx_rate_fix,6.1545,6.1545
1995-08-16,banxico,fx_rate_fix,6.1673,6.1673
1995-08-17,banxico,fx_rate_fix,6.1850,6.185
1995-08-18,banxico,fx_rate_fix,6.2651,6.2651
1995-08-21,banxico,fx_rate_fix,6.2278,6.2278
1995-08-22,banxico,fx_rate_fix,6.2150,6.215
1995-08-23,banxico,fx_rate_fix,6.3050,6.305
1995-08-24,banxico,fx_rate_fix,6.3167,6.3167
1995-08-25,banxico,fx_rate_fix,6.3342,6.3342
1995-08-28,banxico,fx_rate_fix,6.3246,6.3246
1995-08-29,banxico,fx_rate_fix,6.3114,6.3114
1995-08-30,banxico,fx_rate_fix,6.2800,6.28
1995-08-31,banxico,fx_rate_fix,6.2763,6.2763
1995-09-04,banxico,fx_rate_fix,6.2453,6.2453
1995-09-05,banxico,fx_rate_fix,6.2337,6.2337
1995-09-06,banxico,fx_rate_fix,6.2643,6.2643
1995-09-07,banxico,fx_rate_fix,6.2568,6.2568
1995-09-08,banxico,fx_rate_fix,6.2754,6.2754
1995-09-11,banxico,fx_rate_fix,6.2886,6.2886
1995-09-12,banxico,fx_rate_fix,6.2850,6.285
1995-09-13,banxico,fx_rate_fix,6.2743,6.2743
1995-09-14,banxico,fx_rate_fix,6.2776,6.2776
1995-09-15,banxico,fx_rate_fix,6.2750,6.275
1995-09-18,banxico,fx_rate_fix,6.2875,6.2875
1995-09-19,banxico,fx_rate_fix,6.3055,6.3055
1995-09-20,banxico,fx_rate_fix,6.3297,6.3297
1995-09-21,banxico,fx_rate_fix,6.3128,6.3128
1995-09-22,banxico,fx_rate_fix,6.3685,6.3685
1995-09-25,banxico,fx_rate_fix,6.3918,6.3918
1995-09-26,banxico,fx_rate_fix,6.3878,6.3878
1995-09-27,banxico,fx_rate_fix,6.4195,6.4195
1995-09-28,banxico,fx_rate_fix,6.4042,6.4042
1995-09-29,banxico,fx_rate_fix,6.3848,6.3848
1995-10-02,banxico,fx_rate_fix,6.4342,6.4342
1995-10-03,banxico,fx_rate_fix,6.5883,6.5883
1995-10-04,banxico,fx_rate_fix,6.5425,6.5425
1995-10-05,banxico,fx_rate_fix,6.5425,6.5425
1995-10-06,banxico,fx_rate_fix,6.5404,6.5404
1995-10-09,banxico,fx_rate_fix,6.5741,6.5741
1995-10-10,banxico,fx_rate_fix,6.8133,6.8133
1995-10-11,banxico,fx_rate_fix,6.7467,6.7467
1995-10-12,banxico,fx_rate_fix,6.7042,6.7042
1995-10-13,banxico,fx_rate_fix,6.7480,6.748
1995-10-16,banxico,fx_rate_fix,6.7500,6.75
1995-10-17,banxico,fx_rate_fix,6.7608,6.7608
1995-10-18,banxico,fx_rate_fix,6.7062,6.7062
1995-10-19,banxico,fx_rate_fix,6.6908,6.6908
1995-10-20,banxico,fx_rate_fix,6.6695,6.6695
1995-10-23,banxico,fx_rate_fix,6.7034,6.7034
1995-10-24,banxico,fx_rate_fix,6.7608,6.7608
1995-10-25,banxico,fx_rate_fix,6.8008,6.8008
1995-10-26,banxico,fx_rate_fix,7.1667,7.1667
1995-10-27,banxico,fx_rate_fix,7.1717,7.1717
1995-10-30,banxico,fx_rate_fix,6.9342,6.9342
1995-10-31,banxico,fx_rate_fix,7.1471,7.1471
1995-11-01,banxico,fx_rate_fix,7.4033,7.4033
1995-11-03,banxico,fx_rate_fix,7.6850,7.685
1995-11-06,banxico,fx_rate_fix,7.3483,7.3483
1995-11-07,banxico,fx_rate_fix,7.5167,7.5167
1995-11-08,banxico,fx_rate_fix,7.8200,7.82
1995-11-09,banxico,fx_rate_fix,8.1383,8.1383
1995-11-10,banxico,fx_rate_fix,7.6650,7.665
1995-11-13,banxico,fx_rate_fix,7.8725,7.8725
1995-11-14,banxico,fx_rate_fix,8.0950,8.095
1995-11-15,banxico,fx_rate_fix,7.9000,7.9
1995-11-16,banxico,fx_rate_fix,7.8000,7.8
1995-11-17,banxico,fx_rate_fix,7.7508,7.7508
1995-11-21,banxico,fx_rate_fix,7.7067,7.7067
1995-11-22,banxico,fx_rate_fix,7.7242,7.7242
1995-11-23,banxico,fx_rate_fix,7.6350,7.635
1995-11-24,banxico,fx_rate_fix,7.6967,7.6967
1995-11-27,banxico,fx_rate_fix,7.6783,7.6783
1995-11-28,banxico,fx_rate_fix,7.6517,7.6517
1995-11-29,banxico,fx_rate_fix,7.4775,7.4775
1995-11-30,banxico,fx_rate_fix,7.5467,7.5467
1995-12-01,banxico,fx_rate_fix,7.5767,7.5767
1995-12-04,banxico,fx_rate_fix,7.6167,7.6167
1995-12-05,banxico,fx_rate_fix,7.6708,7.6708
1995-12-06,banxico,fx_rate_fix,7.6713,7.6713
1995-12-07,banxico,fx_rate_fix,7.7083,7.7083
1995-12-08,banxico,fx_rate_fix,7.7900,7.79
1995-12-11,banxico,fx_rate_fix,7.7504,7.7504
1995-12-13,banxico,fx_rate_fix,7.7950,7.795
1995-12-14,banxico,fx_rate_fix,7.8192,7.8192
1995-12-15,banxico,fx_rate_fix,7.7696,7.7696
1995-12-18,banxico,fx_rate_fix,7.7588,7.7588
1995-12-19,banxico,fx_rate_fix,7.6809,7.6809
1995-12-20,banxico,fx_rate_fix,7.5500,7.55
1995-12-21,banxico,fx_rate_fix,7.5858,7.5858
1995-12-22,banxico,fx_rate_fix,7.5708,7.5708
1995-12-26,banxico,fx_rate_fix,7.5533,7.5533
1995-12-27,banxico,fx_rate_fix,7.6425,7.6425
1995-12-28,banxico,fx_rate_fix,7.6842,7.6842
1995-12-29,banxico,fx_rate_fix,7.7396,7.7396
1996-01-02,banxico,fx_rate_fix,7.6958,7.6958
1996-01-03,banxico,fx_rate_fix,7.5596,7.5596
1996-01-04,banxico,fx_rate_fix,7.5700,7.57
1996-01-05,banxico,fx_rate_fix,7.5675,7.5675
1996-01-08,banxico,fx_rate_fix,7.5388,7.5388
1996-01-09,banxico,fx_rate_fix,7.4779,7.4779
1996-01-10,banxico,fx_rate_fix,7.5188,7.5188
1996-01-11,banxico,fx_rate_fix,7.5213,7.5213
1996-01-12,banxico,fx_rate_fix,7.4679,7.4679
1996-01-15,banxico,fx_rate_fix,7.5246,7.5246
1996-01-16,banxico,fx_rate_fix,7.5254,7.5254
1996-01-17,banxico,fx_rate_fix,7.5100,7.51
1996-01-18,banxico,fx_rate_fix,7.4667,7.4667
1996-01-19,banxico,fx_rate_fix,7.4296,7.4296
1996-01-22,banxico,fx_rate_fix,7.3123,7.3123
1996-01-23,banxico,fx_rate_fix,7.3608,7.3608
1996-01-24,banxico,fx_rate_fix,7.4215,7.4215
1996-01-25,banxico,fx_rate_fix,7.3867,7.3867
1996-01-26,banxico,fx_rate_fix,7.4349,7.4349
1996-01-29,banxico,fx_rate_fix,7.3908,7.3908
1996-01-30,banxico,fx_rate_fix,7.3699,7.3699
1996-01-31,banxico,fx_rate_fix,7.4212,7.4212
1996-02-01,banxico,fx_rate_fix,7.4170,7.417
1996-02-02,banxico,fx_rate_fix,7.4241,7.4241
1996-02-06,banxico,fx_rate_fix,7.4821,7.4821
1996-02-07,banxico,fx_rate_fix,7.4800,7.48
1996-02-08,banxico,fx_rate_fix,7.4863,7.4863
1996-02-09,banxico,fx_rate_fix,7.4929,7.4929
1996-02-12,banxico,fx_rate_fix,7.5279,7.5279
1996-02-13,banxico,fx_rate_fix,7.5688,7.5688
1996-02-14,banxico,fx_rate_fix,7.5298,7.5298
1996-02-15,banxico,fx_rate_fix,7.5008,7.5008
1996-02-16,banxico,fx_rate_fix,7.5446,7.5446
1996-02-19,banxico,fx_rate_fix,7.5458,7.5458
1996-02-20,banxico,fx_rate_fix,7.5785,7.5785
1996-02-21,banxico,fx_rate_fix,7.5381,7.5381
1996-02-22,banxico,fx_rate_fix,7.5477,7.5477
1996-02-23,banxico,fx_rate_fix,7.5331,7.5331
1996-02-26,banxico,fx_rate_fix,7.5571,7.5571
1996-02-27,banxico,fx_rate_fix,7.5390,7.539
1996-02-28,banxico,fx_rate_fix,7.5573,7.5573
1996-02-29,banxico,fx_rate_fix,7.6296,7.6296
1996-03-01,banxico,fx_rate_fix,7.5891,7.5891
1996-03-04,banxico,fx_rate_fix,7.5747,7.5747
1996-03-05,banxico,fx_rate_fix,7.5863,7.5863
1996-03-06,banxico,fx_rate_fix,7.5952,7.5952
1996-03-07,banxico,fx_rate_fix,7.5713,7.5713
1996-03-08,banxico,fx_rate_fix,7.5893,7.5893
1996-03-11,banxico,fx_rate_fix,7.6237,7.6237
1996-03-12,banxico,fx_rate_fix,7.6045,7.6045
1996-03-13,banxico,fx_rate_fix,7.5893,7.5893
1996-03-14,banxico,fx_rate_fix,7.5616,7.5616
1996-03-15,banxico,fx_rate_fix,7.5762,7.5762
1996-03-18,banxico,fx_rate_fix,7.5561,7.5561
1996-03-19,banxico,fx_rate_fix,7.5242,7.5242
1996-03-20,banxico,fx_rate_fix,7.5432,7.5432
1996-03-22,banxico,fx_rate_fix,7.5600,7.56
1996-03-25,banxico,fx_rate_fix,7.5484,7.5484
1996-03-26,banxico,fx_rate_fix,7.5437,7.5437
1996-03-27,banxico,fx_rate_fix,7.5479,7.5479
1996-03-28,banxico,fx_rate_fix,7.5526,7.5526
1996-03-29,banxico,fx_rate_fix,7.5375,7.5375
1996-04-01,banxico,fx_rate_fix,7.5127,7.5127
1996-04-02,banxico,fx_rate_fix,7.5110,7.511
1996-04-03,banxico,fx_rate_fix,7.5181,7.5181
1996-04-08,banxico,fx_rate_fix,7.5725,7.5725
1996-04-09,banxico,fx_rate_fix,7.5366,7.5366
1996-04-10,banxico,fx_rate_fix,7.4950,7.495
1996-04-11,banxico,fx_rate_fix,7.4990,7.499
1996-04-12,banxico,fx_rate_fix,7.4995,7.4995
1996-04-15,banxico,fx_rate_fix,7.4736,7.4736
1996-04-16,banxico,fx_rate_fix,7.4315,7.4315
1996-04-17,banxico,fx_rate_fix,7.4276,7.4276
1996-04-18,banxico,fx_rate_fix,7.4410,7.441
1996-04-19,banxico,fx_rate_fix,7.4053,7.4053
1996-04-22,banxico,fx_rate_fix,7.3776,7.3776
1996-04-23,banxico,fx_rate_fix,7.4175,7.4175
1996-04-24,banxico,fx_rate_fix,7.4330,7.433
1996-04-25,banxico,fx_rate_fix,7.3794,7.3794
1996-04-26,banxico,fx_rate_fix,7.4042,7.4042
1996-04-29,banxico,fx_rate_fix,7.4526,7.4526
1996-04-30,banxico,fx_rate_fix,7.4462,7.4462
1996-05-02,banxico,fx_rate_fix,7.4692,7.4692
1996-05-03,banxico,fx_rate_fix,7.4749,7.4749
1996-05-06,banxico,fx_rate_fix,7.5283,7.5283
1996-05-07,banxico,fx_rate_fix,7.5120,7.512
1996-05-08,banxico,fx_rate_fix,7.4828,7.4828
1996-05-09,banxico,fx_rate_fix,7.4762,7.4762
1996-05-10,banxico,fx_rate_fix,7.4469,7.4469
1996-05-13,banxico,fx_rate_fix,7.4434,7.4434
1996-05-14,banxico,fx_rate_fix,7.4075,7.4075
1996-05-15,banxico,fx_rate_fix,7.4467,7.4467
1996-05-16,banxico,fx_rate_fix,7.4179,7.4179
1996-05-17,banxico,fx_rate_fix,7.4019,7.4019
1996-05-20,banxico,fx_rate_fix,7.4124,7.4124
1996-05-21,banxico,fx_rate_fix,7.3940,7.394
1996-05-22,banxico,fx_rate_fix,7.3861,7.3861
1996-05-23,banxico,fx_rate_fix,7.3823,7.3823
1996-05-24,banxico,fx_rate_fix,7.3988,7.3988
1996-05-27,banxico,fx_rate_fix,7.3840,7.384
1996-05-28,banxico,fx_rate_fix,7.3850,7.385
1996-05-29,banxico,fx_rate_fix,7.4095,7.4095
1996-05-30,banxico,fx_rate_fix,7.4367,7.4367
1996-05-31,banxico,fx_rate_fix,7.4208,7.4208
1996-06-03,banxico,fx_rate_fix,7.4747,7.4747
1996-06-04,banxico,fx_rate_fix,7.4313,7.4313
1996-06-05,banxico,fx_rate_fix,7.4651,7.4651
1996-06-06,banxico,fx_rate_fix,7.5017,7.5017
1996-06-07,banxico,fx_rate_fix,7.5278,7.5278
1996-06-10,banxico,fx_rate_fix,7.5149,7.5149
1996-06-11,banxico,fx_rate_fix,7.6308,7.6308
1996-06-12,banxico,fx_rate_fix,7.5743,7.5743
1996-06-13,banxico,fx_rate_fix,7.6343,7.6343
1996-06-14,banxico,fx_rate_fix,7.5935,7.5935
1996-06-17,banxico,fx_rate_fix,7.5843,7.5843
1996-06-18,banxico,fx_rate_fix,7.5552,7.5552
1996-06-19,banxico,fx_rate_fix,7.5268,7.5268
1996-06-20,banxico,fx_rate_fix,7.5506,7.5506
1996-06-21,banxico,fx_rate_fix,7.5743,7.5743
1996-06-24,banxico,fx_rate_fix,7.6352,7.6352
1996-06-25,banxico,fx_rate_fix,7.6077,7.6077
1996-06-26,banxico,fx_rate_fix,7.6108,7.6108
1996-06-27,banxico,fx_rate_fix,7.6323,7.6323
1996-06-28,banxico,fx_rate_fix,7.5814,7.5814
1996-07-01,banxico,fx_rate_fix,7.6215,7.6215
1996-07-02,banxico,fx_rate_fix,7.5842,7.5842
1996-07-03,banxico,fx_rate_fix,7.5925,7.5925
1996-07-04,banxico,fx_rate_fix,7.6093,7.6093
1996-07-05,banxico,fx_rate_fix,7.6318,7.6318
1996-07-08,banxico,fx_rate_fix,7.6688,7.6688
1996-07-09,banxico,fx_rate_fix,7.6383,7.6383
1996-07-10,banxico,fx_rate_fix,7.6183,7.6183
1996-07-11,banxico,fx_rate_fix,7.6429,7.6429
1996-07-12,banxico,fx_rate_fix,7.6390,7.639
1996-07-15,banxico,fx_rate_fix,7.6453,7.6453
1996-07-16,banxico,fx_rate_fix,7.6575,7.6575
1996-07-17,banxico,fx_rate_fix,7.6536,7.6536
1996-07-18,banxico,fx_rate_fix,7.6453,7.6453
1996-07-19,banxico,fx_rate_fix,7.6168,7.6168
1996-07-22,banxico,fx_rate_fix,7.6293,7.6293
1996-07-23,banxico,fx_rate_fix,7.6078,7.6078
1996-07-24,banxico,fx_rate_fix,7.6117,7.6117
1996-07-25,banxico,fx_rate_fix,7.5903,7.5903
1996-07-26,banxico,fx_rate_fix,7.5959,7.5959
1996-07-29,banxico,fx_rate_fix,7.6135,7.6135
1996-07-30,banxico,fx_rate_fix,7.5713,7.5713
1996-07-31,banxico,fx_rate_fix,7.5893,7.5893
1996-08-01,banxico,fx_rate_fix,7.5709,7.5709
1996-08-02,banxico,fx_rate_fix,7.5375,7.5375
1996-08-05,banxico,fx_rate_fix,7.5504,7.5504
1996-08-06,banxico,fx_rate_fix,7.5340,7.534
1996-08-07,banxico,fx_rate_fix,7.5119,7.5119
1996-08-08,banxico,fx_rate_fix,7.5349,7.5349
1996-08-09,banxico,fx_rate_fix,7.5172,7.5172
1996-08-12,banxico,fx_rate_fix,7.5106,7.5106
1996-08-13,banxico,fx_rate_fix,7.4897,7.4897
1996-08-14,banxico,fx_rate_fix,7.4868,7.4868
1996-08-15,banxico,fx_rate_fix,7.5077,7.5077
1996-08-16,banxico,fx_rate_fix,7.4789,7.4789
1996-08-19,banxico,fx_rate_fix,7.4854,7.4854
1996-08-20,banxico,fx_rate_fix,7.4778,7.4778
1996-08-21,banxico,fx_rate_fix,7.4858,7.4858
1996-08-22,banxico,fx_rate_fix,7.4757,7.4757
1996-08-23,banxico,fx_rate_fix,7.4830,7.483
1996-08-26,banxico,fx_rate_fix,7.5020,7.502
1996-08-27,banxico,fx_rate_fix,7.5163,7.5163
1996-08-28,banxico,fx_rate_fix,7.4930,7.493
1996-08-29,banxico,fx_rate_fix,7.5205,7.5205
1996-08-30,banxico,fx_rate_fix,7.5831,7.5831
1996-09-02,banxico,fx_rate_fix,7.5490,7.549
1996-09-03,banxico,fx_rate_fix,7.5828,7.5828
1996-09-04,banxico,fx_rate_fix,7.5620,7.562
1996-09-05,banxico,fx_rate_fix,7.5996,7.5996
1996-09-06,banxico,fx_rate_fix,7.5768,7.5768
1996-09-09,banxico,fx_rate_fix,7.5426,7.5426
1996-09-10,banxico,fx_rate_fix,7.5385,7.5385
1996-09-11,banxico,fx_rate_fix,7.5562,7.5562
1996-09-12,banxico,fx_rate_fix,7.5417,7.5417
1996-09-13,banxico,fx_rate_fix,7.5139,7.5139
1996-09-17,banxico,fx_rate_fix,7.5055,7.5055
1996-09-18,banxico,fx_rate_fix,7.4907,7.4907
1996-09-19,banxico,fx_rate_fix,7.5052,7.5052
1996-09-20,banxico,fx_rate_fix,7.5379,7.5379
1996-09-23,banxico,fx_rate_fix,7.5828,7.5828
1996-09-24,banxico,fx_rate_fix,7.5364,7.5364
1996-09-25,banxico,fx_rate_fix,7.5317,7.5317
1996-09-26,banxico,fx_rate_fix,7.5374,7.5374
1996-09-27,banxico,fx_rate_fix,7.5383,7.5383
1996-09-30,banxico,fx_rate_fix,7.5519,7.5519
1996-10-01,banxico,fx_rate_fix,7.5317,7.5317
1996-10-02,banxico,fx_rate_fix,7.5183,7.5183
1996-10-03,banxico,fx_rate_fix,7.5302,7.5302
1996-10-04,banxico,fx_rate_fix,7.5273,7.5273
1996-10-07,banxico,fx_rate_fix,7.5281,7.5281
1996-10-08,banxico,fx_rate_fix,7.5400,7.54
1996-10-09,banxico,fx_rate_fix,7.5741,7.5741
1996-10-10,banxico,fx_rate_fix,7.6109,7.6109
1996-10-11,banxico,fx_rate_fix,7.6265,7.6265
1996-10-14,banxico,fx_rate_fix,7.6923,7.6923
1996-10-15,banxico,fx_rate_fix,7.7472,7.7472
1996-10-16,banxico,fx_rate_fix,7.7950,7.795
1996-10-17,banxico,fx_rate_fix,7.7726,7.7726
1996-10-18,banxico,fx_rate_fix,7.7307,7.7307
1996-10-21,banxico,fx_rate_fix,7.7381,7.7381
1996-10-22,banxico,fx_rate_fix,7.7625,7.7625
1996-10-23,banxico,fx_rate_fix,7.8502,7.8502
1996-10-24,banxico,fx_rate_fix,7.8297,7.8297
1996-10-25,banxico,fx_rate_fix,7.9550,7.955
1996-10-28,banxico,fx_rate_fix,7.8904,7.8904
1996-10-29,banxico,fx_rate_fix,7.9172,7.9172
1996-10-30,banxico,fx_rate_fix,7.9883,7.9883
1996-10-31,banxico,fx_rate_fix,8.0478,8.0478
1996-11-01,banxico,fx_rate_fix,7.9653,7.9653
1996-11-04,banxico,fx_rate_fix,7.9242,7.9242
1996-11-05,banxico,fx_rate_fix,7.8920,7.892
1996-11-06,banxico,fx_rate_fix,7.9215,7.9215
1996-11-07,banxico,fx_rate_fix,7.9527,7.9527
1996-11-08,banxico,fx_rate_fix,7.9005,7.9005
1996-11-11,banxico,fx_rate_fix,7.9017,7.9017
1996-11-12,banxico,fx_rate_fix,7.9155,7.9155
1996-11-13,banxico,fx_rate_fix,7.9215,7.9215
1996-11-14,banxico,fx_rate_fix,7.9182,7.9182
1996-11-15,banxico,fx_rate_fix,7.9020,7.902
1996-11-18,banxico,fx_rate_fix,7.9085,7.9085
1996-11-19,banxico,fx_rate_fix,7.8975,7.8975
1996-11-21,banxico,fx_rate_fix,7.8960,7.896
1996-11-22,banxico,fx_rate_fix,7.8700,7.87
1996-11-25,banxico,fx_rate_fix,7.9095,7.9095
1996-11-26,banxico,fx_rate_fix,7.8750,7.875
1996-11-27,banxico,fx_rate_fix,7.8700,7.87
1996-11-28,banxico,fx_rate_fix,7.8858,7.8858
1996-11-29,banxico,fx_rate_fix,7.8930,7.893
1996-12-02,banxico,fx_rate_fix,7.8928,7.8928
1996-12-03,banxico,fx_rate_fix,7.8787,7.8787
1996-12-04,banxico,fx_rate_fix,7.8626,7.8626
1996-12-05,banxico,fx_rate_fix,7.8885,7.8885
1996-12-06,banxico,fx_rate_fix,7.9260,7.926
1996-12-09,banxico,fx_rate_fix,7.9032,7.9032
1996-12-10,banxico,fx_rate_fix,7.8723,7.8723
1996-12-11,banxico,fx_rate_fix,7.8723,7.8723
1996-12-13,banxico,fx_rate_fix,7.9017,7.9017
1996-12-16,banxico,fx_rate_fix,7.9272,7.9272
1996-12-17,banxico,fx_rate_fix,7.8771,7.8771
1996-12-18,banxico,fx_rate_fix,7.8810,7.881
1996-12-19,banxico,fx_rate_fix,7.8674,7.8674
1996-12-20,banxico,fx_rate_fix,7.8427,7.8427
1996-12-23,banxico,fx_rate_fix,7.8344,7.8344
1996-12-24,banxico,fx_rate_fix,7.8325,7.8325
1996-12-26,banxico,fx_rate_fix,7.8442,7.8442
1996-12-27,banxico,fx_rate_fix,7.8509,7.8509
1996-12-30,banxico,fx_rate_fix,7.8557,7.8557
1996-12-31,banxico,fx_rate_fix,7.8703,7.8703
1997-01-02,banxico,fx_rate_fix,7.9027,7.9027
1997-01-03,banxico,fx_rate_fix,7.8664,7.8664
1997-01-06,banxico,fx_rate_fix,7.8508,7.8508
1997-01-07,banxico,fx_rate_fix,7.8375,7.8375
1997-01-08,banxico,fx_rate_fix,7.8174,7.8174
1997-01-09,banxico,fx_rate_fix,7.8208,7.8208
1997-01-10,banxico,fx_rate_fix,7.8607,7.8607
1997-01-13,banxico,fx_rate_fix,7.8125,7.8125
1997-01-14,banxico,fx_rate_fix,7.8005,7.8005
1997-01-15,banxico,fx_rate_fix,7.8085,7.8085
1997-01-16,banxico,fx_rate_fix,7.8222,7.8222
1997-01-17,banxico,fx_rate_fix,7.8275,7.8275
1997-01-20,banxico,fx_rate_fix,7.8082,7.8082
1997-01-21,banxico,fx_rate_fix,7.8033,7.8033
1997-01-22,banxico,fx_rate_fix,7.7946,7.7946
1997-01-23,banxico,fx_rate_fix,7.7913,7.7913
1997-01-24,banxico,fx_rate_fix,7.8205,7.8205
1997-01-27,banxico,fx_rate_fix,7.8312,7.8312
1997-01-28,banxico,fx_rate_fix,7.8152,7.8152
1997-01-29,banxico,fx_rate_fix,7.8393,7.8393
1997-01-30,banxico,fx_rate_fix,7.8409,7.8409
1997-01-31,banxico,fx_rate_fix,7.8217,7.8217
1997-02-03,banxico,fx_rate_fix,7.8183,7.8183
1997-02-04,banxico,fx_rate_fix,7.8322,7.8322
1997-02-06,banxico,fx_rate_fix,7.8282,7.8282
1997-02-07,banxico,fx_rate_fix,7.8048,7.8048
1997-02-10,banxico,fx_rate_fix,7.7988,7.7988
1997-02-11,banxico,fx_rate_fix,7.7927,7.7927
1997-02-12,banxico,fx_rate_fix,7.7968,7.7968
1997-02-13,banxico,fx_rate_fix,7.7898,7.7898
1997-02-14,banxico,fx_rate_fix,7.7780,7.778
1997-02-17,banxico,fx_rate_fix,7.7692,7.7692
1997-02-18,banxico,fx_rate_fix,7.8010,7.801
1997-02-19,banxico,fx_rate_fix,7.7887,7.7887
1997-02-20,banxico,fx_rate_fix,7.7460,7.746
1997-02-21,banxico,fx_rate_fix,7.7617,7.7617
1997-02-24,banxico,fx_rate_fix,7.7502,7.7502
1997-02-25,banxico,fx_rate_fix,7.7556,7.7556
1997-02-26,banxico,fx_rate_fix,7.7844,7.7844
1997-02-27,banxico,fx_rate_fix,7.8358,7.8358
1997-02-28,banxico,fx_rate_fix,7.9740,7.974
1997-03-03,banxico,fx_rate_fix,8.0117,8.0117
1997-03-04,banxico,fx_rate_fix,7.9737,7.9737
1997-03-05,banxico,fx_rate_fix,8.0438,8.0438
1997-03-06,banxico,fx_rate_fix,8.0092,8.0092
1997-03-07,banxico,fx_rate_fix,8.0152,8.0152
1997-03-10,banxico,fx_rate_fix,7.9590,7.959
1997-03-11,banxico,fx_rate_fix,7.9780,7.978
1997-03-12,banxico,fx_rate_fix,7.9611,7.9611
1997-03-13,banxico,fx_rate_fix,7.9987,7.9987
1997-03-14,banxico,fx_rate_fix,7.9789,7.9789
1997-03-17,banxico,fx_rate_fix,7.9920,7.992
1997-03-18,banxico,fx_rate_fix,7.9492,7.9492
1997-03-19,banxico,fx_rate_fix,7.9233,7.9233
1997-03-20,banxico,fx_rate_fix,7.9407,7.9407
1997-03-24,banxico,fx_rate_fix,7.8958,7.8958
1997-03-25,banxico,fx_rate_fix,7.8905,7.8905
1997-03-26,banxico,fx_rate_fix,7.9126,7.9126
1997-03-31,banxico,fx_rate_fix,7.9313,7.9313
1997-04-01,banxico,fx_rate_fix,7.9117,7.9117
1997-04-02,banxico,fx_rate_fix,7.9248,7.9248
1997-04-03,banxico,fx_rate_fix,7.9720,7.972
1997-04-04,banxico,fx_rate_fix,7.9592,7.9592
1997-04-07,banxico,fx_rate_fix,7.9061,7.9061
1997-04-08,banxico,fx_rate_fix,7.8851,7.8851
1997-04-09,banxico,fx_rate_fix,7.8913,7.8913
1997-04-10,banxico,fx_rate_fix,7.9153,7.9153
1997-04-11,banxico,fx_rate_fix,7.9222,7.9222
1997-04-14,banxico,fx_rate_fix,7.9064,7.9064
1997-04-15,banxico,fx_rate_fix,7.8877,7.8877
1997-04-16,banxico,fx_rate_fix,7.8978,7.8978
1997-04-17,banxico,fx_rate_fix,7.8852,7.8852
1997-04-18,banxico,fx_rate_fix,7.8738,7.8738
1997-04-21,banxico,fx_rate_fix,7.8773,7.8773
1997-04-22,banxico,fx_rate_fix,7.8703,7.8703
1997-04-23,banxico,fx_rate_fix,7.8783,7.8783
1997-04-24,banxico,fx_rate_fix,7.8545,7.8545
1997-04-25,banxico,fx_rate_fix,7.8917,7.8917
1997-04-28,banxico,fx_rate_fix,7.9267,7.9267
1997-04-29,banxico,fx_rate_fix,7.9743,7.9743
1997-04-30,banxico,fx_rate_fix,7.9519,7.9519
1997-05-02,banxico,fx_rate_fix,7.9113,7.9113
1997-05-06,banxico,fx_rate_fix,7.8781,7.8781
1997-05-07,banxico,fx_rate_fix,7.9203,7.9203
1997-05-08,banxico,fx_rate_fix,7.9253,7.9253
1997-05-09,banxico,fx_rate_fix,7.9028,7.9028
1997-05-12,banxico,fx_rate_fix,7.9243,7.9243
1997-05-13,banxico,fx_rate_fix,7.9065,7.9065
1997-05-14,banxico,fx_rate_fix,7.8925,7.8925
1997-05-15,banxico,fx_rate_fix,7.9031,7.9031
1997-05-16,banxico,fx_rate_fix,7.8942,7.8942
1997-05-19,banxico,fx_rate_fix,7.8934,7.8934
1997-05-20,banxico,fx_rate_fix,7.8878,7.8878
1997-05-21,banxico,fx_rate_fix,7.8655,7.8655
1997-05-22,banxico,fx_rate_fix,7.8689,7.8689
1997-05-23,banxico,fx_rate_fix,7.8731,7.8731
1997-05-26,banxico,fx_rate_fix,7.9059,7.9059
1997-05-27,banxico,fx_rate_fix,7.9263,7.9263
1997-05-28,banxico,fx_rate_fix,7.9085,7.9085
1997-05-29,banxico,fx_rate_fix,7.9082,7.9082
1997-05-30,banxico,fx_rate_fix,7.9167,7.9167
1997-06-02,banxico,fx_rate_fix,7.9183,7.9183
1997-06-03,banxico,fx_rate_fix,7.9118,7.9118
1997-06-04,banxico,fx_rate_fix,7.9283,7.9283
1997-06-05,banxico,fx_rate_fix,7.9482,7.9482
1997-06-06,banxico,fx_rate_fix,7.9870,7.987
1997-06-09,banxico,fx_rate_fix,7.9878,7.9878
1997-06-10,banxico,fx_rate_fix,7.9689,7.9689
1997-06-11,banxico,fx_rate_fix,7.9753,7.9753
1997-06-12,banxico,fx_rate_fix,7.9633,7.9633
1997-06-13,banxico,fx_rate_fix,7.9581,7.9581
1997-06-16,banxico,fx_rate_fix,7.9537,7.9537
1997-06-17,banxico,fx_rate_fix,7.9424,7.9424
1997-06-18,banxico,fx_rate_fix,7.9098,7.9098
1997-06-19,banxico,fx_rate_fix,7.9168,7.9168
1997-06-20,banxico,fx_rate_fix,7.9582,7.9582
1997-06-23,banxico,fx_rate_fix,7.9770,7.977
1997-06-24,banxico,fx_rate_fix,7.9413,7.9413
1997-06-25,banxico,fx_rate_fix,7.9483,7.9483
1997-06-26,banxico,fx_rate_fix,7.9577,7.9577
1997-06-27,banxico,fx_rate_fix,7.9517,7.9517
1997-06-30,banxico,fx_rate_fix,7.9504,7.9504
1997-07-01,banxico,fx_rate_fix,7.9298,7.9298
1997-07-02,banxico,fx_rate_fix,7.9395,7.9395
1997-07-03,banxico,fx_rate_fix,7.9497,7.9497
1997-07-04,banxico,fx_rate_fix,7.9660,7.966
1997-07-07,banxico,fx_rate_fix,7.9072,7.9072
1997-07-08,banxico,fx_rate_fix,7.9147,7.9147
1997-07-09,banxico,fx_rate_fix,7.8953,7.8953
1997-07-10,banxico,fx_rate_fix,7.8913,7.8913
1997-07-11,banxico,fx_rate_fix,7.8526,7.8526
1997-07-14,banxico,fx_rate_fix,7.8693,7.8693
1997-07-15,banxico,fx_rate_fix,7.8861,7.8861
1997-07-16,banxico,fx_rate_fix,7.9282,7.9282
1997-07-17,banxico,fx_rate_fix,7.8557,7.8557
1997-07-18,banxico,fx_rate_fix,7.9097,7.9097
1997-07-21,banxico,fx_rate_fix,7.8868,7.8868
1997-07-22,banxico,fx_rate_fix,7.8571,7.8571
1997-07-23,banxico,fx_rate_fix,7.8373,7.8373
1997-07-24,banxico,fx_rate_fix,7.8313,7.8313
1997-07-25,banxico,fx_rate_fix,7.7717,7.7717
1997-07-28,banxico,fx_rate_fix,7.7808,7.7808
1997-07-29,banxico,fx_rate_fix,7.8088,7.8088
1997-07-30,banxico,fx_rate_fix,7.7658,7.7658
1997-07-31,banxico,fx_rate_fix,7.8248,7.8248
1997-08-01,banxico,fx_rate_fix,7.8244,7.8244
1997-08-04,banxico,fx_rate_fix,7.8310,7.831
1997-08-05,banxico,fx_rate_fix,7.8051,7.8051
1997-08-06,banxico,fx_rate_fix,7.7806,7.7806
1997-08-07,banxico,fx_rate_fix,7.7895,7.7895
1997-08-08,banxico,fx_rate_fix,7.8263,7.8263
1997-08-11,banxico,fx_rate_fix,7.8059,7.8059
1997-08-12,banxico,fx_rate_fix,7.7820,7.782
1997-08-13,banxico,fx_rate_fix,7.7828,7.7828
1997-08-14,banxico,fx_rate_fix,7.7660,7.766
1997-08-15,banxico,fx_rate_fix,7.7646,7.7646
1997-08-18,banxico,fx_rate_fix,7.7757,7.7757
1997-08-19,banxico,fx_rate_fix,7.7575,7.7575
1997-08-20,banxico,fx_rate_fix,7.7615,7.7615
1997-08-21,banxico,fx_rate_fix,7.7597,7.7597
1997-08-22,banxico,fx_rate_fix,7.7905,7.7905
1997-08-25,banxico,fx_rate_fix,7.7583,7.7583
1997-08-26,banxico,fx_rate_fix,7.7637,7.7637
1997-08-27,banxico,fx_rate_fix,7.7548,7.7548
1997-08-28,banxico,fx_rate_fix,7.7746,7.7746
1997-08-29,banxico,fx_rate_fix,7.7853,7.7853
1997-09-02,banxico,fx_rate_fix,7.7770,7.777
1997-09-03,banxico,fx_rate_fix,7.7687,7.7687
1997-09-04,banxico,fx_rate_fix,7.7882,7.7882
1997-09-05,banxico,fx_rate_fix,7.8070,7.807
1997-09-08,banxico,fx_rate_fix,7.7840,7.784
1997-09-09,banxico,fx_rate_fix,7.7791,7.7791
1997-09-10,banxico,fx_rate_fix,7.7769,7.7769
1997-09-11,banxico,fx_rate_fix,7.7847,7.7847
1997-09-12,banxico,fx_rate_fix,7.7794,7.7794
1997-09-15,banxico,fx_rate_fix,7.7677,7.7677
1997-09-17,banxico,fx_rate_fix,7.7546,7.7546
1997-09-18,banxico,fx_rate_fix,7.7560,7.756
1997-09-19,banxico,fx_rate_fix,7.7558,7.7558
1997-09-22,banxico,fx_rate_fix,7.7245,7.7245
1997-09-23,banxico,fx_rate_fix,7.7681,7.7681
1997-09-24,banxico,fx_rate_fix,7.8243,7.8243
1997-09-25,banxico,fx_rate_fix,7.8072,7.8072
1997-09-26,banxico,fx_rate_fix,7.8199,7.8199
1997-09-29,banxico,fx_rate_fix,7.8158,7.8158
1997-09-30,banxico,fx_rate_fix,7.7707,7.7707
1997-10-01,banxico,fx_rate_fix,7.7536,7.7536
1997-10-02,banxico,fx_rate_fix,7.7530,7.753
1997-10-03,banxico,fx_rate_fix,7.7562,7.7562
1997-10-06,banxico,fx_rate_fix,7.7601,7.7601
1997-10-07,banxico,fx_rate_fix,7.7497,7.7497
1997-10-08,banxico,fx_rate_fix,7.7603,7.7603
1997-10-09,banxico,fx_rate_fix,7.7700,7.77
1997-10-10,banxico,fx_rate_fix,7.7592,7.7592
1997-10-13,banxico,fx_rate_fix,7.7483,7.7483
1997-10-14,banxico,fx_rate_fix,7.7427,7.7427
1997-10-15,banxico,fx_rate_fix,7.7403,7.7403
1997-10-16,banxico,fx_rate_fix,7.7336,7.7336
1997-10-17,banxico,fx_rate_fix,7.7484,7.7484
1997-10-20,banxico,fx_rate_fix,7.7270,7.727
1997-10-21,banxico,fx_rate_fix,7.7196,7.7196
1997-10-22,banxico,fx_rate_fix,7.7229,7.7229
1997-10-23,banxico,fx_rate_fix,7.7630,7.763
1997-10-24,banxico,fx_rate_fix,7.8272,7.8272
1997-10-27,banxico,fx_rate_fix,8.1400,8.14
1997-10-28,banxico,fx_rate_fix,8.2967,8.2967
1997-10-29,banxico,fx_rate_fix,8.1033,8.1033
1997-10-30,banxico,fx_rate_fix,8.3433,8.3433
1997-10-31,banxico,fx_rate_fix,8.3683,8.3683
1997-11-03,banxico,fx_rate_fix,8.2367,8.2367
1997-11-04,banxico,fx_rate_fix,8.2535,8.2535
1997-11-05,banxico,fx_rate_fix,8.1659,8.1659
1997-11-06,banxico,fx_rate_fix,8.3650,8.365
1997-11-07,banxico,fx_rate_fix,8.3767,8.3767
1997-11-10,banxico,fx_rate_fix,8.2627,8.2627
1997-11-11,banxico,fx_rate_fix,8.3100,8.31
1997-11-12,banxico,fx_rate_fix,8.3583,8.3583
1997-11-13,banxico,fx_rate_fix,8.3800,8.38
1997-11-14,banxico,fx_rate_fix,8.3275,8.3275
1997-11-17,banxico,fx_rate_fix,8.2425,8.2425
1997-11-18,banxico,fx_rate_fix,8.2642,8.2642
1997-11-19,banxico,fx_rate_fix,8.2883,8.2883
1997-11-21,banxico,fx_rate_fix,8.1773,8.1773
1997-11-24,banxico,fx_rate_fix,8.2352,8.2352
1997-11-25,banxico,fx_rate_fix,8.2358,8.2358
1997-11-26,banxico,fx_rate_fix,8.2000,8.2
1997-11-27,banxico,fx_rate_fix,8.2165,8.2165
1997-11-28,banxico,fx_rate_fix,8.2135,8.2135
1997-12-01,banxico,fx_rate_fix,8.1810,8.181
1997-12-02,banxico,fx_rate_fix,8.1538,8.1538
1997-12-03,banxico,fx_rate_fix,8.1306,8.1306
1997-12-04,banxico,fx_rate_fix,8.1057,8.1057
1997-12-05,banxico,fx_rate_fix,8.1440,8.144
1997-12-08,banxico,fx_rate_fix,8.1105,8.1105
1997-12-09,banxico,fx_rate_fix,8.1148,8.1148
1997-12-10,banxico,fx_rate_fix,8.1394,8.1394
1997-12-11,banxico,fx_rate_fix,8.1998,8.1998
1997-12-15,banxico,fx_rate_fix,8.1376,8.1376
1997-12-16,banxico,fx_rate_fix,8.0916,8.0916
1997-12-17,banxico,fx_rate_fix,8.0787,8.0787
1997-12-18,banxico,fx_rate_fix,8.0740,8.074
1997-12-19,banxico,fx_rate_fix,8.1318,8.1318
1997-12-22,banxico,fx_rate_fix,8.1156,8.1156
1997-12-23,banxico,fx_rate_fix,8.1268,8.1268
1997-12-24,banxico,fx_rate_fix,8.1648,8.1648
1997-12-26,banxico,fx_rate_fix,8.1430,8.143
1997-12-29,banxico,fx_rate_fix,8.0833,8.0833
1997-12-30,banxico,fx_rate_fix,8.0640,8.064
1997-12-31,banxico,fx_rate_fix,8.0681,8.0681
1998-01-02,banxico,fx_rate_fix,8.0585,8.0585
1998-01-05,banxico,fx_rate_fix,8.0423,8.0423
1998-01-06,banxico,fx_rate_fix,8.0422,8.0422
1998-01-07,banxico,fx_rate_fix,8.0598,8.0598
1998-01-08,banxico,fx_rate_fix,8.0775,8.0775
1998-01-09,banxico,fx_rate_fix,8.0857,8.0857
1998-01-12,banxico,fx_rate_fix,8.2775,8.2775
1998-01-13,banxico,fx_rate_fix,8.1628,8.1628
1998-01-14,banxico,fx_rate_fix,8.1662,8.1662
1998-01-15,banxico,fx_rate_fix,8.2762,8.2762
1998-01-16,banxico,fx_rate_fix,8.1978,8.1978
1998-01-19,banxico,fx_rate_fix,8.1803,8.1803
1998-01-20,banxico,fx_rate_fix,8.2145,8.2145
1998-01-21,banxico,fx_rate_fix,8.2682,8.2682
1998-01-22,banxico,fx_rate_fix,8.3320,8.332
1998-01-23,banxico,fx_rate_fix,8.2939,8.2939
1998-01-26,banxico,fx_rate_fix,8.2810,8.281
1998-01-27,banxico,fx_rate_fix,8.2662,8.2662
1998-01-28,banxico,fx_rate_fix,8.3603,8.3603
1998-01-29,banxico,fx_rate_fix,8.4640,8.464
1998-01-30,banxico,fx_rate_fix,8.4643,8.4643
1998-02-02,banxico,fx_rate_fix,8.4367,8.4367
1998-02-03,banxico,fx_rate_fix,8.4323,8.4323
1998-02-04,banxico,fx_rate_fix,8.4135,8.4135
1998-02-06,banxico,fx_rate_fix,8.4222,8.4222
1998-02-09,banxico,fx_rate_fix,8.4529,8.4529
1998-02-10,banxico,fx_rate_fix,8.4850,8.485
1998-02-11,banxico,fx_rate_fix,8.4522,8.4522
1998-02-12,banxico,fx_rate_fix,8.4495,8.4495
1998-02-13,banxico,fx_rate_fix,8.4652,8.4652
1998-02-16,banxico,fx_rate_fix,8.4629,8.4629
1998-02-17,banxico,fx_rate_fix,8.4578,8.4578
1998-02-18,banxico,fx_rate_fix,8.5427,8.5427
1998-02-19,banxico,fx_rate_fix,8.5449,8.5449
1998-02-20,banxico,fx_rate_fix,8.5892,8.5892
1998-02-23,banxico,fx_rate_fix,8.6379,8.6379
1998-02-24,banxico,fx_rate_fix,8.6140,8.614
1998-02-25,banxico,fx_rate_fix,8.5832,8.5832
1998-02-26,banxico,fx_rate_fix,8.5583,8.5583
1998-02-27,banxico,fx_rate_fix,8.5253,8.5253
1998-03-02,banxico,fx_rate_fix,8.4957,8.4957
1998-03-03,banxico,fx_rate_fix,8.5347,8.5347
1998-03-04,banxico,fx_rate_fix,8.5825,8.5825
1998-03-05,banxico,fx_rate_fix,8.6202,8.6202
1998-03-06,banxico,fx_rate_fix,8.5978,8.5978
1998-03-09,banxico,fx_rate_fix,8.6273,8.6273
1998-03-10,banxico,fx_rate_fix,8.6273,8.6273
1998-03-11,banxico,fx_rate_fix,8.6690,8.669
1998-03-12,banxico,fx_rate_fix,8.5673,8.5673
1998-03-13,banxico,fx_rate_fix,8.5595,8.5595
1998-03-16,banxico,fx_rate_fix,8.5927,8.5927
1998-03-17,banxico,fx_rate_fix,8.6048,8.6048
1998-03-18,banxico,fx_rate_fix,8.5641,8.5641
1998-03-19,banxico,fx_rate_fix,8.5638,8.5638
1998-03-20,banxico,fx_rate_fix,8.5784,8.5784
1998-03-23,banxico,fx_rate_fix,8.5368,8.5368
1998-03-24,banxico,fx_rate_fix,8.5410,8.541
1998-03-25,banxico,fx_rate_fix,8.5282,8.5282
1998-03-26,banxico,fx_rate_fix,8.5252,8.5252
1998-03-27,banxico,fx_rate_fix,8.5165,8.5165
1998-03-30,banxico,fx_rate_fix,8.5353,8.5353
1998-03-31,banxico,fx_rate_fix,8.5192,8.5192
1998-04-01,banxico,fx_rate_fix,8.5096,8.5096
1998-04-02,banxico,fx_rate_fix,8.5214,8.5214
1998-04-03,banxico,fx_rate_fix,8.5410,8.541
1998-04-06,banxico,fx_rate_fix,8.5200,8.52
1998-04-07,banxico,fx_rate_fix,8.5274,8.5274
1998-04-08,banxico,fx_rate_fix,8.5106,8.5106
1998-04-13,banxico,fx_rate_fix,8.5130,8.513
1998-04-14,banxico,fx_rate_fix,8.4928,8.4928
1998-04-15,banxico,fx_rate_fix,8.4716,8.4716
1998-04-16,banxico,fx_rate_fix,8.5009,8.5009
1998-04-17,banxico,fx_rate_fix,8.4945,8.4945
1998-04-20,banxico,fx_rate_fix,8.4728,8.4728
1998-04-21,banxico,fx_rate_fix,8.4550,8.455
1998-04-22,banxico,fx_rate_fix,8.4616,8.4616
1998-04-23,banxico,fx_rate_fix,8.4703,8.4703
1998-04-24,banxico,fx_rate_fix,8.4747,8.4747
1998-04-27,banxico,fx_rate_fix,8.5190,8.519
1998-04-28,banxico,fx_rate_fix,8.4818,8.4818
1998-04-29,banxico,fx_rate_fix,8.5029,8.5029
1998-04-30,banxico,fx_rate_fix,8.4898,8.4898
1998-05-04,banxico,fx_rate_fix,8.4770,8.477
1998-05-06,banxico,fx_rate_fix,8.4793,8.4793
1998-05-07,banxico,fx_rate_fix,8.5007,8.5007
1998-05-08,banxico,fx_rate_fix,8.4834,8.4834
1998-05-11,banxico,fx_rate_fix,8.4673,8.4673
1998-05-12,banxico,fx_rate_fix,8.4965,8.4965
1998-05-13,banxico,fx_rate_fix,8.5198,8.5198
1998-05-14,banxico,fx_rate_fix,8.5069,8.5069
1998-05-15,banxico,fx_rate_fix,8.5147,8.5147
1998-05-18,banxico,fx_rate_fix,8.5303,8.5303
1998-05-19,banxico,fx_rate_fix,8.5849,8.5849
1998-05-20,banxico,fx_rate_fix,8.6212,8.6212
1998-05-21,banxico,fx_rate_fix,8.6223,8.6223
1998-05-22,banxico,fx_rate_fix,8.6402,8.6402
1998-05-25,banxico,fx_rate_fix,8.6378,8.6378
1998-05-26,banxico,fx_rate_fix,8.7081,8.7081
1998-05-27,banxico,fx_rate_fix,8.8802,8.8802
1998-05-28,banxico,fx_rate_fix,8.7873,8.7873
1998-05-29,banxico,fx_rate_fix,8.8164,8.8164
1998-06-01,banxico,fx_rate_fix,8.8983,8.8983
1998-06-02,banxico,fx_rate_fix,8.8818,8.8818
1998-06-03,banxico,fx_rate_fix,8.7958,8.7958
1998-06-04,banxico,fx_rate_fix,8.7803,8.7803
1998-06-05,banxico,fx_rate_fix,8.7619,8.7619
1998-06-08,banxico,fx_rate_fix,8.8252,8.8252
1998-06-09,banxico,fx_rate_fix,8.8360,8.836
1998-06-10,banxico,fx_rate_fix,8.8808,8.8808
1998-06-11,banxico,fx_rate_fix,8.9609,8.9609
1998-06-12,banxico,fx_rate_fix,9.0463,9.0463
1998-06-15,banxico,fx_rate_fix,9.0375,9.0375
1998-06-16,banxico,fx_rate_fix,8.9815,8.9815
1998-06-17,banxico,fx_rate_fix,8.8803,8.8803
1998-06-18,banxico,fx_rate_fix,8.8967,8.8967
1998-06-19,banxico,fx_rate_fix,8.8929,8.8929
1998-06-22,banxico,fx_rate_fix,8.9123,8.9123
1998-06-23,banxico,fx_rate_fix,8.8927,8.8927
1998-06-24,banxico,fx_rate_fix,8.9252,8.9252
1998-06-25,banxico,fx_rate_fix,8.9537,8.9537
1998-06-26,banxico,fx_rate_fix,9.0407,9.0407
1998-06-29,banxico,fx_rate_fix,9.0228,9.0228
1998-06-30,banxico,fx_rate_fix,8.9852,8.9852
1998-07-01,banxico,fx_rate_fix,8.9375,8.9375
1998-07-02,banxico,fx_rate_fix,8.9863,8.9863
1998-07-03,banxico,fx_rate_fix,8.9497,8.9497
1998-07-06,banxico,fx_rate_fix,8.9694,8.9694
1998-07-07,banxico,fx_rate_fix,8.9558,8.9558
1998-07-08,banxico,fx_rate_fix,8.9242,8.9242
1998-07-09,banxico,fx_rate_fix,8.9432,8.9432
1998-07-10,banxico,fx_rate_fix,8.9535,8.9535
1998-07-13,banxico,fx_rate_fix,8.9025,8.9025
1998-07-14,banxico,fx_rate_fix,8.8548,8.8548
1998-07-15,banxico,fx_rate_fix,8.8535,8.8535
1998-07-16,banxico,fx_rate_fix,8.8393,8.8393
1998-07-17,banxico,fx_rate_fix,8.8218,8.8218
1998-07-20,banxico,fx_rate_fix,8.7896,8.7896
1998-07-21,banxico,fx_rate_fix,8.8033,8.8033
1998-07-22,banxico,fx_rate_fix,8.8721,8.8721
1998-07-23,banxico,fx_rate_fix,8.8647,8.8647
1998-07-24,banxico,fx_rate_fix,8.8670,8.867
1998-07-27,banxico,fx_rate_fix,8.8930,8.893
1998-07-28,banxico,fx_rate_fix,8.8861,8.8861
1998-07-29,banxico,fx_rate_fix,8.9178,8.9178
1998-07-30,banxico,fx_rate_fix,8.9008,8.9008
1998-07-31,banxico,fx_rate_fix,8.9215,8.9215
1998-08-03,banxico,fx_rate_fix,8.9545,8.9545
1998-08-04,banxico,fx_rate_fix,8.9648,8.9648
1998-08-05,banxico,fx_rate_fix,9.0062,9.0062
1998-08-06,banxico,fx_rate_fix,9.0255,9.0255
1998-08-07,banxico,fx_rate_fix,9.0187,9.0187
1998-08-10,banxico,fx_rate_fix,9.1253,9.1253
1998-08-11,banxico,fx_rate_fix,9.2016,9.2016
1998-08-12,banxico,fx_rate_fix,9.1762,9.1762
1998-08-13,banxico,fx_rate_fix,9.2325,9.2325
1998-08-14,banxico,fx_rate_fix,9.1812,9.1812
1998-08-17,banxico,fx_rate_fix,9.3018,9.3018
1998-08-18,banxico,fx_rate_fix,9.2302,9.2302
1998-08-19,banxico,fx_rate_fix,9.1873,9.1873
1998-08-20,banxico,fx_rate_fix,9.3134,9.3134
1998-08-21,banxico,fx_rate_fix,9.6900,9.69
1998-08-24,banxico,fx_rate_fix,9.6458,9.6458
1998-08-25,banxico,fx_rate_fix,9.6001,9.6001
1998-08-26,banxico,fx_rate_fix,9.8150,9.815
1998-08-27,banxico,fx_rate_fix,9.9600,9.96
1998-08-28,banxico,fx_rate_fix,10.0275,10.0275
1998-08-31,banxico,fx_rate_fix,9.9717,9.9717
1998-09-02,banxico,fx_rate_fix,9.9458,9.9458
1998-09-03,banxico,fx_rate_fix,10.1072,10.1072
1998-09-04,banxico,fx_rate_fix,10.1618,10.1618
1998-09-07,banxico,fx_rate_fix,10.1967,10.1967
1998-09-08,banxico,fx_rate_fix,10.2742,10.2742
1998-09-09,banxico,fx_rate_fix,10.3499,10.3499
1998-09-10,banxico,fx_rate_fix,10.5325,10.5325
1998-09-11,banxico,fx_rate_fix,10.5792,10.5792
1998-09-14,banxico,fx_rate_fix,10.5233,10.5233
1998-09-15,banxico,fx_rate_fix,10.2058,10.2058
1998-09-17,banxico,fx_rate_fix,10.3158,10.3158
1998-09-18,banxico,fx_rate_fix,10.1383,10.1383
1998-09-21,banxico,fx_rate_fix,10.3050,10.305
1998-09-22,banxico,fx_rate_fix,10.0962,10.0962
1998-09-23,banxico,fx_rate_fix,10.1159,10.1159
1998-09-24,banxico,fx_rate_fix,10.1117,10.1117
1998-09-25,banxico,fx_rate_fix,10.2438,10.2438
1998-09-28,banxico,fx_rate_fix,10.1062,10.1062
1998-09-29,banxico,fx_rate_fix,10.1119,10.1119
1998-09-30,banxico,fx_rate_fix,10.1933,10.1933
1998-10-01,banxico,fx_rate_fix,10.3137,10.3137
1998-10-02,banxico,fx_rate_fix,10.3137,10.3137
1998-10-05,banxico,fx_rate_fix,10.2180,10.218
1998-10-06,banxico,fx_rate_fix,10.1729,10.1729
1998-10-07,banxico,fx_rate_fix,10.1835,10.1835
1998-10-08,banxico,fx_rate_fix,10.3549,10.3549
1998-10-09,banxico,fx_rate_fix,10.2157,10.2157
1998-10-12,banxico,fx_rate_fix,10.1555,10.1555
1998-10-13,banxico,fx_rate_fix,10.1863,10.1863
1998-10-14,banxico,fx_rate_fix,10.1800,10.18
1998-10-15,banxico,fx_rate_fix,10.1312,10.1312
1998-10-16,banxico,fx_rate_fix,10.0933,10.0933
1998-10-19,banxico,fx_rate_fix,10.0863,10.0863
1998-10-20,banxico,fx_rate_fix,10.0420,10.042
1998-10-21,banxico,fx_rate_fix,10.0338,10.0338
1998-10-22,banxico,fx_rate_fix,9.9930,9.993
1998-10-23,banxico,fx_rate_fix,10.0353,10.0353
1998-10-26,banxico,fx_rate_fix,10.0293,10.0293
1998-10-27,banxico,fx_rate_fix,10.1490,10.149
1998-10-28,banxico,fx_rate_fix,10.1575,10.1575
1998-10-29,banxico,fx_rate_fix,10.2198,10.2198
1998-10-30,banxico,fx_rate_fix,10.1137,10.1137
1998-11-03,banxico,fx_rate_fix,10.0312,10.0312
1998-11-04,banxico,fx_rate_fix,9.9365,9.9365
1998-11-05,banxico,fx_rate_fix,9.9886,9.9886
1998-11-06,banxico,fx_rate_fix,9.9717,9.9717
1998-11-09,banxico,fx_rate_fix,10.0015,10.0015
1998-11-10,banxico,fx_rate_fix,10.0256,10.0256
1998-11-11,banxico,fx_rate_fix,10.0060,10.006
1998-11-12,banxico,fx_rate_fix,10.0563,10.0563
1998-11-13,banxico,fx_rate_fix,9.9965,9.9965
1998-11-16,banxico,fx_rate_fix,9.9765,9.9765
1998-11-17,banxico,fx_rate_fix,9.9440,9.944
1998-11-18,banxico,fx_rate_fix,9.9305,9.9305
1998-11-19,banxico,fx_rate_fix,9.9203,9.9203
1998-11-23,banxico,fx_rate_fix,9.8772,9.8772
1998-11-24,banxico,fx_rate_fix,9.9145,9.9145
1998-11-25,banxico,fx_rate_fix,9.9107,9.9107
1998-11-26,banxico,fx_rate_fix,9.9404,9.9404
1998-11-27,banxico,fx_rate_fix,9.9676,9.9676
1998-11-30,banxico,fx_rate_fix,9.9995,9.9995
1998-12-01,banxico,fx_rate_fix,10.0318,10.0318
1998-12-02,banxico,fx_rate_fix,9.9682,9.9682
1998-12-03,banxico,fx_rate_fix,9.9876,9.9876
1998-12-04,banxico,fx_rate_fix,9.9897,9.9897
1998-12-07,banxico,fx_rate_fix,9.9993,9.9993
1998-12-08,banxico,fx_rate_fix,9.9423,9.9423
1998-12-09,banxico,fx_rate_fix,9.9517,9.9517
1998-12-10,banxico,fx_rate_fix,9.9500,9.95
1998-12-11,banxico,fx_rate_fix,9.9482,9.9482
1998-12-14,banxico,fx_rate_fix,9.9491,9.9491
1998-12-15,banxico,fx_rate_fix,9.9498,9.9498
1998-12-16,banxico,fx_rate_fix,9.8828,9.8828
1998-12-17,banxico,fx_rate_fix,9.7863,9.7863
1998-12-18,banxico,fx_rate_fix,9.7972,9.7972
1998-12-21,banxico,fx_rate_fix,9.7568,9.7568
1998-12-22,banxico,fx_rate_fix,9.8028,9.8028
1998-12-23,banxico,fx_rate_fix,9.8104,9.8104
1998-12-24,banxico,fx_rate_fix,9.8822,9.8822
1998-12-28,banxico,fx_rate_fix,9.8382,9.8382
1998-12-29,banxico,fx_rate_fix,9.8650,9.865
1998-12-30,banxico,fx_rate_fix,9.9395,9.9395
1998-12-31,banxico,fx_rate_fix,9.8963,9.8963
1999-01-04,banxico,fx_rate_fix,9.8376,9.8376
1999-01-05,banxico,fx_rate_fix,9.7921,9.7921
1999-01-06,banxico,fx_rate_fix,9.7755,9.7755
1999-01-07,banxico,fx_rate_fix,9.8527,9.8527
1999-01-08,banxico,fx_rate_fix,9.8091,9.8091
1999-01-11,banxico,fx_rate_fix,9.9394,9.9394
1999-01-12,banxico,fx_rate_fix,10.0848,10.0848
1999-01-13,banxico,fx_rate_fix,10.6000,10.6
1999-01-14,banxico,fx_rate_fix,10.5383,10.5383
1999-01-15,banxico,fx_rate_fix,10.3485,10.3485
1999-01-18,banxico,fx_rate_fix,10.2258,10.2258
1999-01-19,banxico,fx_rate_fix,10.2783,10.2783
1999-01-20,banxico,fx_rate_fix,10.1780,10.178
1999-01-21,banxico,fx_rate_fix,10.2874,10.2874
1999-01-22,banxico,fx_rate_fix,10.2017,10.2017
1999-01-25,banxico,fx_rate_fix,10.2242,10.2242
1999-01-26,banxico,fx_rate_fix,10.2252,10.2252
1999-01-27,banxico,fx_rate_fix,10.1745,10.1745
1999-01-28,banxico,fx_rate_fix,10.1752,10.1752
1999-01-29,banxico,fx_rate_fix,10.1543,10.1543
1999-02-01,banxico,fx_rate_fix,10.0986,10.0986
1999-02-02,banxico,fx_rate_fix,10.0823,10.0823
1999-02-03,banxico,fx_rate_fix,10.1138,10.1138
1999-02-04,banxico,fx_rate_fix,10.1217,10.1217
1999-02-08,banxico,fx_rate_fix,10.0821,10.0821
1999-02-09,banxico,fx_rate_fix,10.0764,10.0764
1999-02-10,banxico,fx_rate_fix,10.0606,10.0606
1999-02-11,banxico,fx_rate_fix,9.9793,9.9793
1999-02-12,banxico,fx_rate_fix,9.9486,9.9486
1999-02-15,banxico,fx_rate_fix,9.9315,9.9315
1999-02-16,banxico,fx_rate_fix,9.9190,9.919
1999-02-17,banxico,fx_rate_fix,9.9043,9.9043
1999-02-18,banxico,fx_rate_fix,9.8809,9.8809
1999-02-19,banxico,fx_rate_fix,9.9333,9.9333
1999-02-22,banxico,fx_rate_fix,9.9315,9.9315
1999-02-23,banxico,fx_rate_fix,9.9565,9.9565
1999-02-24,banxico,fx_rate_fix,9.9357,9.9357
1999-02-25,banxico,fx_rate_fix,9.9836,9.9836
1999-02-26,banxico,fx_rate_fix,9.9441,9.9441
1999-03-01,banxico,fx_rate_fix,9.9072,9.9072
1999-03-02,banxico,fx_rate_fix,9.9528,9.9528
1999-03-03,banxico,fx_rate_fix,9.9641,9.9641
1999-03-04,banxico,fx_rate_fix,9.9334,9.9334
1999-03-05,banxico,fx_rate_fix,9.8732,9.8732
1999-03-08,banxico,fx_rate_fix,9.8434,9.8434
1999-03-09,banxico,fx_rate_fix,9.7927,9.7927
1999-03-10,banxico,fx_rate_fix,9.8012,9.8012
1999-03-11,banxico,fx_rate_fix,9.7480,9.748
1999-03-12,banxico,fx_rate_fix,9.7527,9.7527
1999-03-15,banxico,fx_rate_fix,9.7053,9.7053
1999-03-16,banxico,fx_rate_fix,9.6587,9.6587
1999-03-17,banxico,fx_rate_fix,9.6888,9.6888
1999-03-18,banxico,fx_rate_fix,9.6462,9.6462
1999-03-19,banxico,fx_rate_fix,9.6675,9.6675
1999-03-22,banxico,fx_rate_fix,9.7116,9.7116
1999-03-23,banxico,fx_rate_fix,9.6723,9.6723
1999-03-24,banxico,fx_rate_fix,9.6917,9.6917
1999-03-25,banxico,fx_rate_fix,9.6454,9.6454
1999-03-26,banxico,fx_rate_fix,9.5954,9.5954
1999-03-29,banxico,fx_rate_fix,9.5158,9.5158
1999-03-30,banxico,fx_rate_fix,9.5376,9.5376
1999-03-31,banxico,fx_rate_fix,9.5218,9.5218
1999-04-05,banxico,fx_rate_fix,9.4818,9.4818
1999-04-06,banxico,fx_rate_fix,9.4846,9.4846
1999-04-07,banxico,fx_rate_fix,9.4968,9.4968
1999-04-08,banxico,fx_rate_fix,9.4771,9.4771
1999-04-09,banxico,fx_rate_fix,9.5728,9.5728
1999-04-12,banxico,fx_rate_fix,9.5569,9.5569
1999-04-13,banxico,fx_rate_fix,9.5058,9.5058
1999-04-14,banxico,fx_rate_fix,9.5085,9.5085
1999-04-15,banxico,fx_rate_fix,9.5430,9.543
1999-04-16,banxico,fx_rate_fix,9.5237,9.5237
1999-04-19,banxico,fx_rate_fix,9.3831,9.3831
1999-04-20,banxico,fx_rate_fix,9.4077,9.4077
1999-04-21,banxico,fx_rate_fix,9.3643,9.3643
1999-04-22,banxico,fx_rate_fix,9.3317,9.3317
1999-04-23,banxico,fx_rate_fix,9.3005,9.3005
1999-04-26,banxico,fx_rate_fix,9.3084,9.3084
1999-04-27,banxico,fx_rate_fix,9.3285,9.3285
1999-04-28,banxico,fx_rate_fix,9.2871,9.2871
1999-04-29,banxico,fx_rate_fix,9.2622,9.2622
1999-04-30,banxico,fx_rate_fix,9.2447,9.2447
1999-05-03,banxico,fx_rate_fix,9.2689,9.2689
1999-05-04,banxico,fx_rate_fix,9.2749,9.2749
1999-05-06,banxico,fx_rate_fix,9.3330,9.333
1999-05-07,banxico,fx_rate_fix,9.3480,9.348
1999-05-10,banxico,fx_rate_fix,9.2992,9.2992
1999-05-11,banxico,fx_rate_fix,9.2533,9.2533
1999-05-12,banxico,fx_rate_fix,9.3247,9.3247
1999-05-13,banxico,fx_rate_fix,9.2698,9.2698
1999-05-14,banxico,fx_rate_fix,9.3591,9.3591
1999-05-17,banxico,fx_rate_fix,9.3663,9.3663
1999-05-18,banxico,fx_rate_fix,9.2983,9.2983
1999-05-19,banxico,fx_rate_fix,9.3086,9.3086
1999-05-20,banxico,fx_rate_fix,9.3242,9.3242
1999-05-21,banxico,fx_rate_fix,9.3589,9.3589
1999-05-24,banxico,fx_rate_fix,9.3845,9.3845
1999-05-25,banxico,fx_rate_fix,9.5468,9.5468
1999-05-26,banxico,fx_rate_fix,9.6715,9.6715
1999-05-27,banxico,fx_rate_fix,9.7498,9.7498
1999-05-28,banxico,fx_rate_fix,9.7833,9.7833
1999-05-31,banxico,fx_rate_fix,9.6872,9.6872
1999-06-01,banxico,fx_rate_fix,9.8156,9.8156
1999-06-02,banxico,fx_rate_fix,9.7653,9.7653
1999-06-03,banxico,fx_rate_fix,9.6545,9.6545
1999-06-04,banxico,fx_rate_fix,9.6272,9.6272
1999-06-07,banxico,fx_rate_fix,9.5045,9.5045
1999-06-08,banxico,fx_rate_fix,9.4879,9.4879
1999-06-09,banxico,fx_rate_fix,9.5817,9.5817
1999-06-10,banxico,fx_rate_fix,9.5985,9.5985
1999-06-11,banxico,fx_rate_fix,9.5452,9.5452
1999-06-14,banxico,fx_rate_fix,9.5767,9.5767
1999-06-15,banxico,fx_rate_fix,9.5018,9.5018
1999-06-16,banxico,fx_rate_fix,9.4585,9.4585
1999-06-17,banxico,fx_rate_fix,9.4038,9.4038
1999-06-18,banxico,fx_rate_fix,9.3550,9.355
1999-06-21,banxico,fx_rate_fix,9.3781,9.3781
1999-06-22,banxico,fx_rate_fix,9.3717,9.3717
1999-06-23,banxico,fx_rate_fix,9.4038,9.4038
1999-06-24,banxico,fx_rate_fix,9.4590,9.459
1999-06-25,banxico,fx_rate_fix,9.4717,9.4717
1999-06-28,banxico,fx_rate_fix,9.4875,9.4875
1999-06-29,banxico,fx_rate_fix,9.4165,9.4165
1999-06-30,banxico,fx_rate_fix,9.4409,9.4409
1999-07-01,banxico,fx_rate_fix,9.3773,9.3773
1999-07-02,banxico,fx_rate_fix,9.3513,9.3513
1999-07-05,banxico,fx_rate_fix,9.3167,9.3167
1999-07-06,banxico,fx_rate_fix,9.3314,9.3314
1999-07-07,banxico,fx_rate_fix,9.3637,9.3637
1999-07-08,banxico,fx_rate_fix,9.3303,9.3303
1999-07-09,banxico,fx_rate_fix,9.3523,9.3523
1999-07-12,banxico,fx_rate_fix,9.4358,9.4358
1999-07-13,banxico,fx_rate_fix,9.4590,9.459
1999-07-14,banxico,fx_rate_fix,9.3388,9.3388
1999-07-15,banxico,fx_rate_fix,9.3343,9.3343
1999-07-16,banxico,fx_rate_fix,9.3563,9.3563
1999-07-19,banxico,fx_rate_fix,9.3008,9.3008
1999-07-20,banxico,fx_rate_fix,9.3013,9.3013
1999-07-21,banxico,fx_rate_fix,9.3348,9.3348
1999-07-22,banxico,fx_rate_fix,9.3746,9.3746
1999-07-23,banxico,fx_rate_fix,9.3856,9.3856
1999-07-26,banxico,fx_rate_fix,9.4235,9.4235
1999-07-27,banxico,fx_rate_fix,9.3680,9.368
1999-07-28,banxico,fx_rate_fix,9.3827,9.3827
1999-07-29,banxico,fx_rate_fix,9.4260,9.426
1999-07-30,banxico,fx_rate_fix,9.4010,9.401
1999-08-02,banxico,fx_rate_fix,9.4058,9.4058
1999-08-03,banxico,fx_rate_fix,9.4552,9.4552
1999-08-04,banxico,fx_rate_fix,9.4364,9.4364
1999-08-05,banxico,fx_rate_fix,9.5097,9.5097
1999-08-06,banxico,fx_rate_fix,9.4962,9.4962
1999-08-09,banxico,fx_rate_fix,9.4874,9.4874
1999-08-10,banxico,fx_rate_fix,9.5063,9.5063
1999-08-11,banxico,fx_rate_fix,9.4150,9.415
1999-08-12,banxico,fx_rate_fix,9.3533,9.3533
1999-08-13,banxico,fx_rate_fix,9.3883,9.3883
1999-08-16,banxico,fx_rate_fix,9.3568,9.3568
1999-08-17,banxico,fx_rate_fix,9.3332,9.3332
1999-08-18,banxico,fx_rate_fix,9.3218,9.3218
1999-08-19,banxico,fx_rate_fix,9.3745,9.3745
1999-08-20,banxico,fx_rate_fix,9.3868,9.3868
1999-08-23,banxico,fx_rate_fix,9.3435,9.3435
1999-08-24,banxico,fx_rate_fix,9.3310,9.331
1999-08-25,banxico,fx_rate_fix,9.3081,9.3081
1999-08-26,banxico,fx_rate_fix,9.3394,9.3394
1999-08-27,banxico,fx_rate_fix,9.3819,9.3819
1999-08-30,banxico,fx_rate_fix,9.4095,9.4095
1999-08-31,banxico,fx_rate_fix,9.3850,9.385
1999-09-02,banxico,fx_rate_fix,9.3739,9.3739
1999-09-03,banxico,fx_rate_fix,9.3382,9.3382
1999-09-06,banxico,fx_rate_fix,9.3462,9.3462
1999-09-07,banxico,fx_rate_fix,9.3497,9.3497
1999-09-08,banxico,fx_rate_fix,9.3578,9.3578
1999-09-09,banxico,fx_rate_fix,9.3471,9.3471
1999-09-10,banxico,fx_rate_fix,9.3174,9.3174
1999-09-13,banxico,fx_rate_fix,9.3192,9.3192
1999-09-14,banxico,fx_rate_fix,9.3323,9.3323
1999-09-15,banxico,fx_rate_fix,9.3092,9.3092
1999-09-17,banxico,fx_rate_fix,9.3712,9.3712
1999-09-20,banxico,fx_rate_fix,9.3223,9.3223
1999-09-21,banxico,fx_rate_fix,9.3044,9.3044
1999-09-22,banxico,fx_rate_fix,9.2858,9.2858
1999-09-23,banxico,fx_rate_fix,9.3055,9.3055
1999-09-24,banxico,fx_rate_fix,9.3565,9.3565
1999-09-27,banxico,fx_rate_fix,9.3158,9.3158
1999-09-28,banxico,fx_rate_fix,9.3582,9.3582
1999-09-29,banxico,fx_rate_fix,9.3565,9.3565
1999-09-30,banxico,fx_rate_fix,9.3483,9.3483
1999-10-01,banxico,fx_rate_fix,9.4063,9.4063
1999-10-04,banxico,fx_rate_fix,9.4531,9.4531
1999-10-05,banxico,fx_rate_fix,9.4758,9.4758
1999-10-06,banxico,fx_rate_fix,9.4323,9.4323
1999-10-07,banxico,fx_rate_fix,9.4598,9.4598
1999-10-08,banxico,fx_rate_fix,9.4682,9.4682
1999-10-11,banxico,fx_rate_fix,9.4507,9.4507
1999-10-12,banxico,fx_rate_fix,9.4675,9.4675
1999-10-13,banxico,fx_rate_fix,9.5190,9.519
1999-10-14,banxico,fx_rate_fix,9.6308,9.6308
1999-10-15,banxico,fx_rate_fix,9.7114,9.7114
1999-10-18,banxico,fx_rate_fix,9.7143,9.7143
1999-10-19,banxico,fx_rate_fix,9.6713,9.6713
1999-10-20,banxico,fx_rate_fix,9.6114,9.6114
1999-10-21,banxico,fx_rate_fix,9.6482,9.6482
1999-10-22,banxico,fx_rate_fix,9.6030,9.603
1999-10-25,banxico,fx_rate_fix,9.6374,9.6374
1999-10-26,banxico,fx_rate_fix,9.6299,9.6299
1999-10-27,banxico,fx_rate_fix,9.6504,9.6504
1999-10-28,banxico,fx_rate_fix,9.6357,9.6357
1999-10-29,banxico,fx_rate_fix,9.6250,9.625
1999-11-01,banxico,fx_rate_fix,9.6208,9.6208
1999-11-03,banxico,fx_rate_fix,9.5552,9.5552
1999-11-04,banxico,fx_rate_fix,9.4712,9.4712
1999-11-05,banxico,fx_rate_fix,9.4518,9.4518
1999-11-08,banxico,fx_rate_fix,9.4571,9.4571
1999-11-09,banxico,fx_rate_fix,9.4158,9.4158
1999-11-10,banxico,fx_rate_fix,9.4126,9.4126
1999-11-11,banxico,fx_rate_fix,9.3857,9.3857
1999-11-12,banxico,fx_rate_fix,9.3787,9.3787
1999-11-15,banxico,fx_rate_fix,9.3685,9.3685
1999-11-16,banxico,fx_rate_fix,9.4018,9.4018
1999-11-17,banxico,fx_rate_fix,9.3549,9.3549
1999-11-18,banxico,fx_rate_fix,9.3460,9.346
1999-11-19,banxico,fx_rate_fix,9.3288,9.3288
1999-11-22,banxico,fx_rate_fix,9.3190,9.319
1999-11-23,banxico,fx_rate_fix,9.3324,9.3324
1999-11-24,banxico,fx_rate_fix,9.3195,9.3195
1999-11-25,banxico,fx_rate_fix,9.2945,9.2945
1999-11-26,banxico,fx_rate_fix,9.3550,9.355
1999-11-29,banxico,fx_rate_fix,9.3737,9.3737
1999-11-30,banxico,fx_rate_fix,9.4320,9.432
1999-12-01,banxico,fx_rate_fix,9.4683,9.4683
1999-12-02,banxico,fx_rate_fix,9.5326,9.5326
1999-12-03,banxico,fx_rate_fix,9.4942,9.4942
1999-12-06,banxico,fx_rate_fix,9.4562,9.4562
1999-12-07,banxico,fx_rate_fix,9.4416,9.4416
1999-12-08,banxico,fx_rate_fix,9.4755,9.4755
1999-12-09,banxico,fx_rate_fix,9.4288,9.4288
1999-12-10,banxico,fx_rate_fix,9.4143,9.4143
1999-12-13,banxico,fx_rate_fix,9.4143,9.4143
1999-12-14,banxico,fx_rate_fix,9.4110,9.411
1999-12-15,banxico,fx_rate_fix,9.3790,9.379
1999-12-16,banxico,fx_rate_fix,9.3578,9.3578
1999-12-17,banxico,fx_rate_fix,9.3298,9.3298
1999-12-20,banxico,fx_rate_fix,9.3338,9.3338
1999-12-21,banxico,fx_rate_fix,9.3142,9.3142
1999-12-22,banxico,fx_rate_fix,9.3095,9.3095
1999-12-23,banxico,fx_rate_fix,9.3695,9.3695
1999-12-24,banxico,fx_rate_fix,9.4188,9.4188
1999-12-27,banxico,fx_rate_fix,9.4632,9.4632
1999-12-28,banxico,fx_rate_fix,9.5143,9.5143
1999-12-29,banxico,fx_rate_fix,9.5222,9.5222
1999-12-30,banxico,fx_rate_fix,9.4986,9.4986
2000-01-03,banxico,fx_rate_fix,9.3949,9.3949
2000-01-04,banxico,fx_rate_fix,9.4564,9.4564
2000-01-05,banxico,fx_rate_fix,9.5455,9.5455
2000-01-06,banxico,fx_rate_fix,9.5705,9.5705
2000-01-07,banxico,fx_rate_fix,9.5150,9.515
2000-01-10,banxico,fx_rate_fix,9.4464,9.4464
2000-01-11,banxico,fx_rate_fix,9.4780,9.478
2000-01-12,banxico,fx_rate_fix,9.5352,9.5352
2000-01-13,banxico,fx_rate_fix,9.5057,9.5057
2000-01-14,banxico,fx_rate_fix,9.4483,9.4483
2000-01-17,banxico,fx_rate_fix,9.4172,9.4172
2000-01-18,banxico,fx_rate_fix,9.4383,9.4383
2000-01-19,banxico,fx_rate_fix,9.4086,9.4086
2000-01-20,banxico,fx_rate_fix,9.4038,9.4038
2000-01-21,banxico,fx_rate_fix,9.4463,9.4463
2000-01-24,banxico,fx_rate_fix,9.4838,9.4838
2000-01-25,banxico,fx_rate_fix,9.5288,9.5288
2000-01-26,banxico,fx_rate_fix,9.5103,9.5103
2000-01-27,banxico,fx_rate_fix,9.5123,9.5123
2000-01-28,banxico,fx_rate_fix,9.5727,9.5727
2000-01-31,banxico,fx_rate_fix,9.6253,9.6253
2000-02-01,banxico,fx_rate_fix,9.5956,9.5956
2000-02-02,banxico,fx_rate_fix,9.5724,9.5724
2000-02-03,banxico,fx_rate_fix,9.5011,9.5011
2000-02-04,banxico,fx_rate_fix,9.4803,9.4803
2000-02-07,banxico,fx_rate_fix,9.4327,9.4327
2000-02-08,banxico,fx_rate_fix,9.4018,9.4018
2000-02-09,banxico,fx_rate_fix,9.3998,9.3998
2000-02-10,banxico,fx_rate_fix,9.4348,9.4348
2000-02-11,banxico,fx_rate_fix,9.4212,9.4212
2000-02-14,banxico,fx_rate_fix,9.3988,9.3988
2000-02-15,banxico,fx_rate_fix,9.3880,9.388
2000-02-16,banxico,fx_rate_fix,9.3710,9.371
2000-02-17,banxico,fx_rate_fix,9.3905,9.3905
2000-02-18,banxico,fx_rate_fix,9.3592,9.3592
2000-02-21,banxico,fx_rate_fix,9.4108,9.4108
2000-02-22,banxico,fx_rate_fix,9.4395,9.4395
2000-02-23,banxico,fx_rate_fix,9.4067,9.4067
2000-02-24,banxico,fx_rate_fix,9.3798,9.3798
2000-02-25,banxico,fx_rate_fix,9.3748,9.3748
2000-02-28,banxico,fx_rate_fix,9.4033,9.4033
2000-02-29,banxico,fx_rate_fix,9.3662,9.3662
2000-03-01,banxico,fx_rate_fix,9.3633,9.3633
2000-03-02,banxico,fx_rate_fix,9.3382,9.3382
2000-03-03,banxico,fx_rate_fix,9.3115,9.3115
2000-03-06,banxico,fx_rate_fix,9.3215,9.3215
2000-03-07,banxico,fx_rate_fix,9.3009,9.3009
2000-03-08,banxico,fx_rate_fix,9.2662,9.2662
2000-03-09,banxico,fx_rate_fix,9.2837,9.2837
2000-03-10,banxico,fx_rate_fix,9.3125,9.3125
2000-03-13,banxico,fx_rate_fix,9.3338,9.3338
2000-03-14,banxico,fx_rate_fix,9.3127,9.3127
2000-03-15,banxico,fx_rate_fix,9.3436,9.3436
2000-03-16,banxico,fx_rate_fix,9.3224,9.3224
2000-03-17,banxico,fx_rate_fix,9.3255,9.3255
2000-03-20,banxico,fx_rate_fix,9.3185,9.3185
2000-03-22,banxico,fx_rate_fix,9.2765,9.2765
2000-03-23,banxico,fx_rate_fix,9.2398,9.2398
2000-03-24,banxico,fx_rate_fix,9.1712,9.1712
2000-03-27,banxico,fx_rate_fix,9.1775,9.1775
2000-03-28,banxico,fx_rate_fix,9.1883,9.1883
2000-03-29,banxico,fx_rate_fix,9.2331,9.2331
2000-03-30,banxico,fx_rate_fix,9.3015,9.3015
2000-03-31,banxico,fx_rate_fix,9.2845,9.2845
2000-04-03,banxico,fx_rate_fix,9.2761,9.2761
2000-04-04,banxico,fx_rate_fix,9.2878,9.2878
2000-04-05,banxico,fx_rate_fix,9.3835,9.3835
2000-04-06,banxico,fx_rate_fix,9.3535,9.3535
2000-04-07,banxico,fx_rate_fix,9.3218,9.3218
2000-04-10,banxico,fx_rate_fix,9.2868,9.2868
2000-04-11,banxico,fx_rate_fix,9.3918,9.3918
2000-04-12,banxico,fx_rate_fix,9.3965,9.3965
2000-04-13,banxico,fx_rate_fix,9.3988,9.3988
2000-04-14,banxico,fx_rate_fix,9.4842,9.4842
2000-04-17,banxico,fx_rate_fix,9.4882,9.4882
2000-04-18,banxico,fx_rate_fix,9.4388,9.4388
2000-04-19,banxico,fx_rate_fix,9.3939,9.3939
2000-04-24,banxico,fx_rate_fix,9.4443,9.4443
2000-04-25,banxico,fx_rate_fix,9.4078,9.4078
2000-04-26,banxico,fx_rate_fix,9.4073,9.4073
2000-04-27,banxico,fx_rate_fix,9.4521,9.4521
2000-04-28,banxico,fx_rate_fix,9.4127,9.4127
2000-05-02,banxico,fx_rate_fix,9.3374,9.3374
2000-05-03,banxico,fx_rate_fix,9.3848,9.3848
2000-05-04,banxico,fx_rate_fix,9.3928,9.3928
2000-05-08,banxico,fx_rate_fix,9.4918,9.4918
2000-05-09,banxico,fx_rate_fix,9.4855,9.4855
2000-05-10,banxico,fx_rate_fix,9.5702,9.5702
2000-05-11,banxico,fx_rate_fix,9.5768,9.5768
2000-05-12,banxico,fx_rate_fix,9.5661,9.5661
2000-05-15,banxico,fx_rate_fix,9.5820,9.582
2000-05-16,banxico,fx_rate_fix,9.5088,9.5088
2000-05-17,banxico,fx_rate_fix,9.5451,9.5451
2000-05-18,banxico,fx_rate_fix,9.5751,9.5751
2000-05-19,banxico,fx_rate_fix,9.6150,9.615
2000-05-22,banxico,fx_rate_fix,9.5778,9.5778
2000-05-23,banxico,fx_rate_fix,9.5090,9.509
2000-05-24,banxico,fx_rate_fix,9.5328,9.5328
2000-05-25,banxico,fx_rate_fix,9.4940,9.494
2000-05-26,banxico,fx_rate_fix,9.5274,9.5274
2000-05-29,banxico,fx_rate_fix,9.5326,9.5326
2000-05-30,banxico,fx_rate_fix,9.5160,9.516
2000-05-31,banxico,fx_rate_fix,9.5110,9.511
2000-06-01,banxico,fx_rate_fix,9.4988,9.4988
2000-06-02,banxico,fx_rate_fix,9.5461,9.5461
2000-06-05,banxico,fx_rate_fix,9.5442,9.5442
2000-06-06,banxico,fx_rate_fix,9.6570,9.657
2000-06-07,banxico,fx_rate_fix,9.7942,9.7942
2000-06-08,banxico,fx_rate_fix,9.8519,9.8519
2000-06-09,banxico,fx_rate_fix,9.9263,9.9263
2000-06-12,banxico,fx_rate_fix,9.8546,9.8546
2000-06-13,banxico,fx_rate_fix,9.7645,9.7645
2000-06-14,banxico,fx_rate_fix,9.7879,9.7879
2000-06-15,banxico,fx_rate_fix,9.8478,9.8478
2000-06-16,banxico,fx_rate_fix,9.9243,9.9243
2000-06-19,banxico,fx_rate_fix,9.9031,9.9031
2000-06-20,banxico,fx_rate_fix,9.8644,9.8644
2000-06-21,banxico,fx_rate_fix,9.8568,9.8568
2000-06-22,banxico,fx_rate_fix,9.8707,9.8707
2000-06-23,banxico,fx_rate_fix,9.9805,9.9805
2000-06-26,banxico,fx_rate_fix,10.0197,10.0197
2000-06-27,banxico,fx_rate_fix,10.0787,10.0787
2000-06-28,banxico,fx_rate_fix,9.9538,9.9538
2000-06-29,banxico,fx_rate_fix,9.9003,9.9003
2000-06-30,banxico,fx_rate_fix,9.8243,9.8243
2000-07-03,banxico,fx_rate_fix,9.5461,9.5461
2000-07-04,banxico,fx_rate_fix,9.4876,9.4876
2000-07-05,banxico,fx_rate_fix,9.5384,9.5384
2000-07-06,banxico,fx_rate_fix,9.5460,9.546
2000-07-07,banxico,fx_rate_fix,9.5195,9.5195
2000-07-10,banxico,fx_rate_fix,9.5023,9.5023
2000-07-11,banxico,fx_rate_fix,9.4280,9.428
2000-07-12,banxico,fx_rate_fix,9.4748,9.4748
2000-07-13,banxico,fx_rate_fix,9.4368,9.4368
2000-07-14,banxico,fx_rate_fix,9.4152,9.4152
2000-07-17,banxico,fx_rate_fix,9.3491,9.3491
2000-07-18,banxico,fx_rate_fix,9.3327,9.3327
2000-07-19,banxico,fx_rate_fix,9.4118,9.4118
2000-07-20,banxico,fx_rate_fix,9.3608,9.3608
2000-07-21,banxico,fx_rate_fix,9.3485,9.3485
2000-07-24,banxico,fx_rate_fix,9.3337,9.3337
2000-07-25,banxico,fx_rate_fix,9.3657,9.3657
2000-07-26,banxico,fx_rate_fix,9.3627,9.3627
2000-07-27,banxico,fx_rate_fix,9.3610,9.361
2000-07-28,banxico,fx_rate_fix,9.3578,9.3578
2000-07-31,banxico,fx_rate_fix,9.3667,9.3667
2000-08-01,banxico,fx_rate_fix,9.3428,9.3428
2000-08-02,banxico,fx_rate_fix,9.3462,9.3462
2000-08-03,banxico,fx_rate_fix,9.3881,9.3881
2000-08-04,banxico,fx_rate_fix,9.3574,9.3574
2000-08-07,banxico,fx_rate_fix,9.3353,9.3353
2000-08-08,banxico,fx_rate_fix,9.3353,9.3353
2000-08-09,banxico,fx_rate_fix,9.3260,9.326
2000-08-10,banxico,fx_rate_fix,9.3198,9.3198
2000-08-11,banxico,fx_rate_fix,9.2918,9.2918
2000-08-14,banxico,fx_rate_fix,9.2516,9.2516
2000-08-15,banxico,fx_rate_fix,9.2504,9.2504
2000-08-16,banxico,fx_rate_fix,9.1923,9.1923
2000-08-17,banxico,fx_rate_fix,9.1873,9.1873
2000-08-18,banxico,fx_rate_fix,9.2293,9.2293
2000-08-21,banxico,fx_rate_fix,9.2563,9.2563
2000-08-22,banxico,fx_rate_fix,9.2322,9.2322
2000-08-23,banxico,fx_rate_fix,9.2773,9.2773
2000-08-24,banxico,fx_rate_fix,9.2268,9.2268
2000-08-25,banxico,fx_rate_fix,9.2342,9.2342
2000-08-28,banxico,fx_rate_fix,9.2093,9.2093
2000-08-29,banxico,fx_rate_fix,9.2317,9.2317
2000-08-30,banxico,fx_rate_fix,9.2108,9.2108
2000-08-31,banxico,fx_rate_fix,9.1995,9.1995
2000-09-01,banxico,fx_rate_fix,9.2014,9.2014
2000-09-04,banxico,fx_rate_fix,9.2231,9.2231
2000-09-05,banxico,fx_rate_fix,9.2612,9.2612
2000-09-06,banxico,fx_rate_fix,9.3115,9.3115
2000-09-07,banxico,fx_rate_fix,9.3141,9.3141
2000-09-08,banxico,fx_rate_fix,9.3243,9.3243
2000-09-11,banxico,fx_rate_fix,9.2814,9.2814
2000-09-12,banxico,fx_rate_fix,9.2542,9.2542
2000-09-13,banxico,fx_rate_fix,9.2860,9.286
2000-09-14,banxico,fx_rate_fix,9.3125,9.3125
2000-09-15,banxico,fx_rate_fix,9.3517,9.3517
2000-09-18,banxico,fx_rate_fix,9.4172,9.4172
2000-09-19,banxico,fx_rate_fix,9.4250,9.425
2000-09-20,banxico,fx_rate_fix,9.4483,9.4483
2000-09-21,banxico,fx_rate_fix,9.4347,9.4347
2000-09-22,banxico,fx_rate_fix,9.4790,9.479
2000-09-25,banxico,fx_rate_fix,9.4218,9.4218
2000-09-26,banxico,fx_rate_fix,9.4032,9.4032
2000-09-27,banxico,fx_rate_fix,9.4088,9.4088
2000-09-28,banxico,fx_rate_fix,9.4290,9.429
2000-09-29,banxico,fx_rate_fix,9.4459,9.4459
2000-10-02,banxico,fx_rate_fix,9.4142,9.4142
2000-10-03,banxico,fx_rate_fix,9.4014,9.4014
2000-10-04,banxico,fx_rate_fix,9.4292,9.4292
2000-10-05,banxico,fx_rate_fix,9.4515,9.4515
2000-10-06,banxico,fx_rate_fix,9.4600,9.46
2000-10-09,banxico,fx_rate_fix,9.4753,9.4753
2000-10-10,banxico,fx_rate_fix,9.4632,9.4632
2000-10-11,banxico,fx_rate_fix,9.4790,9.479
2000-10-12,banxico,fx_rate_fix,9.5193,9.5193
2000-10-13,banxico,fx_rate_fix,9.5879,9.5879
2000-10-16,banxico,fx_rate_fix,9.5351,9.5351
2000-10-17,banxico,fx_rate_fix,9.5443,9.5443
2000-10-18,banxico,fx_rate_fix,9.5765,9.5765
2000-10-19,banxico,fx_rate_fix,9.5333,9.5333
2000-10-20,banxico,fx_rate_fix,9.5605,9.5605
2000-10-23,banxico,fx_rate_fix,9.5736,9.5736
2000-10-24,banxico,fx_rate_fix,9.5757,9.5757
2000-10-25,banxico,fx_rate_fix,9.6242,9.6242
2000-10-26,banxico,fx_rate_fix,9.6777,9.6777
2000-10-27,banxico,fx_rate_fix,9.6443,9.6443
2000-10-30,banxico,fx_rate_fix,9.5995,9.5995
2000-10-31,banxico,fx_rate_fix,9.5642,9.5642
2000-11-01,banxico,fx_rate_fix,9.5824,9.5824
2000-11-03,banxico,fx_rate_fix,9.5990,9.599
2000-11-06,banxico,fx_rate_fix,9.6438,9.6438
2000-11-07,banxico,fx_rate_fix,9.6544,9.6544
2000-11-08,banxico,fx_rate_fix,9.6166,9.6166
2000-11-09,banxico,fx_rate_fix,9.6533,9.6533
2000-11-10,banxico,fx_rate_fix,9.6008,9.6008
2000-11-13,banxico,fx_rate_fix,9.5580,9.558
2000-11-14,banxico,fx_rate_fix,9.4963,9.4963
2000-11-15,banxico,fx_rate_fix,9.4625,9.4625
2000-11-16,banxico,fx_rate_fix,9.4828,9.4828
2000-11-17,banxico,fx_rate_fix,9.4828,9.4828
2000-11-21,banxico,fx_rate_fix,9.4098,9.4098
2000-11-22,banxico,fx_rate_fix,9.3790,9.379
2000-11-23,banxico,fx_rate_fix,9.4057,9.4057
2000-11-24,banxico,fx_rate_fix,9.3930,9.393
2000-11-27,banxico,fx_rate_fix,9.3692,9.3692
2000-11-28,banxico,fx_rate_fix,9.4058,9.4058
2000-11-29,banxico,fx_rate_fix,9.3973,9.3973
2000-11-30,banxico,fx_rate_fix,9.4155,9.4155
2000-12-04,banxico,fx_rate_fix,9.4132,9.4132
2000-12-05,banxico,fx_rate_fix,9.3737,9.3737
2000-12-06,banxico,fx_rate_fix,9.4020,9.402
2000-12-07,banxico,fx_rate_fix,9.4263,9.4263
2000-12-08,banxico,fx_rate_fix,9.3984,9.3984
2000-12-11,banxico,fx_rate_fix,9.4418,9.4418
2000-12-13,banxico,fx_rate_fix,9.4497,9.4497
2000-12-14,banxico,fx_rate_fix,9.4127,9.4127
2000-12-15,banxico,fx_rate_fix,9.4079,9.4079
2000-12-18,banxico,fx_rate_fix,9.3788,9.3788
2000-12-19,banxico,fx_rate_fix,9.3790,9.379
2000-12-20,banxico,fx_rate_fix,9.4348,9.4348
2000-12-21,banxico,fx_rate_fix,9.5727,9.5727
2000-12-22,banxico,fx_rate_fix,9.5980,9.598
2000-12-26,banxico,fx_rate_fix,9.5201,9.5201
2000-12-27,banxico,fx_rate_fix,9.5722,9.5722
2000-12-28,banxico,fx_rate_fix,9.5997,9.5997
2000-12-29,banxico,fx_rate_fix,9.6098,9.6098
2001-01-02,banxico,fx_rate_fix,9.7140,9.714
2001-01-03,banxico,fx_rate_fix,9.8340,9.834
2001-01-04,banxico,fx_rate_fix,9.7080,9.708
2001-01-05,banxico,fx_rate_fix,9.7546,9.7546
2001-01-08,banxico,fx_rate_fix,9.6900,9.69
2001-01-09,banxico,fx_rate_fix,9.7417,9.7417
2001-01-10,banxico,fx_rate_fix,9.8167,9.8167
2001-01-11,banxico,fx_rate_fix,9.8548,9.8548
2001-01-12,banxico,fx_rate_fix,9.8798,9.8798
2001-01-15,banxico,fx_rate_fix,9.9018,9.9018
2001-01-16,banxico,fx_rate_fix,9.9778,9.9778
2001-01-17,banxico,fx_rate_fix,9.8878,9.8878
2001-01-18,banxico,fx_rate_fix,9.8870,9.887
2001-01-19,banxico,fx_rate_fix,9.7953,9.7953
2001-01-22,banxico,fx_rate_fix,9.7863,9.7863
2001-01-23,banxico,fx_rate_fix,9.7683,9.7683
2001-01-24,banxico,fx_rate_fix,9.6923,9.6923
2001-01-25,banxico,fx_rate_fix,9.6830,9.683
2001-01-26,banxico,fx_rate_fix,9.6909,9.6909
2001-01-29,banxico,fx_rate_fix,9.6687,9.6687
2001-01-30,banxico,fx_rate_fix,9.6692,9.6692
2001-01-31,banxico,fx_rate_fix,9.6828,9.6828
2001-02-01,banxico,fx_rate_fix,9.7328,9.7328
2001-02-02,banxico,fx_rate_fix,9.7560,9.756
2001-02-06,banxico,fx_rate_fix,9.6998,9.6998
2001-02-07,banxico,fx_rate_fix,9.6945,9.6945
2001-02-08,banxico,fx_rate_fix,9.6464,9.6464
2001-02-09,banxico,fx_rate_fix,9.7238,9.7238
2001-02-12,banxico,fx_rate_fix,9.7389,9.7389
2001-02-13,banxico,fx_rate_fix,9.7065,9.7065
2001-02-14,banxico,fx_rate_fix,9.7219,9.7219
2001-02-15,banxico,fx_rate_fix,9.6763,9.6763
2001-02-16,banxico,fx_rate_fix,9.7022,9.7022
2001-02-19,banxico,fx_rate_fix,9.7044,9.7044
2001-02-20,banxico,fx_rate_fix,9.6797,9.6797
2001-02-21,banxico,fx_rate_fix,9.7090,9.709
2001-02-22,banxico,fx_rate_fix,9.7278,9.7278
2001-02-23,banxico,fx_rate_fix,9.7183,9.7183
2001-02-26,banxico,fx_rate_fix,9.6618,9.6618
2001-02-27,banxico,fx_rate_fix,9.6827,9.6827
2001-02-28,banxico,fx_rate_fix,9.7025,9.7025
2001-03-01,banxico,fx_rate_fix,9.7052,9.7052
2001-03-02,banxico,fx_rate_fix,9.6688,9.6688
2001-03-05,banxico,fx_rate_fix,9.6370,9.637
2001-03-06,banxico,fx_rate_fix,9.6409,9.6409
2001-03-07,banxico,fx_rate_fix,9.6542,9.6542
2001-03-08,banxico,fx_rate_fix,9.6468,9.6468
2001-03-09,banxico,fx_rate_fix,9.6703,9.6703
2001-03-12,banxico,fx_rate_fix,9.6625,9.6625
2001-03-13,banxico,fx_rate_fix,9.6320,9.632
2001-03-14,banxico,fx_rate_fix,9.5760,9.576
2001-03-15,banxico,fx_rate_fix,9.5843,9.5843
2001-03-16,banxico,fx_rate_fix,9.6233,9.6233
2001-03-19,banxico,fx_rate_fix,9.5683,9.5683
2001-03-20,banxico,fx_rate_fix,9.5188,9.5188
2001-03-22,banxico,fx_rate_fix,9.5722,9.5722
2001-03-23,banxico,fx_rate_fix,9.6540,9.654
2001-03-26,banxico,fx_rate_fix,9.5315,9.5315
2001-03-27,banxico,fx_rate_fix,9.5139,9.5139
2001-03-28,banxico,fx_rate_fix,9.5380,9.538
2001-03-29,banxico,fx_rate_fix,9.5203,9.5203
2001-03-30,banxico,fx_rate_fix,9.4933,9.4933
2001-04-02,banxico,fx_rate_fix,9.4152,9.4152
2001-04-03,banxico,fx_rate_fix,9.3914,9.3914
2001-04-04,banxico,fx_rate_fix,9.4201,9.4201
2001-04-05,banxico,fx_rate_fix,9.4140,9.414
2001-04-06,banxico,fx_rate_fix,9.4059,9.4059
2001-04-09,banxico,fx_rate_fix,9.3587,9.3587
2001-04-10,banxico,fx_rate_fix,9.3093,9.3093
2001-04-11,banxico,fx_rate_fix,9.2908,9.2908
2001-04-16,banxico,fx_rate_fix,9.3230,9.323
2001-04-17,banxico,fx_rate_fix,9.2723,9.2723
2001-04-18,banxico,fx_rate_fix,9.1966,9.1966
2001-04-19,banxico,fx_rate_fix,9.2748,9.2748
2001-04-20,banxico,fx_rate_fix,9.3525,9.3525
2001-04-23,banxico,fx_rate_fix,9.3700,9.37
2001-04-24,banxico,fx_rate_fix,9.2768,9.2768
2001-04-25,banxico,fx_rate_fix,9.3123,9.3123
2001-04-26,banxico,fx_rate_fix,9.2671,9.2671
2001-04-27,banxico,fx_rate_fix,9.3049,9.3049
2001-04-30,banxico,fx_rate_fix,9.2537,9.2537
2001-05-02,banxico,fx_rate_fix,9.2830,9.283
2001-05-03,banxico,fx_rate_fix,9.2873,9.2873
2001-05-04,banxico,fx_rate_fix,9.2579,9.2579
2001-05-07,banxico,fx_rate_fix,9.2212,9.2212
2001-05-08,banxico,fx_rate_fix,9.2048,9.2048
2001-05-09,banxico,fx_rate_fix,9.2160,9.216
2001-05-10,banxico,fx_rate_fix,9.1967,9.1967
2001-05-11,banxico,fx_rate_fix,9.2250,9.225
2001-05-14,banxico,fx_rate_fix,9.1922,9.1922
2001-05-15,banxico,fx_rate_fix,9.1610,9.161
2001-05-16,banxico,fx_rate_fix,9.1645,9.1645
2001-05-17,banxico,fx_rate_fix,8.9952,8.9952
2001-05-18,banxico,fx_rate_fix,8.9774,8.9774
2001-05-21,banxico,fx_rate_fix,8.9428,8.9428
2001-05-22,banxico,fx_rate_fix,8.9660,8.966
2001-05-23,banxico,fx_rate_fix,9.0398,9.0398
2001-05-24,banxico,fx_rate_fix,9.0805,9.0805
2001-05-25,banxico,fx_rate_fix,9.0945,9.0945
2001-05-28,banxico,fx_rate_fix,9.0781,9.0781
2001-05-29,banxico,fx_rate_fix,9.0851,9.0851
2001-05-30,banxico,fx_rate_fix,9.1653,9.1653
2001-05-31,banxico,fx_rate_fix,9.1835,9.1835
2001-06-01,banxico,fx_rate_fix,9.1735,9.1735
2001-06-04,banxico,fx_rate_fix,9.1369,9.1369
2001-06-05,banxico,fx_rate_fix,9.1722,9.1722
2001-06-06,banxico,fx_rate_fix,9.1208,9.1208
2001-06-07,banxico,fx_rate_fix,9.1235,9.1235
2001-06-08,banxico,fx_rate_fix,9.0680,9.068
2001-06-11,banxico,fx_rate_fix,9.0290,9.029
2001-06-12,banxico,fx_rate_fix,9.0940,9.094
2001-06-13,banxico,fx_rate_fix,9.1180,9.118
2001-06-14,banxico,fx_rate_fix,9.0523,9.0523
2001-06-15,banxico,fx_rate_fix,9.0522,9.0522
2001-06-18,banxico,fx_rate_fix,9.0502,9.0502
2001-06-19,banxico,fx_rate_fix,9.0792,9.0792
2001-06-20,banxico,fx_rate_fix,9.0798,9.0798
2001-06-21,banxico,fx_rate_fix,9.0570,9.057
2001-06-22,banxico,fx_rate_fix,9.0730,9.073
2001-06-25,banxico,fx_rate_fix,9.0595,9.0595
2001-06-26,banxico,fx_rate_fix,9.0606,9.0606
2001-06-27,banxico,fx_rate_fix,9.0608,9.0608
2001-06-28,banxico,fx_rate_fix,9.0900,9.09
2001-06-29,banxico,fx_rate_fix,9.0708,9.0708
2001-07-02,banxico,fx_rate_fix,9.0221,9.0221
2001-07-03,banxico,fx_rate_fix,9.0258,9.0258
2001-07-04,banxico,fx_rate_fix,9.0707,9.0707
2001-07-05,banxico,fx_rate_fix,9.0312,9.0312
2001-07-06,banxico,fx_rate_fix,9.1503,9.1503
2001-07-09,banxico,fx_rate_fix,9.1193,9.1193
2001-07-10,banxico,fx_rate_fix,9.1476,9.1476
2001-07-11,banxico,fx_rate_fix,9.2953,9.2953
2001-07-12,banxico,fx_rate_fix,9.3420,9.342
2001-07-13,banxico,fx_rate_fix,9.3542,9.3542
2001-07-16,banxico,fx_rate_fix,9.2918,9.2918
2001-07-17,banxico,fx_rate_fix,9.1855,9.1855
2001-07-18,banxico,fx_rate_fix,9.1283,9.1283
2001-07-19,banxico,fx_rate_fix,9.2000,9.2
2001-07-20,banxico,fx_rate_fix,9.1796,9.1796
2001-07-23,banxico,fx_rate_fix,9.1107,9.1107
2001-07-24,banxico,fx_rate_fix,9.1087,9.1087
2001-07-25,banxico,fx_rate_fix,9.1599,9.1599
2001-07-26,banxico,fx_rate_fix,9.1570,9.157
2001-07-27,banxico,fx_rate_fix,9.1920,9.192
2001-07-30,banxico,fx_rate_fix,9.1472,9.1472
2001-07-31,banxico,fx_rate_fix,9.1408,9.1408
2001-08-01,banxico,fx_rate_fix,9.2111,9.2111
2001-08-02,banxico,fx_rate_fix,9.1698,9.1698
2001-08-03,banxico,fx_rate_fix,9.1638,9.1638
2001-08-06,banxico,fx_rate_fix,9.1292,9.1292
2001-08-07,banxico,fx_rate_fix,9.1200,9.12
2001-08-08,banxico,fx_rate_fix,9.0958,9.0958
2001-08-09,banxico,fx_rate_fix,9.0897,9.0897
2001-08-10,banxico,fx_rate_fix,9.1247,9.1247
2001-08-13,banxico,fx_rate_fix,9.0863,9.0863
2001-08-14,banxico,fx_rate_fix,9.1206,9.1206
2001-08-15,banxico,fx_rate_fix,9.0940,9.094
2001-08-16,banxico,fx_rate_fix,9.0833,9.0833
2001-08-17,banxico,fx_rate_fix,9.1155,9.1155
2001-08-20,banxico,fx_rate_fix,9.1383,9.1383
2001-08-21,banxico,fx_rate_fix,9.1227,9.1227
2001-08-22,banxico,fx_rate_fix,9.1158,9.1158
2001-08-23,banxico,fx_rate_fix,9.1205,9.1205
2001-08-24,banxico,fx_rate_fix,9.1444,9.1444
2001-08-27,banxico,fx_rate_fix,9.1123,9.1123
2001-08-28,banxico,fx_rate_fix,9.1365,9.1365
2001-08-29,banxico,fx_rate_fix,9.1438,9.1438
2001-08-30,banxico,fx_rate_fix,9.1692,9.1692
2001-08-31,banxico,fx_rate_fix,9.2000,9.2
2001-09-03,banxico,fx_rate_fix,9.1936,9.1936
2001-09-04,banxico,fx_rate_fix,9.1957,9.1957
2001-09-05,banxico,fx_rate_fix,9.2587,9.2587
2001-09-06,banxico,fx_rate_fix,9.2898,9.2898
2001-09-07,banxico,fx_rate_fix,9.3242,9.3242
2001-09-10,banxico,fx_rate_fix,9.3716,9.3716
2001-09-11,banxico,fx_rate_fix,9.5475,9.5475
2001-09-12,banxico,fx_rate_fix,9.4447,9.4447
2001-09-13,banxico,fx_rate_fix,9.4748,9.4748
2001-09-14,banxico,fx_rate_fix,9.4942,9.4942
2001-09-17,banxico,fx_rate_fix,9.4478,9.4478
2001-09-18,banxico,fx_rate_fix,9.4455,9.4455
2001-09-19,banxico,fx_rate_fix,9.4185,9.4185
2001-09-20,banxico,fx_rate_fix,9.4802,9.4802
2001-09-21,banxico,fx_rate_fix,9.4848,9.4848
2001-09-24,banxico,fx_rate_fix,9.4315,9.4315
2001-09-25,banxico,fx_rate_fix,9.4842,9.4842
2001-09-26,banxico,fx_rate_fix,9.5258,9.5258
2001-09-27,banxico,fx_rate_fix,9.5542,9.5542
2001-09-28,banxico,fx_rate_fix,9.5098,9.5098
2001-10-01,banxico,fx_rate_fix,9.5037,9.5037
2001-10-02,banxico,fx_rate_fix,9.5217,9.5217
2001-10-03,banxico,fx_rate_fix,9.5273,9.5273
2001-10-04,banxico,fx_rate_fix,9.5243,9.5243
2001-10-05,banxico,fx_rate_fix,9.5808,9.5808
2001-10-08,banxico,fx_rate_fix,9.5666,9.5666
2001-10-09,banxico,fx_rate_fix,9.5163,9.5163
2001-10-10,banxico,fx_rate_fix,9.4053,9.4053
2001-10-11,banxico,fx_rate_fix,9.3397,9.3397
2001-10-12,banxico,fx_rate_fix,9.3538,9.3538
2001-10-15,banxico,fx_rate_fix,9.2753,9.2753
2001-10-16,banxico,fx_rate_fix,9.2350,9.235
2001-10-17,banxico,fx_rate_fix,9.2340,9.234
2001-10-18,banxico,fx_rate_fix,9.2310,9.231
2001-10-19,banxico,fx_rate_fix,9.1971,9.1971
2001-10-22,banxico,fx_rate_fix,9.1977,9.1977
2001-10-23,banxico,fx_rate_fix,9.2243,9.2243
2001-10-24,banxico,fx_rate_fix,9.2173,9.2173
2001-10-25,banxico,fx_rate_fix,9.2469,9.2469
2001-10-26,banxico,fx_rate_fix,9.2722,9.2722
2001-10-29,banxico,fx_rate_fix,9.2421,9.2421
2001-10-30,banxico,fx_rate_fix,9.2682,9.2682
2001-10-31,banxico,fx_rate_fix,9.2542,9.2542
2001-11-01,banxico,fx_rate_fix,9.2892,9.2892
2001-11-02,banxico,fx_rate_fix,9.2783,9.2783
2001-11-05,banxico,fx_rate_fix,9.2221,9.2221
2001-11-06,banxico,fx_rate_fix,9.2132,9.2132
2001-11-07,banxico,fx_rate_fix,9.2088,9.2088
2001-11-08,banxico,fx_rate_fix,9.2115,9.2115
2001-11-09,banxico,fx_rate_fix,9.2318,9.2318
2001-11-12,banxico,fx_rate_fix,9.2708,9.2708
2001-11-13,banxico,fx_rate_fix,9.2519,9.2519
2001-11-14,banxico,fx_rate_fix,9.2362,9.2362
2001-11-15,banxico,fx_rate_fix,9.2028,9.2028
2001-11-16,banxico,fx_rate_fix,9.2121,9.2121
2001-11-19,banxico,fx_rate_fix,9.1968,9.1968
2001-11-21,banxico,fx_rate_fix,9.1409,9.1409
2001-11-22,banxico,fx_rate_fix,9.1547,9.1547
2001-11-23,banxico,fx_rate_fix,9.1476,9.1476
2001-11-26,banxico,fx_rate_fix,9.1647,9.1647
2001-11-27,banxico,fx_rate_fix,9.2372,9.2372
2001-11-28,banxico,fx_rate_fix,9.2762,9.2762
2001-11-29,banxico,fx_rate_fix,9.2815,9.2815
2001-11-30,banxico,fx_rate_fix,9.2681,9.2681
2001-12-03,banxico,fx_rate_fix,9.2050,9.205
2001-12-04,banxico,fx_rate_fix,9.2197,9.2197
2001-12-05,banxico,fx_rate_fix,9.2165,9.2165
2001-12-06,banxico,fx_rate_fix,9.2401,9.2401
2001-12-07,banxico,fx_rate_fix,9.2124,9.2124
2001-12-10,banxico,fx_rate_fix,9.1865,9.1865
2001-12-11,banxico,fx_rate_fix,9.1819,9.1819
2001-12-13,banxico,fx_rate_fix,9.1204,9.1204
2001-12-14,banxico,fx_rate_fix,9.0798,9.0798
2001-12-17,banxico,fx_rate_fix,9.1198,9.1198
2001-12-18,banxico,fx_rate_fix,9.1052,9.1052
2001-12-19,banxico,fx_rate_fix,9.1175,9.1175
2001-12-20,banxico,fx_rate_fix,9.1682,9.1682
2001-12-21,banxico,fx_rate_fix,9.1235,9.1235
2001-12-24,banxico,fx_rate_fix,9.0923,9.0923
2001-12-26,banxico,fx_rate_fix,9.0957,9.0957
2001-12-27,banxico,fx_rate_fix,9.1423,9.1423
2001-12-28,banxico,fx_rate_fix,9.1692,9.1692
2001-12-31,banxico,fx_rate_fix,9.1695,9.1695
2002-01-02,banxico,fx_rate_fix,9.1037,9.1037
2002-01-03,banxico,fx_rate_fix,9.1142,9.1142
2002-01-04,banxico,fx_rate_fix,9.1368,9.1368
2002-01-07,banxico,fx_rate_fix,9.1554,9.1554
2002-01-08,banxico,fx_rate_fix,9.1678,9.1678
2002-01-09,banxico,fx_rate_fix,9.2044,9.2044
2002-01-10,banxico,fx_rate_fix,9.2444,9.2444
2002-01-11,banxico,fx_rate_fix,9.2734,9.2734
2002-01-14,banxico,fx_rate_fix,9.1923,9.1923
2002-01-15,banxico,fx_rate_fix,9.1711,9.1711
2002-01-16,banxico,fx_rate_fix,9.1993,9.1993
2002-01-17,banxico,fx_rate_fix,9.1255,9.1255
2002-01-18,banxico,fx_rate_fix,9.1190,9.119
2002-01-21,banxico,fx_rate_fix,9.1219,9.1219
2002-01-22,banxico,fx_rate_fix,9.1521,9.1521
2002-01-23,banxico,fx_rate_fix,9.1480,9.148
2002-01-24,banxico,fx_rate_fix,9.1227,9.1227
2002-01-25,banxico,fx_rate_fix,9.1295,9.1295
2002-01-28,banxico,fx_rate_fix,9.1585,9.1585
2002-01-29,banxico,fx_rate_fix,9.1714,9.1714
2002-01-30,banxico,fx_rate_fix,9.1974,9.1974
2002-01-31,banxico,fx_rate_fix,9.1463,9.1463
2002-02-01,banxico,fx_rate_fix,9.1544,9.1544
2002-02-04,banxico,fx_rate_fix,9.1627,9.1627
2002-02-06,banxico,fx_rate_fix,9.1294,9.1294
2002-02-07,banxico,fx_rate_fix,9.1381,9.1381
2002-02-08,banxico,fx_rate_fix,9.1465,9.1465
2002-02-11,banxico,fx_rate_fix,9.0787,9.0787
2002-02-12,banxico,fx_rate_fix,9.0896,9.0896
2002-02-13,banxico,fx_rate_fix,9.0607,9.0607
2002-02-14,banxico,fx_rate_fix,9.0838,9.0838
2002-02-15,banxico,fx_rate_fix,9.0652,9.0652
2002-02-18,banxico,fx_rate_fix,9.0638,9.0638
2002-02-19,banxico,fx_rate_fix,9.0690,9.069
2002-02-20,banxico,fx_rate_fix,9.0858,9.0858
2002-02-21,banxico,fx_rate_fix,9.0757,9.0757
2002-02-22,banxico,fx_rate_fix,9.1061,9.1061
2002-02-25,banxico,fx_rate_fix,9.0831,9.0831
2002-02-26,banxico,fx_rate_fix,9.0815,9.0815
2002-02-27,banxico,fx_rate_fix,9.0919,9.0919
2002-02-28,banxico,fx_rate_fix,9.1303,9.1303
2002-03-01,banxico,fx_rate_fix,9.0957,9.0957
2002-03-04,banxico,fx_rate_fix,9.0723,9.0723
2002-03-05,banxico,fx_rate_fix,9.0770,9.077
2002-03-06,banxico,fx_rate_fix,9.0797,9.0797
2002-03-07,banxico,fx_rate_fix,9.0753,9.0753
2002-03-08,banxico,fx_rate_fix,9.0728,9.0728
2002-03-11,banxico,fx_rate_fix,9.0703,9.0703
2002-03-12,banxico,fx_rate_fix,9.0753,9.0753
2002-03-13,banxico,fx_rate_fix,9.1153,9.1153
2002-03-14,banxico,fx_rate_fix,9.1182,9.1182
2002-03-15,banxico,fx_rate_fix,9.0929,9.0929
2002-03-18,banxico,fx_rate_fix,9.0733,9.0733
2002-03-19,banxico,fx_rate_fix,9.0742,9.0742
2002-03-20,banxico,fx_rate_fix,9.0707,9.0707
2002-03-22,banxico,fx_rate_fix,9.0403,9.0403
2002-03-25,banxico,fx_rate_fix,9.0298,9.0298
2002-03-26,banxico,fx_rate_fix,9.0243,9.0243
2002-03-27,banxico,fx_rate_fix,9.0160,9.016
2002-04-01,banxico,fx_rate_fix,9.0049,9.0049
2002-04-02,banxico,fx_rate_fix,8.9980,8.998
2002-04-03,banxico,fx_rate_fix,9.0398,9.0398
2002-04-04,banxico,fx_rate_fix,9.0468,9.0468
2002-04-05,banxico,fx_rate_fix,9.0266,9.0266
2002-04-08,banxico,fx_rate_fix,9.0217,9.0217
2002-04-09,banxico,fx_rate_fix,9.0422,9.0422
2002-04-10,banxico,fx_rate_fix,9.0446,9.0446
2002-04-11,banxico,fx_rate_fix,9.0771,9.0771
2002-04-12,banxico,fx_rate_fix,9.0749,9.0749
2002-04-15,banxico,fx_rate_fix,9.1714,9.1714
2002-04-16,banxico,fx_rate_fix,9.1597,9.1597
2002-04-17,banxico,fx_rate_fix,9.1904,9.1904
2002-04-18,banxico,fx_rate_fix,9.2345,9.2345
2002-04-19,banxico,fx_rate_fix,9.2247,9.2247
2002-04-22,banxico,fx_rate_fix,9.2663,9.2663
2002-04-23,banxico,fx_rate_fix,9.2698,9.2698
2002-04-24,banxico,fx_rate_fix,9.2908,9.2908
2002-04-25,banxico,fx_rate_fix,9.3528,9.3528
2002-04-26,banxico,fx_rate_fix,9.3196,9.3196
2002-04-29,banxico,fx_rate_fix,9.3542,9.3542
2002-04-30,banxico,fx_rate_fix,9.3720,9.372
2002-05-02,banxico,fx_rate_fix,9.4170,9.417
2002-05-03,banxico,fx_rate_fix,9.4978,9.4978
2002-05-06,banxico,fx_rate_fix,9.4913,9.4913
2002-05-07,banxico,fx_rate_fix,9.4828,9.4828
2002-05-08,banxico,fx_rate_fix,9.4170,9.417
2002-05-09,banxico,fx_rate_fix,9.4463,9.4463
2002-05-10,banxico,fx_rate_fix,9.5102,9.5102
2002-05-13,banxico,fx_rate_fix,9.4933,9.4933
2002-05-14,banxico,fx_rate_fix,9.5204,9.5204
2002-05-15,banxico,fx_rate_fix,9.4717,9.4717
2002-05-16,banxico,fx_rate_fix,9.4863,9.4863
2002-05-17,banxico,fx_rate_fix,9.4710,9.471
2002-05-20,banxico,fx_rate_fix,9.4910,9.491
2002-05-21,banxico,fx_rate_fix,9.5133,9.5133
2002-05-22,banxico,fx_rate_fix,9.5245,9.5245
2002-05-23,banxico,fx_rate_fix,9.5165,9.5165
2002-05-24,banxico,fx_rate_fix,9.5585,9.5585
2002-05-27,banxico,fx_rate_fix,9.5700,9.57
2002-05-28,banxico,fx_rate_fix,9.5586,9.5586
2002-05-29,banxico,fx_rate_fix,9.6134,9.6134
2002-05-30,banxico,fx_rate_fix,9.7148,9.7148
2002-05-31,banxico,fx_rate_fix,9.6562,9.6562
2002-06-03,banxico,fx_rate_fix,9.6398,9.6398
2002-06-04,banxico,fx_rate_fix,9.7060,9.706
2002-06-05,banxico,fx_rate_fix,9.7345,9.7345
2002-06-06,banxico,fx_rate_fix,9.7760,9.776
2002-06-07,banxico,fx_rate_fix,9.7412,9.7412
2002-06-10,banxico,fx_rate_fix,9.6993,9.6993
2002-06-11,banxico,fx_rate_fix,9.6607,9.6607
2002-06-12,banxico,fx_rate_fix,9.7035,9.7035
2002-06-13,banxico,fx_rate_fix,9.6532,9.6532
2002-06-14,banxico,fx_rate_fix,9.6684,9.6684
2002-06-17,banxico,fx_rate_fix,9.6078,9.6078
2002-06-18,banxico,fx_rate_fix,9.6258,9.6258
2002-06-19,banxico,fx_rate_fix,9.6983,9.6983
2002-06-20,banxico,fx_rate_fix,9.7676,9.7676
2002-06-21,banxico,fx_rate_fix,9.9473,9.9473
2002-06-24,banxico,fx_rate_fix,9.9360,9.936
2002-06-25,banxico,fx_rate_fix,9.8203,9.8203
2002-06-26,banxico,fx_rate_fix,9.9998,9.9998
2002-06-27,banxico,fx_rate_fix,9.9615,9.9615
2002-06-28,banxico,fx_rate_fix,9.9568,9.9568
2002-07-01,banxico,fx_rate_fix,9.9283,9.9283
2002-07-02,banxico,fx_rate_fix,9.9612,9.9612
2002-07-03,banxico,fx_rate_fix,9.9670,9.967
2002-07-04,banxico,fx_rate_fix,9.9502,9.9502
2002-07-05,banxico,fx_rate_fix,9.9034,9.9034
2002-07-08,banxico,fx_rate_fix,9.9223,9.9223
2002-07-09,banxico,fx_rate_fix,9.8552,9.8552
2002-07-10,banxico,fx_rate_fix,9.8338,9.8338
2002-07-11,banxico,fx_rate_fix,9.7979,9.7979
2002-07-12,banxico,fx_rate_fix,9.7072,9.7072
2002-07-15,banxico,fx_rate_fix,9.7522,9.7522
2002-07-16,banxico,fx_rate_fix,9.7345,9.7345
2002-07-17,banxico,fx_rate_fix,9.6468,9.6468
2002-07-18,banxico,fx_rate_fix,9.6462,9.6462
2002-07-19,banxico,fx_rate_fix,9.7053,9.7053
2002-07-22,banxico,fx_rate_fix,9.6285,9.6285
2002-07-23,banxico,fx_rate_fix,9.6130,9.613
2002-07-24,banxico,fx_rate_fix,9.7018,9.7018
2002-07-25,banxico,fx_rate_fix,9.7158,9.7158
2002-07-26,banxico,fx_rate_fix,9.7652,9.7652
2002-07-29,banxico,fx_rate_fix,9.6944,9.6944
2002-07-30,banxico,fx_rate_fix,9.7410,9.741
2002-07-31,banxico,fx_rate_fix,9.7861,9.7861
2002-08-01,banxico,fx_rate_fix,9.8769,9.8769
2002-08-02,banxico,fx_rate_fix,9.8412,9.8412
2002-08-05,banxico,fx_rate_fix,9.7928,9.7928
2002-08-06,banxico,fx_rate_fix,9.7473,9.7473
2002-08-07,banxico,fx_rate_fix,9.7348,9.7348
2002-08-08,banxico,fx_rate_fix,9.7335,9.7335
2002-08-09,banxico,fx_rate_fix,9.7640,9.764
2002-08-12,banxico,fx_rate_fix,9.8402,9.8402
2002-08-13,banxico,fx_rate_fix,9.9512,9.9512
2002-08-14,banxico,fx_rate_fix,9.9668,9.9668
2002-08-15,banxico,fx_rate_fix,9.9292,9.9292
2002-08-16,banxico,fx_rate_fix,9.8643,9.8643
2002-08-19,banxico,fx_rate_fix,9.7747,9.7747
2002-08-20,banxico,fx_rate_fix,9.7713,9.7713
2002-08-21,banxico,fx_rate_fix,9.7854,9.7854
2002-08-22,banxico,fx_rate_fix,9.8388,9.8388
2002-08-23,banxico,fx_rate_fix,9.8488,9.8488
2002-08-26,banxico,fx_rate_fix,9.8267,9.8267
2002-08-27,banxico,fx_rate_fix,9.8543,9.8543
2002-08-28,banxico,fx_rate_fix,9.8990,9.899
2002-08-29,banxico,fx_rate_fix,9.9193,9.9193
2002-08-30,banxico,fx_rate_fix,9.9109,9.9109
2002-09-02,banxico,fx_rate_fix,9.9187,9.9187
2002-09-03,banxico,fx_rate_fix,9.9789,9.9789
2002-09-04,banxico,fx_rate_fix,10.0154,10.0154
2002-09-05,banxico,fx_rate_fix,10.0086,10.0086
2002-09-06,banxico,fx_rate_fix,9.9621,9.9621
2002-09-09,banxico,fx_rate_fix,9.9605,9.9605
2002-09-10,banxico,fx_rate_fix,9.9511,9.9511
2002-09-11,banxico,fx_rate_fix,9.9654,9.9654
2002-09-12,banxico,fx_rate_fix,10.0023,10.0023
2002-09-13,banxico,fx_rate_fix,9.9674,9.9674
2002-09-17,banxico,fx_rate_fix,9.9658,9.9658
2002-09-18,banxico,fx_rate_fix,10.0116,10.0116
2002-09-19,banxico,fx_rate_fix,10.0628,10.0628
2002-09-20,banxico,fx_rate_fix,10.2265,10.2265
2002-09-23,banxico,fx_rate_fix,10.3578,10.3578
2002-09-24,banxico,fx_rate_fix,10.2425,10.2425
2002-09-25,banxico,fx_rate_fix,10.2565,10.2565
2002-09-26,banxico,fx_rate_fix,10.1667,10.1667
2002-09-27,banxico,fx_rate_fix,10.1767,10.1767
2002-09-30,banxico,fx_rate_fix,10.2299,10.2299
2002-10-01,banxico,fx_rate_fix,10.1573,10.1573
2002-10-02,banxico,fx_rate_fix,10.1248,10.1248
2002-10-03,banxico,fx_rate_fix,10.1398,10.1398
2002-10-04,banxico,fx_rate_fix,10.1840,10.184
2002-10-07,banxico,fx_rate_fix,10.2154,10.2154
2002-10-08,banxico,fx_rate_fix,10.1575,10.1575
2002-10-09,banxico,fx_rate_fix,10.2048,10.2048
2002-10-10,banxico,fx_rate_fix,10.2195,10.2195
2002-10-11,banxico,fx_rate_fix,10.1592,10.1592
2002-10-14,banxico,fx_rate_fix,10.1084,10.1084
2002-10-15,banxico,fx_rate_fix,10.0683,10.0683
2002-10-16,banxico,fx_rate_fix,10.0757,10.0757
2002-10-17,banxico,fx_rate_fix,9.9988,9.9988
2002-10-18,banxico,fx_rate_fix,9.9842,9.9842
2002-10-21,banxico,fx_rate_fix,9.9383,9.9383
2002-10-22,banxico,fx_rate_fix,9.9723,9.9723
2002-10-23,banxico,fx_rate_fix,10.0079,10.0079
2002-10-24,banxico,fx_rate_fix,9.9468,9.9468
2002-10-25,banxico,fx_rate_fix,9.9816,9.9816
2002-10-28,banxico,fx_rate_fix,10.0003,10.0003
2002-10-29,banxico,fx_rate_fix,10.1593,10.1593
2002-10-30,banxico,fx_rate_fix,10.2263,10.2263
2002-10-31,banxico,fx_rate_fix,10.1552,10.1552
2002-11-01,banxico,fx_rate_fix,10.1992,10.1992
2002-11-04,banxico,fx_rate_fix,10.1820,10.182
2002-11-05,banxico,fx_rate_fix,10.2099,10.2099
2002-11-06,banxico,fx_rate_fix,10.1698,10.1698
2002-11-07,banxico,fx_rate_fix,10.2428,10.2428
2002-11-08,banxico,fx_rate_fix,10.2953,10.2953
2002-11-11,banxico,fx_rate_fix,10.3334,10.3334
2002-11-12,banxico,fx_rate_fix,10.3447,10.3447
2002-11-13,banxico,fx_rate_fix,10.2787,10.2787
2002-11-14,banxico,fx_rate_fix,10.2092,10.2092
2002-11-15,banxico,fx_rate_fix,10.2484,10.2484
2002-11-18,banxico,fx_rate_fix,10.1760,10.176
2002-11-19,banxico,fx_rate_fix,10.1635,10.1635
2002-11-21,banxico,fx_rate_fix,10.0874,10.0874
2002-11-22,banxico,fx_rate_fix,10.1333,10.1333
2002-11-25,banxico,fx_rate_fix,10.1065,10.1065
2002-11-26,banxico,fx_rate_fix,10.1535,10.1535
2002-11-27,banxico,fx_rate_fix,10.1496,10.1496
2002-11-28,banxico,fx_rate_fix,10.1193,10.1193
2002-11-29,banxico,fx_rate_fix,10.1465,10.1465
2002-12-02,banxico,fx_rate_fix,10.1036,10.1036
2002-12-03,banxico,fx_rate_fix,10.1421,10.1421
2002-12-04,banxico,fx_rate_fix,10.2287,10.2287
2002-12-05,banxico,fx_rate_fix,10.2452,10.2452
2002-12-06,banxico,fx_rate_fix,10.2724,10.2724
2002-12-09,banxico,fx_rate_fix,10.1852,10.1852
2002-12-10,banxico,fx_rate_fix,10.1744,10.1744
2002-12-11,banxico,fx_rate_fix,10.1785,10.1785
2002-12-13,banxico,fx_rate_fix,10.1850,10.185
2002-12-16,banxico,fx_rate_fix,10.1966,10.1966
2002-12-17,banxico,fx_rate_fix,10.2053,10.2053
2002-12-18,banxico,fx_rate_fix,10.2526,10.2526
2002-12-19,banxico,fx_rate_fix,10.1920,10.192
2002-12-20,banxico,fx_rate_fix,10.1836,10.1836
2002-12-23,banxico,fx_rate_fix,10.1907,10.1907
2002-12-24,banxico,fx_rate_fix,10.2014,10.2014
2002-12-26,banxico,fx_rate_fix,10.2479,10.2479
2002-12-27,banxico,fx_rate_fix,10.3125,10.3125
2002-12-30,banxico,fx_rate_fix,10.3613,10.3613
2002-12-31,banxico,fx_rate_fix,10.4393,10.4393
2003-01-02,banxico,fx_rate_fix,10.3626,10.3626
2003-01-03,banxico,fx_rate_fix,10.3856,10.3856
2003-01-06,banxico,fx_rate_fix,10.4195,10.4195
2003-01-07,banxico,fx_rate_fix,10.3280,10.328
2003-01-08,banxico,fx_rate_fix,10.3617,10.3617
2003-01-09,banxico,fx_rate_fix,10.4112,10.4112
2003-01-10,banxico,fx_rate_fix,10.4672,10.4672
2003-01-13,banxico,fx_rate_fix,10.5368,10.5368
2003-01-14,banxico,fx_rate_fix,10.5274,10.5274
2003-01-15,banxico,fx_rate_fix,10.4875,10.4875
2003-01-16,banxico,fx_rate_fix,10.5083,10.5083
2003-01-17,banxico,fx_rate_fix,10.5900,10.59
2003-01-20,banxico,fx_rate_fix,10.6222,10.6222
2003-01-21,banxico,fx_rate_fix,10.6866,10.6866
2003-01-22,banxico,fx_rate_fix,10.8263,10.8263
2003-01-23,banxico,fx_rate_fix,10.7708,10.7708
2003-01-24,banxico,fx_rate_fix,10.8267,10.8267
2003-01-27,banxico,fx_rate_fix,10.8875,10.8875
2003-01-28,banxico,fx_rate_fix,10.8842,10.8842
2003-01-29,banxico,fx_rate_fix,10.9863,10.9863
2003-01-30,banxico,fx_rate_fix,10.8636,10.8636
2003-01-31,banxico,fx_rate_fix,10.9069,10.9069
2003-02-03,banxico,fx_rate_fix,10.8833,10.8833
2003-02-04,banxico,fx_rate_fix,10.9822,10.9822
2003-02-06,banxico,fx_rate_fix,10.8731,10.8731
2003-02-07,banxico,fx_rate_fix,10.8979,10.8979
2003-02-10,banxico,fx_rate_fix,10.9948,10.9948
2003-02-11,banxico,fx_rate_fix,10.9400,10.94
2003-02-12,banxico,fx_rate_fix,10.9832,10.9832
2003-02-13,banxico,fx_rate_fix,10.9723,10.9723
2003-02-14,banxico,fx_rate_fix,10.8823,10.8823
2003-02-17,banxico,fx_rate_fix,10.7667,10.7667
2003-02-18,banxico,fx_rate_fix,10.7722,10.7722
2003-02-19,banxico,fx_rate_fix,10.8400,10.84
2003-02-20,banxico,fx_rate_fix,10.8998,10.8998
2003-02-21,banxico,fx_rate_fix,10.9798,10.9798
2003-02-24,banxico,fx_rate_fix,10.9815,10.9815
2003-02-25,banxico,fx_rate_fix,11.0584,11.0584
2003-02-26,banxico,fx_rate_fix,11.0329,11.0329
2003-02-27,banxico,fx_rate_fix,11.0333,11.0333
2003-02-28,banxico,fx_rate_fix,11.0324,11.0324
2003-03-03,banxico,fx_rate_fix,10.9902,10.9902
2003-03-04,banxico,fx_rate_fix,11.1367,11.1367
2003-03-05,banxico,fx_rate_fix,11.1927,11.1927
2003-03-06,banxico,fx_rate_fix,11.2250,11.225
2003-03-07,banxico,fx_rate_fix,11.1064,11.1064
2003-03-10,banxico,fx_rate_fix,11.0998,11.0998
2003-03-11,banxico,fx_rate_fix,11.0052,11.0052
2003-03-12,banxico,fx_rate_fix,10.9073,10.9073
2003-03-13,banxico,fx_rate_fix,10.8173,10.8173
2003-03-14,banxico,fx_rate_fix,10.8481,10.8481
2003-03-17,banxico,fx_rate_fix,10.8713,10.8713
2003-03-18,banxico,fx_rate_fix,10.8147,10.8147
2003-03-19,banxico,fx_rate_fix,10.8633,10.8633
2003-03-20,banxico,fx_rate_fix,10.8734,10.8734
2003-03-24,banxico,fx_rate_fix,10.8008,10.8008
2003-03-25,banxico,fx_rate_fix,10.7200,10.72
2003-03-26,banxico,fx_rate_fix,10.7498,10.7498
2003-03-27,banxico,fx_rate_fix,10.7671,10.7671
2003-03-28,banxico,fx_rate_fix,10.6698,10.6698
2003-03-31,banxico,fx_rate_fix,10.7889,10.7889
2003-04-01,banxico,fx_rate_fix,10.7362,10.7362
2003-04-02,banxico,fx_rate_fix,10.6676,10.6676
2003-04-03,banxico,fx_rate_fix,10.6619,10.6619
2003-04-04,banxico,fx_rate_fix,10.6823,10.6823
2003-04-07,banxico,fx_rate_fix,10.6896,10.6896
2003-04-08,banxico,fx_rate_fix,10.7398,10.7398
2003-04-09,banxico,fx_rate_fix,10.7541,10.7541
2003-04-10,banxico,fx_rate_fix,10.7651,10.7651
2003-04-11,banxico,fx_rate_fix,10.7020,10.702
2003-04-14,banxico,fx_rate_fix,10.6102,10.6102
2003-04-15,banxico,fx_rate_fix,10.6398,10.6398
2003-04-16,banxico,fx_rate_fix,10.6225,10.6225
2003-04-21,banxico,fx_rate_fix,10.5545,10.5545
2003-04-22,banxico,fx_rate_fix,10.5525,10.5525
2003-04-23,banxico,fx_rate_fix,10.5147,10.5147
2003-04-24,banxico,fx_rate_fix,10.4348,10.4348
2003-04-25,banxico,fx_rate_fix,10.4318,10.4318
2003-04-28,banxico,fx_rate_fix,10.4304,10.4304
2003-04-29,banxico,fx_rate_fix,10.3450,10.345
2003-04-30,banxico,fx_rate_fix,10.3000,10.3
2003-05-02,banxico,fx_rate_fix,10.2003,10.2003
2003-05-05,banxico,fx_rate_fix,10.1817,10.1817
2003-05-06,banxico,fx_rate_fix,10.2678,10.2678
2003-05-07,banxico,fx_rate_fix,10.2115,10.2115
2003-05-08,banxico,fx_rate_fix,10.1700,10.17
2003-05-09,banxico,fx_rate_fix,10.1068,10.1068
2003-05-12,banxico,fx_rate_fix,10.1773,10.1773
2003-05-13,banxico,fx_rate_fix,10.1605,10.1605
2003-05-14,banxico,fx_rate_fix,10.1428,10.1428
2003-05-15,banxico,fx_rate_fix,10.2927,10.2927
2003-05-16,banxico,fx_rate_fix,10.3760,10.376
2003-05-19,banxico,fx_rate_fix,10.3498,10.3498
2003-05-20,banxico,fx_rate_fix,10.2663,10.2663
2003-05-21,banxico,fx_rate_fix,10.2530,10.253
2003-05-22,banxico,fx_rate_fix,10.2383,10.2383
2003-05-23,banxico,fx_rate_fix,10.2473,10.2473
2003-05-26,banxico,fx_rate_fix,10.2519,10.2519
2003-05-27,banxico,fx_rate_fix,10.3166,10.3166
2003-05-28,banxico,fx_rate_fix,10.4063,10.4063
2003-05-29,banxico,fx_rate_fix,10.3205,10.3205
2003-05-30,banxico,fx_rate_fix,10.3377,10.3377
2003-06-02,banxico,fx_rate_fix,10.2402,10.2402
2003-06-03,banxico,fx_rate_fix,10.2598,10.2598
2003-06-04,banxico,fx_rate_fix,10.3882,10.3882
2003-06-05,banxico,fx_rate_fix,10.5598,10.5598
2003-06-06,banxico,fx_rate_fix,10.5608,10.5608
2003-06-09,banxico,fx_rate_fix,10.7431,10.7431
2003-06-10,banxico,fx_rate_fix,10.7145,10.7145
2003-06-11,banxico,fx_rate_fix,10.6119,10.6119
2003-06-12,banxico,fx_rate_fix,10.5775,10.5775
2003-06-13,banxico,fx_rate_fix,10.5946,10.5946
2003-06-16,banxico,fx_rate_fix,10.4983,10.4983
2003-06-17,banxico,fx_rate_fix,10.5014,10.5014
2003-06-18,banxico,fx_rate_fix,10.5883,10.5883
2003-06-19,banxico,fx_rate_fix,10.4858,10.4858
2003-06-20,banxico,fx_rate_fix,10.4669,10.4669
2003-06-23,banxico,fx_rate_fix,10.4796,10.4796
2003-06-24,banxico,fx_rate_fix,10.5188,10.5188
2003-06-25,banxico,fx_rate_fix,10.4734,10.4734
2003-06-26,banxico,fx_rate_fix,10.4808,10.4808
2003-06-27,banxico,fx_rate_fix,10.4176,10.4176
2003-06-30,banxico,fx_rate_fix,10.4370,10.437
2003-07-01,banxico,fx_rate_fix,10.4495,10.4495
2003-07-02,banxico,fx_rate_fix,10.4779,10.4779
2003-07-03,banxico,fx_rate_fix,10.4470,10.447
2003-07-04,banxico,fx_rate_fix,10.4087,10.4087
2003-07-07,banxico,fx_rate_fix,10.3946,10.3946
2003-07-08,banxico,fx_rate_fix,10.5430,10.543
2003-07-09,banxico,fx_rate_fix,10.4795,10.4795
2003-07-10,banxico,fx_rate_fix,10.4482,10.4482
2003-07-11,banxico,fx_rate_fix,10.4213,10.4213
2003-07-14,banxico,fx_rate_fix,10.3821,10.3821
2003-07-15,banxico,fx_rate_fix,10.4308,10.4308
2003-07-16,banxico,fx_rate_fix,10.4079,10.4079
2003-07-17,banxico,fx_rate_fix,10.3490,10.349
2003-07-18,banxico,fx_rate_fix,10.3600,10.36
2003-07-21,banxico,fx_rate_fix,10.4105,10.4105
2003-07-22,banxico,fx_rate_fix,10.4362,10.4362
2003-07-23,banxico,fx_rate_fix,10.5160,10.516
2003-07-24,banxico,fx_rate_fix,10.5203,10.5203
2003-07-25,banxico,fx_rate_fix,10.5095,10.5095
2003-07-28,banxico,fx_rate_fix,10.4645,10.4645
2003-07-29,banxico,fx_rate_fix,10.4878,10.4878
2003-07-30,banxico,fx_rate_fix,10.4870,10.487
2003-07-31,banxico,fx_rate_fix,10.5243,10.5243
2003-08-01,banxico,fx_rate_fix,10.5997,10.5997
2003-08-04,banxico,fx_rate_fix,10.5864,10.5864
2003-08-05,banxico,fx_rate_fix,10.7117,10.7117
2003-08-06,banxico,fx_rate_fix,10.7058,10.7058
2003-08-07,banxico,fx_rate_fix,10.7001,10.7001
2003-08-08,banxico,fx_rate_fix,10.6623,10.6623
2003-08-11,banxico,fx_rate_fix,10.6909,10.6909
2003-08-12,banxico,fx_rate_fix,10.7448,10.7448
2003-08-13,banxico,fx_rate_fix,10.7562,10.7562
2003-08-14,banxico,fx_rate_fix,10.6961,10.6961
2003-08-15,banxico,fx_rate_fix,10.7273,10.7273
2003-08-18,banxico,fx_rate_fix,10.7230,10.723
2003-08-19,banxico,fx_rate_fix,10.8007,10.8007
2003-08-20,banxico,fx_rate_fix,10.8379,10.8379
2003-08-21,banxico,fx_rate_fix,10.8507,10.8507
2003-08-22,banxico,fx_rate_fix,10.8615,10.8615
2003-08-25,banxico,fx_rate_fix,10.8753,10.8753
2003-08-26,banxico,fx_rate_fix,10.9118,10.9118
2003-08-27,banxico,fx_rate_fix,10.9337,10.9337
2003-08-28,banxico,fx_rate_fix,10.9806,10.9806
2003-08-29,banxico,fx_rate_fix,11.0475,11.0475
2003-09-01,banxico,fx_rate_fix,11.0460,11.046
2003-09-02,banxico,fx_rate_fix,11.0313,11.0313
2003-09-03,banxico,fx_rate_fix,10.9386,10.9386
2003-09-04,banxico,fx_rate_fix,10.8575,10.8575
2003-09-05,banxico,fx_rate_fix,10.8620,10.862
2003-09-08,banxico,fx_rate_fix,10.9185,10.9185
2003-09-09,banxico,fx_rate_fix,11.0233,11.0233
2003-09-10,banxico,fx_rate_fix,10.9502,10.9502
2003-09-11,banxico,fx_rate_fix,10.9737,10.9737
2003-09-12,banxico,fx_rate_fix,10.9793,10.9793
2003-09-15,banxico,fx_rate_fix,10.9713,10.9713
2003-09-17,banxico,fx_rate_fix,10.9054,10.9054
2003-09-18,banxico,fx_rate_fix,10.9163,10.9163
2003-09-19,banxico,fx_rate_fix,10.8955,10.8955
2003-09-22,banxico,fx_rate_fix,10.8275,10.8275
2003-09-23,banxico,fx_rate_fix,10.7741,10.7741
2003-09-24,banxico,fx_rate_fix,10.7975,10.7975
2003-09-25,banxico,fx_rate_fix,10.8115,10.8115
2003-09-26,banxico,fx_rate_fix,10.9272,10.9272
2003-09-29,banxico,fx_rate_fix,11.0446,11.0446
2003-09-30,banxico,fx_rate_fix,11.0133,11.0133
2003-10-01,banxico,fx_rate_fix,10.9614,10.9614
2003-10-02,banxico,fx_rate_fix,11.1603,11.1603
2003-10-03,banxico,fx_rate_fix,11.2473,11.2473
2003-10-06,banxico,fx_rate_fix,11.2193,11.2193
2003-10-07,banxico,fx_rate_fix,11.2923,11.2923
2003-10-08,banxico,fx_rate_fix,11.2490,11.249
2003-10-09,banxico,fx_rate_fix,11.2356,11.2356
2003-10-10,banxico,fx_rate_fix,11.1946,11.1946
2003-10-13,banxico,fx_rate_fix,11.1853,11.1853
2003-10-14,banxico,fx_rate_fix,11.2347,11.2347
2003-10-15,banxico,fx_rate_fix,11.1785,11.1785
2003-10-16,banxico,fx_rate_fix,11.2472,11.2472
2003-10-17,banxico,fx_rate_fix,11.2802,11.2802
2003-10-20,banxico,fx_rate_fix,11.1748,11.1748
2003-10-21,banxico,fx_rate_fix,11.1397,11.1397
2003-10-22,banxico,fx_rate_fix,11.2178,11.2178
2003-10-23,banxico,fx_rate_fix,11.1810,11.181
2003-10-24,banxico,fx_rate_fix,11.1784,11.1784
2003-10-27,banxico,fx_rate_fix,11.1068,11.1068
2003-10-28,banxico,fx_rate_fix,11.0693,11.0693
2003-10-29,banxico,fx_rate_fix,11.1078,11.1078
2003-10-30,banxico,fx_rate_fix,11.1058,11.1058
2003-10-31,banxico,fx_rate_fix,11.0525,11.0525
2003-11-03,banxico,fx_rate_fix,10.9881,10.9881
2003-11-04,banxico,fx_rate_fix,10.9998,10.9998
2003-11-05,banxico,fx_rate_fix,10.9829,10.9829
2003-11-06,banxico,fx_rate_fix,10.9903,10.9903
2003-11-07,banxico,fx_rate_fix,10.9688,10.9688
2003-11-10,banxico,fx_rate_fix,11.0097,11.0097
2003-11-11,banxico,fx_rate_fix,10.9582,10.9582
2003-11-12,banxico,fx_rate_fix,11.0582,11.0582
2003-11-13,banxico,fx_rate_fix,11.1757,11.1757
2003-11-14,banxico,fx_rate_fix,11.1442,11.1442
2003-11-17,banxico,fx_rate_fix,11.1823,11.1823
2003-11-18,banxico,fx_rate_fix,11.1643,11.1643
2003-11-19,banxico,fx_rate_fix,11.2094,11.2094
2003-11-21,banxico,fx_rate_fix,11.2058,11.2058
2003-11-24,banxico,fx_rate_fix,11.2879,11.2879
2003-11-25,banxico,fx_rate_fix,11.3398,11.3398
2003-11-26,banxico,fx_rate_fix,11.3522,11.3522
2003-11-27,banxico,fx_rate_fix,11.3385,11.3385
2003-11-28,banxico,fx_rate_fix,11.3985,11.3985
2003-12-01,banxico,fx_rate_fix,11.3783,11.3783
2003-12-02,banxico,fx_rate_fix,11.3535,11.3535
2003-12-03,banxico,fx_rate_fix,11.2496,11.2496
2003-12-04,banxico,fx_rate_fix,11.2224,11.2224
2003-12-05,banxico,fx_rate_fix,11.1959,11.1959
2003-12-08,banxico,fx_rate_fix,11.2391,11.2391
2003-12-09,banxico,fx_rate_fix,11.1635,11.1635
2003-12-10,banxico,fx_rate_fix,11.2145,11.2145
2003-12-11,banxico,fx_rate_fix,11.1877,11.1877
2003-12-15,banxico,fx_rate_fix,11.2728,11.2728
2003-12-16,banxico,fx_rate_fix,11.3061,11.3061
2003-12-17,banxico,fx_rate_fix,11.2676,11.2676
2003-12-18,banxico,fx_rate_fix,11.2193,11.2193
2003-12-19,banxico,fx_rate_fix,11.2295,11.2295
2003-12-22,banxico,fx_rate_fix,11.2855,11.2855
2003-12-23,banxico,fx_rate_fix,11.2696,11.2696
2003-12-24,banxico,fx_rate_fix,11.2744,11.2744
2003-12-26,banxico,fx_rate_fix,11.2180,11.218
2003-12-29,banxico,fx_rate_fix,11.2360,11.236
2003-12-30,banxico,fx_rate_fix,11.1998,11.1998
2003-12-31,banxico,fx_rate_fix,11.2372,11.2372
2004-01-02,banxico,fx_rate_fix,11.0885,11.0885
2004-01-05,banxico,fx_rate_fix,10.9805,10.9805
2004-01-06,banxico,fx_rate_fix,10.9686,10.9686
2004-01-07,banxico,fx_rate_fix,10.9044,10.9044
2004-01-08,banxico,fx_rate_fix,10.8847,10.8847
2004-01-09,banxico,fx_rate_fix,10.8376,10.8376
2004-01-12,banxico,fx_rate_fix,10.8180,10.818
2004-01-13,banxico,fx_rate_fix,10.8369,10.8369
2004-01-14,banxico,fx_rate_fix,10.8231,10.8231
2004-01-15,banxico,fx_rate_fix,10.8514,10.8514
2004-01-16,banxico,fx_rate_fix,10.8172,10.8172
2004-01-19,banxico,fx_rate_fix,10.8264,10.8264
2004-01-20,banxico,fx_rate_fix,10.8470,10.847
2004-01-21,banxico,fx_rate_fix,10.9521,10.9521
2004-01-22,banxico,fx_rate_fix,11.0012,11.0012
2004-01-23,banxico,fx_rate_fix,10.9620,10.962
2004-01-26,banxico,fx_rate_fix,10.9178,10.9178
2004-01-27,banxico,fx_rate_fix,10.8789,10.8789
2004-01-28,banxico,fx_rate_fix,10.9145,10.9145
2004-01-29,banxico,fx_rate_fix,11.0843,11.0843
2004-01-30,banxico,fx_rate_fix,11.0214,11.0214
2004-02-02,banxico,fx_rate_fix,10.9545,10.9545
2004-02-03,banxico,fx_rate_fix,11.0820,11.082
2004-02-04,banxico,fx_rate_fix,11.0608,11.0608
2004-02-06,banxico,fx_rate_fix,11.1305,11.1305
2004-02-09,banxico,fx_rate_fix,11.1039,11.1039
2004-02-10,banxico,fx_rate_fix,11.1069,11.1069
2004-02-11,banxico,fx_rate_fix,10.9866,10.9866
2004-02-12,banxico,fx_rate_fix,10.9626,10.9626
2004-02-13,banxico,fx_rate_fix,10.9627,10.9627
2004-02-16,banxico,fx_rate_fix,10.9434,10.9434
2004-02-17,banxico,fx_rate_fix,10.9337,10.9337
2004-02-18,banxico,fx_rate_fix,10.9058,10.9058
2004-02-19,banxico,fx_rate_fix,10.9688,10.9688
2004-02-20,banxico,fx_rate_fix,10.9423,10.9423
2004-02-23,banxico,fx_rate_fix,10.9437,10.9437
2004-02-24,banxico,fx_rate_fix,11.0558,11.0558
2004-02-25,banxico,fx_rate_fix,11.0932,11.0932
2004-02-26,banxico,fx_rate_fix,11.0715,11.0715
2004-02-27,banxico,fx_rate_fix,11.0606,11.0606
2004-03-01,banxico,fx_rate_fix,10.9794,10.9794
2004-03-02,banxico,fx_rate_fix,10.9623,10.9623
2004-03-03,banxico,fx_rate_fix,11.0301,11.0301
2004-03-04,banxico,fx_rate_fix,10.9955,10.9955
2004-03-05,banxico,fx_rate_fix,10.9393,10.9393
2004-03-08,banxico,fx_rate_fix,10.9329,10.9329
2004-03-09,banxico,fx_rate_fix,10.9695,10.9695
2004-03-10,banxico,fx_rate_fix,10.9368,10.9368
2004-03-11,banxico,fx_rate_fix,10.9633,10.9633
2004-03-12,banxico,fx_rate_fix,10.9638,10.9638
2004-03-15,banxico,fx_rate_fix,10.9621,10.9621
2004-03-16,banxico,fx_rate_fix,11.0390,11.039
2004-03-17,banxico,fx_rate_fix,10.9988,10.9988
2004-03-18,banxico,fx_rate_fix,11.0128,11.0128
2004-03-19,banxico,fx_rate_fix,10.9863,10.9863
2004-03-22,banxico,fx_rate_fix,10.9737,10.9737
2004-03-23,banxico,fx_rate_fix,10.9695,10.9695
2004-03-24,banxico,fx_rate_fix,10.9915,10.9915
2004-03-25,banxico,fx_rate_fix,11.0130,11.013
2004-03-26,banxico,fx_rate_fix,11.0578,11.0578
2004-03-29,banxico,fx_rate_fix,11.1540,11.154
2004-03-30,banxico,fx_rate_fix,11.2103,11.2103
2004-03-31,banxico,fx_rate_fix,11.1748,11.1748
2004-04-01,banxico,fx_rate_fix,11.1828,11.1828
2004-04-02,banxico,fx_rate_fix,11.1815,11.1815
2004-04-05,banxico,fx_rate_fix,11.1598,11.1598
2004-04-06,banxico,fx_rate_fix,11.1631,11.1631
2004-04-07,banxico,fx_rate_fix,11.2233,11.2233
2004-04-12,banxico,fx_rate_fix,11.2211,11.2211
2004-04-13,banxico,fx_rate_fix,11.2702,11.2702
2004-04-14,banxico,fx_rate_fix,11.2848,11.2848
2004-04-15,banxico,fx_rate_fix,11.2700,11.27
2004-04-16,banxico,fx_rate_fix,11.2525,11.2525
2004-04-19,banxico,fx_rate_fix,11.2510,11.251
2004-04-20,banxico,fx_rate_fix,11.3065,11.3065
2004-04-21,banxico,fx_rate_fix,11.3119,11.3119
2004-04-22,banxico,fx_rate_fix,11.3256,11.3256
2004-04-23,banxico,fx_rate_fix,11.3433,11.3433
2004-04-26,banxico,fx_rate_fix,11.2881,11.2881
2004-04-27,banxico,fx_rate_fix,11.3109,11.3109
2004-04-28,banxico,fx_rate_fix,11.3387,11.3387
2004-04-29,banxico,fx_rate_fix,11.4068,11.4068
2004-04-30,banxico,fx_rate_fix,11.4093,11.4093
2004-05-03,banxico,fx_rate_fix,11.4310,11.431
2004-05-04,banxico,fx_rate_fix,11.4105,11.4105
2004-05-05,banxico,fx_rate_fix,11.3887,11.3887
2004-05-06,banxico,fx_rate_fix,11.4358,11.4358
2004-05-07,banxico,fx_rate_fix,11.5272,11.5272
2004-05-10,banxico,fx_rate_fix,11.6328,11.6328
2004-05-11,banxico,fx_rate_fix,11.6325,11.6325
2004-05-12,banxico,fx_rate_fix,11.6246,11.6246
2004-05-13,banxico,fx_rate_fix,11.6281,11.6281
2004-05-14,banxico,fx_rate_fix,11.5713,11.5713
2004-05-17,banxico,fx_rate_fix,11.5282,11.5282
2004-05-18,banxico,fx_rate_fix,11.4933,11.4933
2004-05-19,banxico,fx_rate_fix,11.5448,11.5448
2004-05-20,banxico,fx_rate_fix,11.5735,11.5735
2004-05-21,banxico,fx_rate_fix,11.5673,11.5673
2004-05-24,banxico,fx_rate_fix,11.5608,11.5608
2004-05-25,banxico,fx_rate_fix,11.4760,11.476
2004-05-26,banxico,fx_rate_fix,11.4556,11.4556
2004-05-27,banxico,fx_rate_fix,11.4515,11.4515
2004-05-28,banxico,fx_rate_fix,11.4128,11.4128
2004-05-31,banxico,fx_rate_fix,11.4147,11.4147
2004-06-01,banxico,fx_rate_fix,11.4845,11.4845
2004-06-02,banxico,fx_rate_fix,11.4265,11.4265
2004-06-03,banxico,fx_rate_fix,11.4373,11.4373
2004-06-04,banxico,fx_rate_fix,11.4224,11.4224
2004-06-07,banxico,fx_rate_fix,11.3498,11.3498
2004-06-08,banxico,fx_rate_fix,11.3397,11.3397
2004-06-09,banxico,fx_rate_fix,11.3808,11.3808
2004-06-10,banxico,fx_rate_fix,11.3660,11.366
2004-06-11,banxico,fx_rate_fix,11.3689,11.3689
2004-06-14,banxico,fx_rate_fix,11.4327,11.4327
2004-06-15,banxico,fx_rate_fix,11.4259,11.4259
2004-06-16,banxico,fx_rate_fix,11.3991,11.3991
2004-06-17,banxico,fx_rate_fix,11.3523,11.3523
2004-06-18,banxico,fx_rate_fix,11.3312,11.3312
2004-06-21,banxico,fx_rate_fix,11.3143,11.3143
2004-06-22,banxico,fx_rate_fix,11.3077,11.3077
2004-06-23,banxico,fx_rate_fix,11.3425,11.3425
2004-06-24,banxico,fx_rate_fix,11.3004,11.3004
2004-06-25,banxico,fx_rate_fix,11.3175,11.3175
2004-06-28,banxico,fx_rate_fix,11.4116,11.4116
2004-06-29,banxico,fx_rate_fix,11.5297,11.5297
2004-06-30,banxico,fx_rate_fix,11.5258,11.5258
2004-07-01,banxico,fx_rate_fix,11.4922,11.4922
2004-07-02,banxico,fx_rate_fix,11.4763,11.4763
2004-07-05,banxico,fx_rate_fix,11.4432,11.4432
2004-07-06,banxico,fx_rate_fix,11.4948,11.4948
2004-07-07,banxico,fx_rate_fix,11.4670,11.467
2004-07-08,banxico,fx_rate_fix,11.5315,11.5315
2004-07-09,banxico,fx_rate_fix,11.5152,11.5152
2004-07-12,banxico,fx_rate_fix,11.5009,11.5009
2004-07-13,banxico,fx_rate_fix,11.4949,11.4949
2004-07-14,banxico,fx_rate_fix,11.4552,11.4552
2004-07-15,banxico,fx_rate_fix,11.4909,11.4909
2004-07-16,banxico,fx_rate_fix,11.4352,11.4352
2004-07-19,banxico,fx_rate_fix,11.3785,11.3785
2004-07-20,banxico,fx_rate_fix,11.3954,11.3954
2004-07-21,banxico,fx_rate_fix,11.4600,11.46
2004-07-22,banxico,fx_rate_fix,11.4463,11.4463
2004-07-23,banxico,fx_rate_fix,11.4340,11.434
2004-07-26,banxico,fx_rate_fix,11.4582,11.4582
2004-07-27,banxico,fx_rate_fix,11.5111,11.5111
2004-07-28,banxico,fx_rate_fix,11.4801,11.4801
2004-07-29,banxico,fx_rate_fix,11.4302,11.4302
2004-07-30,banxico,fx_rate_fix,11.4079,11.4079
2004-08-02,banxico,fx_rate_fix,11.4253,11.4253
2004-08-03,banxico,fx_rate_fix,11.4052,11.4052
2004-08-04,banxico,fx_rate_fix,11.4527,11.4527
2004-08-05,banxico,fx_rate_fix,11.4570,11.457
2004-08-06,banxico,fx_rate_fix,11.4124,11.4124
2004-08-09,banxico,fx_rate_fix,11.3776,11.3776
2004-08-10,banxico,fx_rate_fix,11.3943,11.3943
2004-08-11,banxico,fx_rate_fix,11.4436,11.4436
2004-08-12,banxico,fx_rate_fix,11.4414,11.4414
2004-08-13,banxico,fx_rate_fix,11.4048,11.4048
2004-08-16,banxico,fx_rate_fix,11.3848,11.3848
2004-08-17,banxico,fx_rate_fix,11.3481,11.3481
2004-08-18,banxico,fx_rate_fix,11.3472,11.3472
2004-08-19,banxico,fx_rate_fix,11.3550,11.355
2004-08-20,banxico,fx_rate_fix,11.3453,11.3453
2004-08-23,banxico,fx_rate_fix,11.3764,11.3764
2004-08-24,banxico,fx_rate_fix,11.3859,11.3859
2004-08-25,banxico,fx_rate_fix,11.3712,11.3712
2004-08-26,banxico,fx_rate_fix,11.3660,11.366
2004-08-27,banxico,fx_rate_fix,11.3739,11.3739
2004-08-30,banxico,fx_rate_fix,11.4231,11.4231
2004-08-31,banxico,fx_rate_fix,11.3807,11.3807
2004-09-01,banxico,fx_rate_fix,11.4145,11.4145
2004-09-02,banxico,fx_rate_fix,11.4725,11.4725
2004-09-03,banxico,fx_rate_fix,11.5279,11.5279
2004-09-06,banxico,fx_rate_fix,11.5193,11.5193
2004-09-07,banxico,fx_rate_fix,11.5689,11.5689
2004-09-08,banxico,fx_rate_fix,11.5895,11.5895
2004-09-09,banxico,fx_rate_fix,11.5717,11.5717
2004-09-10,banxico,fx_rate_fix,11.6005,11.6005
2004-09-13,banxico,fx_rate_fix,11.5760,11.576
2004-09-14,banxico,fx_rate_fix,11.5851,11.5851
2004-09-15,banxico,fx_rate_fix,11.5333,11.5333
2004-09-17,banxico,fx_rate_fix,11.4774,11.4774
2004-09-20,banxico,fx_rate_fix,11.4557,11.4557
2004-09-21,banxico,fx_rate_fix,11.4294,11.4294
2004-09-22,banxico,fx_rate_fix,11.4012,11.4012
2004-09-23,banxico,fx_rate_fix,11.4180,11.418
2004-09-24,banxico,fx_rate_fix,11.4107,11.4107
2004-09-27,banxico,fx_rate_fix,11.4348,11.4348
2004-09-28,banxico,fx_rate_fix,11.4106,11.4106
2004-09-29,banxico,fx_rate_fix,11.4288,11.4288
2004-09-30,banxico,fx_rate_fix,11.3884,11.3884
2004-10-01,banxico,fx_rate_fix,11.3503,11.3503
2004-10-04,banxico,fx_rate_fix,11.3502,11.3502
2004-10-05,banxico,fx_rate_fix,11.3149,11.3149
2004-10-06,banxico,fx_rate_fix,11.2745,11.2745
2004-10-07,banxico,fx_rate_fix,11.2874,11.2874
2004-10-08,banxico,fx_rate_fix,11.2406,11.2406
2004-10-11,banxico,fx_rate_fix,11.2449,11.2449
2004-10-12,banxico,fx_rate_fix,11.2865,11.2865
2004-10-13,banxico,fx_rate_fix,11.3021,11.3021
2004-10-14,banxico,fx_rate_fix,11.3195,11.3195
2004-10-15,banxico,fx_rate_fix,11.4540,11.454
2004-10-18,banxico,fx_rate_fix,11.5068,11.5068
2004-10-19,banxico,fx_rate_fix,11.4507,11.4507
2004-10-20,banxico,fx_rate_fix,11.4548,11.4548
2004-10-21,banxico,fx_rate_fix,11.4722,11.4722
2004-10-22,banxico,fx_rate_fix,11.4424,11.4424
2004-10-25,banxico,fx_rate_fix,11.5150,11.515
2004-10-26,banxico,fx_rate_fix,11.5178,11.5178
2004-10-27,banxico,fx_rate_fix,11.5118,11.5118
2004-10-28,banxico,fx_rate_fix,11.5293,11.5293
2004-10-29,banxico,fx_rate_fix,11.5390,11.539
2004-11-01,banxico,fx_rate_fix,11.5331,11.5331
2004-11-02,banxico,fx_rate_fix,11.4997,11.4997
2004-11-03,banxico,fx_rate_fix,11.4248,11.4248
2004-11-04,banxico,fx_rate_fix,11.4118,11.4118
2004-11-05,banxico,fx_rate_fix,11.4031,11.4031
2004-11-08,banxico,fx_rate_fix,11.3953,11.3953
2004-11-09,banxico,fx_rate_fix,11.4465,11.4465
2004-11-10,banxico,fx_rate_fix,11.4299,11.4299
2004-11-11,banxico,fx_rate_fix,11.3997,11.3997
2004-11-12,banxico,fx_rate_fix,11.3810,11.381
2004-11-15,banxico,fx_rate_fix,11.3583,11.3583
2004-11-16,banxico,fx_rate_fix,11.3508,11.3508
2004-11-17,banxico,fx_rate_fix,11.3271,11.3271
2004-11-18,banxico,fx_rate_fix,11.3335,11.3335
2004-11-19,banxico,fx_rate_fix,11.3637,11.3637
2004-11-22,banxico,fx_rate_fix,11.3949,11.3949
2004-11-23,banxico,fx_rate_fix,11.3447,11.3447
2004-11-24,banxico,fx_rate_fix,11.2797,11.2797
2004-11-25,banxico,fx_rate_fix,11.2713,11.2713
2004-11-26,banxico,fx_rate_fix,11.2470,11.247
2004-11-29,banxico,fx_rate_fix,11.2660,11.266
2004-11-30,banxico,fx_rate_fix,11.2373,11.2373
2004-12-01,banxico,fx_rate_fix,11.1713,11.1713
2004-12-02,banxico,fx_rate_fix,11.1453,11.1453
2004-12-03,banxico,fx_rate_fix,11.1213,11.1213
2004-12-06,banxico,fx_rate_fix,11.1355,11.1355
2004-12-07,banxico,fx_rate_fix,11.1704,11.1704
2004-12-08,banxico,fx_rate_fix,11.2738,11.2738
2004-12-09,banxico,fx_rate_fix,11.2910,11.291
2004-12-10,banxico,fx_rate_fix,11.3343,11.3343
2004-12-13,banxico,fx_rate_fix,11.3045,11.3045
2004-12-14,banxico,fx_rate_fix,11.2903,11.2903
2004-12-15,banxico,fx_rate_fix,11.2028,11.2028
2004-12-16,banxico,fx_rate_fix,11.2316,11.2316
2004-12-17,banxico,fx_rate_fix,11.2403,11.2403
2004-12-20,banxico,fx_rate_fix,11.1555,11.1555
2004-12-21,banxico,fx_rate_fix,11.1873,11.1873
2004-12-22,banxico,fx_rate_fix,11.1814,11.1814
2004-12-23,banxico,fx_rate_fix,11.1363,11.1363
2004-12-24,banxico,fx_rate_fix,11.1500,11.15
2004-12-27,banxico,fx_rate_fix,11.1348,11.1348
2004-12-28,banxico,fx_rate_fix,11.2042,11.2042
2004-12-29,banxico,fx_rate_fix,11.2648,11.2648
2004-12-30,banxico,fx_rate_fix,11.2183,11.2183
2004-12-31,banxico,fx_rate_fix,11.1495,11.1495
2005-01-03,banxico,fx_rate_fix,11.2007,11.2007
2005-01-04,banxico,fx_rate_fix,11.3087,11.3087
2005-01-05,banxico,fx_rate_fix,11.3418,11.3418
2005-01-06,banxico,fx_rate_fix,11.4018,11.4018
2005-01-07,banxico,fx_rate_fix,11.3643,11.3643
2005-01-10,banxico,fx_rate_fix,11.2667,11.2667
2005-01-11,banxico,fx_rate_fix,11.2209,11.2209
2005-01-12,banxico,fx_rate_fix,11.1761,11.1761
2005-01-13,banxico,fx_rate_fix,11.1858,11.1858
2005-01-14,banxico,fx_rate_fix,11.2339,11.2339
2005-01-17,banxico,fx_rate_fix,11.2285,11.2285
2005-01-18,banxico,fx_rate_fix,11.2495,11.2495
2005-01-19,banxico,fx_rate_fix,11.2328,11.2328
2005-01-20,banxico,fx_rate_fix,11.2515,11.2515
2005-01-21,banxico,fx_rate_fix,11.2505,11.2505
2005-01-24,banxico,fx_rate_fix,11.2353,11.2353
2005-01-25,banxico,fx_rate_fix,11.2890,11.289
2005-01-26,banxico,fx_rate_fix,11.2632,11.2632
2005-01-27,banxico,fx_rate_fix,11.2991,11.2991
2005-01-28,banxico,fx_rate_fix,11.2613,11.2613
2005-01-31,banxico,fx_rate_fix,11.2141,11.2141
2005-02-01,banxico,fx_rate_fix,11.1714,11.1714
2005-02-02,banxico,fx_rate_fix,11.1670,11.167
2005-02-03,banxico,fx_rate_fix,11.1683,11.1683
2005-02-04,banxico,fx_rate_fix,11.1414,11.1414
2005-02-07,banxico,fx_rate_fix,11.1909,11.1909
2005-02-08,banxico,fx_rate_fix,11.2152,11.2152
2005-02-09,banxico,fx_rate_fix,11.1919,11.1919
2005-02-10,banxico,fx_rate_fix,11.1533,11.1533
2005-02-11,banxico,fx_rate_fix,11.1532,11.1532
2005-02-14,banxico,fx_rate_fix,11.1558,11.1558
2005-02-15,banxico,fx_rate_fix,11.1535,11.1535
2005-02-16,banxico,fx_rate_fix,11.1625,11.1625
2005-02-17,banxico,fx_rate_fix,11.1389,11.1389
2005-02-18,banxico,fx_rate_fix,11.0732,11.0732
2005-02-21,banxico,fx_rate_fix,11.0680,11.068
2005-02-22,banxico,fx_rate_fix,11.0487,11.0487
2005-02-23,banxico,fx_rate_fix,11.0807,11.0807
2005-02-24,banxico,fx_rate_fix,11.0955,11.0955
2005-02-25,banxico,fx_rate_fix,11.1086,11.1086
2005-02-28,banxico,fx_rate_fix,11.0965,11.0965
2005-03-01,banxico,fx_rate_fix,11.1040,11.104
2005-03-02,banxico,fx_rate_fix,11.1073,11.1073
2005-03-03,banxico,fx_rate_fix,11.0837,11.0837
2005-03-04,banxico,fx_rate_fix,11.0458,11.0458
2005-03-07,banxico,fx_rate_fix,11.0349,11.0349
2005-03-08,banxico,fx_rate_fix,10.9790,10.979
2005-03-09,banxico,fx_rate_fix,11.0181,11.0181
2005-03-10,banxico,fx_rate_fix,11.0324,11.0324
2005-03-11,banxico,fx_rate_fix,11.0223,11.0223
2005-03-14,banxico,fx_rate_fix,11.1350,11.135
2005-03-15,banxico,fx_rate_fix,11.2038,11.2038
2005-03-16,banxico,fx_rate_fix,11.2276,11.2276
2005-03-17,banxico,fx_rate_fix,11.2193,11.2193
2005-03-18,banxico,fx_rate_fix,11.1759,11.1759
2005-03-22,banxico,fx_rate_fix,11.1898,11.1898
2005-03-23,banxico,fx_rate_fix,11.2505,11.2505
2005-03-28,banxico,fx_rate_fix,11.3228,11.3228
2005-03-29,banxico,fx_rate_fix,11.2942,11.2942
2005-03-30,banxico,fx_rate_fix,11.2293,11.2293
2005-03-31,banxico,fx_rate_fix,11.1783,11.1783
2005-04-01,banxico,fx_rate_fix,11.1893,11.1893
2005-04-04,banxico,fx_rate_fix,11.2175,11.2175
2005-04-05,banxico,fx_rate_fix,11.2176,11.2176
2005-04-06,banxico,fx_rate_fix,11.2307,11.2307
2005-04-07,banxico,fx_rate_fix,11.1945,11.1945
2005-04-08,banxico,fx_rate_fix,11.1583,11.1583
2005-04-11,banxico,fx_rate_fix,11.0879,11.0879
2005-04-12,banxico,fx_rate_fix,11.1155,11.1155
2005-04-13,banxico,fx_rate_fix,11.0615,11.0615
2005-04-14,banxico,fx_rate_fix,11.1032,11.1032
2005-04-15,banxico,fx_rate_fix,11.1021,11.1021
2005-04-18,banxico,fx_rate_fix,11.1290,11.129
2005-04-19,banxico,fx_rate_fix,11.0776,11.0776
2005-04-20,banxico,fx_rate_fix,11.0614,11.0614
2005-04-21,banxico,fx_rate_fix,11.0410,11.041
2005-04-22,banxico,fx_rate_fix,11.0361,11.0361
2005-04-25,banxico,fx_rate_fix,11.0571,11.0571
2005-04-26,banxico,fx_rate_fix,11.0595,11.0595
2005-04-27,banxico,fx_rate_fix,11.1033,11.1033
2005-04-28,banxico,fx_rate_fix,11.1159,11.1159
2005-04-29,banxico,fx_rate_fix,11.0832,11.0832
2005-05-02,banxico,fx_rate_fix,11.0271,11.0271
2005-05-03,banxico,fx_rate_fix,11.0284,11.0284
2005-05-04,banxico,fx_rate_fix,10.9820,10.982
2005-05-05,banxico,fx_rate_fix,10.9487,10.9487
2005-05-06,banxico,fx_rate_fix,10.9433,10.9433
2005-05-09,banxico,fx_rate_fix,10.9693,10.9693
2005-05-10,banxico,fx_rate_fix,11.0082,11.0082
2005-05-11,banxico,fx_rate_fix,11.0323,11.0323
2005-05-12,banxico,fx_rate_fix,11.0189,11.0189
2005-05-13,banxico,fx_rate_fix,11.0290,11.029
2005-05-16,banxico,fx_rate_fix,11.0376,11.0376
2005-05-17,banxico,fx_rate_fix,10.9963,10.9963
2005-05-18,banxico,fx_rate_fix,10.9668,10.9668
2005-05-19,banxico,fx_rate_fix,10.9283,10.9283
2005-05-20,banxico,fx_rate_fix,10.9715,10.9715
2005-05-23,banxico,fx_rate_fix,10.9533,10.9533
2005-05-24,banxico,fx_rate_fix,10.9801,10.9801
2005-05-25,banxico,fx_rate_fix,10.9372,10.9372
2005-05-26,banxico,fx_rate_fix,10.9645,10.9645
2005-05-27,banxico,fx_rate_fix,10.9030,10.903
2005-05-30,banxico,fx_rate_fix,10.8699,10.8699
2005-05-31,banxico,fx_rate_fix,10.9160,10.916
2005-06-01,banxico,fx_rate_fix,10.8442,10.8442
2005-06-02,banxico,fx_rate_fix,10.8144,10.8144
2005-06-03,banxico,fx_rate_fix,10.8179,10.8179
2005-06-06,banxico,fx_rate_fix,10.8792,10.8792
2005-06-07,banxico,fx_rate_fix,10.8695,10.8695
2005-06-08,banxico,fx_rate_fix,10.8494,10.8494
2005-06-09,banxico,fx_rate_fix,10.8868,10.8868
2005-06-10,banxico,fx_rate_fix,10.8648,10.8648
2005-06-13,banxico,fx_rate_fix,10.8680,10.868
2005-06-14,banxico,fx_rate_fix,10.8392,10.8392
2005-06-15,banxico,fx_rate_fix,10.8332,10.8332
2005-06-16,banxico,fx_rate_fix,10.8007,10.8007
2005-06-17,banxico,fx_rate_fix,10.7913,10.7913
2005-06-20,banxico,fx_rate_fix,10.8342,10.8342
2005-06-21,banxico,fx_rate_fix,10.7982,10.7982
2005-06-22,banxico,fx_rate_fix,10.7610,10.761
2005-06-23,banxico,fx_rate_fix,10.7897,10.7897
2005-06-24,banxico,fx_rate_fix,10.7642,10.7642
2005-06-27,banxico,fx_rate_fix,10.8127,10.8127
2005-06-28,banxico,fx_rate_fix,10.8428,10.8428
2005-06-29,banxico,fx_rate_fix,10.7645,10.7645
2005-06-30,banxico,fx_rate_fix,10.7752,10.7752
2005-07-01,banxico,fx_rate_fix,10.7327,10.7327
2005-07-04,banxico,fx_rate_fix,10.7438,10.7438
2005-07-05,banxico,fx_rate_fix,10.7555,10.7555
2005-07-06,banxico,fx_rate_fix,10.7689,10.7689
2005-07-07,banxico,fx_rate_fix,10.7997,10.7997
2005-07-08,banxico,fx_rate_fix,10.7428,10.7428
2005-07-11,banxico,fx_rate_fix,10.7045,10.7045
2005-07-12,banxico,fx_rate_fix,10.6881,10.6881
2005-07-13,banxico,fx_rate_fix,10.6898,10.6898
2005-07-14,banxico,fx_rate_fix,10.6372,10.6372
2005-07-15,banxico,fx_rate_fix,10.6312,10.6312
2005-07-18,banxico,fx_rate_fix,10.5958,10.5958
2005-07-19,banxico,fx_rate_fix,10.6227,10.6227
2005-07-20,banxico,fx_rate_fix,10.6498,10.6498
2005-07-21,banxico,fx_rate_fix,10.5942,10.5942
2005-07-22,banxico,fx_rate_fix,10.6307,10.6307
2005-07-25,banxico,fx_rate_fix,10.6683,10.6683
2005-07-26,banxico,fx_rate_fix,10.7165,10.7165
2005-07-27,banxico,fx_rate_fix,10.6430,10.643
2005-07-28,banxico,fx_rate_fix,10.6201,10.6201
2005-07-29,banxico,fx_rate_fix,10.6057,10.6057
2005-08-01,banxico,fx_rate_fix,10.5994,10.5994
2005-08-02,banxico,fx_rate_fix,10.5968,10.5968
2005-08-03,banxico,fx_rate_fix,10.6138,10.6138
2005-08-04,banxico,fx_rate_fix,10.5831,10.5831
2005-08-05,banxico,fx_rate_fix,10.5921,10.5921
2005-08-08,banxico,fx_rate_fix,10.6018,10.6018
2005-08-09,banxico,fx_rate_fix,10.6383,10.6383
2005-08-10,banxico,fx_rate_fix,10.5874,10.5874
2005-08-11,banxico,fx_rate_fix,10.5815,10.5815
2005-08-12,banxico,fx_rate_fix,10.6343,10.6343
2005-08-15,banxico,fx_rate_fix,10.6040,10.604
2005-08-16,banxico,fx_rate_fix,10.5809,10.5809
2005-08-17,banxico,fx_rate_fix,10.6088,10.6088
2005-08-18,banxico,fx_rate_fix,10.6601,10.6601
2005-08-19,banxico,fx_rate_fix,10.7753,10.7753
2005-08-22,banxico,fx_rate_fix,10.7356,10.7356
2005-08-23,banxico,fx_rate_fix,10.7742,10.7742
2005-08-24,banxico,fx_rate_fix,10.8822,10.8822
2005-08-25,banxico,fx_rate_fix,10.8153,10.8153
2005-08-26,banxico,fx_rate_fix,10.8333,10.8333
2005-08-29,banxico,fx_rate_fix,10.8936,10.8936
2005-08-30,banxico,fx_rate_fix,10.8377,10.8377
2005-08-31,banxico,fx_rate_fix,10.7995,10.7995
2005-09-01,banxico,fx_rate_fix,10.7234,10.7234
2005-09-02,banxico,fx_rate_fix,10.6840,10.684
2005-09-05,banxico,fx_rate_fix,10.6689,10.6689
2005-09-06,banxico,fx_rate_fix,10.6868,10.6868
2005-09-07,banxico,fx_rate_fix,10.7015,10.7015
2005-09-08,banxico,fx_rate_fix,10.7126,10.7126
2005-09-09,banxico,fx_rate_fix,10.7080,10.708
2005-09-12,banxico,fx_rate_fix,10.6994,10.6994
2005-09-13,banxico,fx_rate_fix,10.7456,10.7456
2005-09-14,banxico,fx_rate_fix,10.8355,10.8355
2005-09-15,banxico,fx_rate_fix,10.8070,10.807
2005-09-19,banxico,fx_rate_fix,10.8558,10.8558
2005-09-20,banxico,fx_rate_fix,10.8232,10.8232
2005-09-21,banxico,fx_rate_fix,10.7798,10.7798
2005-09-22,banxico,fx_rate_fix,10.8341,10.8341
2005-09-23,banxico,fx_rate_fix,10.8475,10.8475
2005-09-26,banxico,fx_rate_fix,10.8760,10.876
2005-09-27,banxico,fx_rate_fix,10.8860,10.886
2005-09-28,banxico,fx_rate_fix,10.8495,10.8495
2005-09-29,banxico,fx_rate_fix,10.8131,10.8131
2005-09-30,banxico,fx_rate_fix,10.7907,10.7907
2005-10-03,banxico,fx_rate_fix,10.7683,10.7683
2005-10-04,banxico,fx_rate_fix,10.6857,10.6857
2005-10-05,banxico,fx_rate_fix,10.7115,10.7115
2005-10-06,banxico,fx_rate_fix,10.7687,10.7687
2005-10-07,banxico,fx_rate_fix,10.7940,10.794
2005-10-10,banxico,fx_rate_fix,10.7965,10.7965
2005-10-11,banxico,fx_rate_fix,10.8007,10.8007
2005-10-12,banxico,fx_rate_fix,10.8842,10.8842
2005-10-13,banxico,fx_rate_fix,10.9408,10.9408
2005-10-14,banxico,fx_rate_fix,10.9164,10.9164
2005-10-17,banxico,fx_rate_fix,10.8462,10.8462
2005-10-18,banxico,fx_rate_fix,10.8307,10.8307
2005-10-19,banxico,fx_rate_fix,10.8752,10.8752
2005-10-20,banxico,fx_rate_fix,10.8393,10.8393
2005-10-21,banxico,fx_rate_fix,10.8948,10.8948
2005-10-24,banxico,fx_rate_fix,10.8560,10.856
2005-10-25,banxico,fx_rate_fix,10.8417,10.8417
2005-10-26,banxico,fx_rate_fix,10.8910,10.891
2005-10-27,banxico,fx_rate_fix,10.9092,10.9092
2005-10-28,banxico,fx_rate_fix,10.8447,10.8447
2005-10-31,banxico,fx_rate_fix,10.7857,10.7857
2005-11-01,banxico,fx_rate_fix,10.7647,10.7647
2005-11-02,banxico,fx_rate_fix,10.7613,10.7613
2005-11-03,banxico,fx_rate_fix,10.7218,10.7218
2005-11-04,banxico,fx_rate_fix,10.7495,10.7495
2005-11-07,banxico,fx_rate_fix,10.7072,10.7072
2005-11-08,banxico,fx_rate_fix,10.7282,10.7282
2005-11-09,banxico,fx_rate_fix,10.7104,10.7104
2005-11-10,banxico,fx_rate_fix,10.7140,10.714
2005-11-11,banxico,fx_rate_fix,10.6833,10.6833
2005-11-14,banxico,fx_rate_fix,10.6897,10.6897
2005-11-15,banxico,fx_rate_fix,10.6505,10.6505
2005-11-16,banxico,fx_rate_fix,10.6350,10.635
2005-11-17,banxico,fx_rate_fix,10.6760,10.676
2005-11-18,banxico,fx_rate_fix,10.6543,10.6543
2005-11-21,banxico,fx_rate_fix,10.6425,10.6425
2005-11-22,banxico,fx_rate_fix,10.6678,10.6678
2005-11-23,banxico,fx_rate_fix,10.6180,10.618
2005-11-24,banxico,fx_rate_fix,10.6083,10.6083
2005-11-25,banxico,fx_rate_fix,10.6070,10.607
2005-11-28,banxico,fx_rate_fix,10.5670,10.567
2005-11-29,banxico,fx_rate_fix,10.5702,10.5702
2005-11-30,banxico,fx_rate_fix,10.5793,10.5793
2005-12-01,banxico,fx_rate_fix,10.5247,10.5247
2005-12-02,banxico,fx_rate_fix,10.4558,10.4558
2005-12-05,banxico,fx_rate_fix,10.4741,10.4741
2005-12-06,banxico,fx_rate_fix,10.4097,10.4097
2005-12-07,banxico,fx_rate_fix,10.4400,10.44
2005-12-08,banxico,fx_rate_fix,10.5020,10.502
2005-12-09,banxico,fx_rate_fix,10.6240,10.624
2005-12-13,banxico,fx_rate_fix,10.6368,10.6368
2005-12-14,banxico,fx_rate_fix,10.6931,10.6931
2005-12-15,banxico,fx_rate_fix,10.7378,10.7378
2005-12-16,banxico,fx_rate_fix,10.7567,10.7567
2005-12-19,banxico,fx_rate_fix,10.7283,10.7283
2005-12-20,banxico,fx_rate_fix,10.6997,10.6997
2005-12-21,banxico,fx_rate_fix,10.6457,10.6457
2005-12-22,banxico,fx_rate_fix,10.6532,10.6532
2005-12-23,banxico,fx_rate_fix,10.6845,10.6845
2005-12-26,banxico,fx_rate_fix,10.6932,10.6932
2005-12-27,banxico,fx_rate_fix,10.7362,10.7362
2005-12-28,banxico,fx_rate_fix,10.7777,10.7777
2005-12-29,banxico,fx_rate_fix,10.7109,10.7109
2005-12-30,banxico,fx_rate_fix,10.6344,10.6344
2006-01-02,banxico,fx_rate_fix,10.6253,10.6253
2006-01-03,banxico,fx_rate_fix,10.6455,10.6455
2006-01-04,banxico,fx_rate_fix,10.5815,10.5815
2006-01-05,banxico,fx_rate_fix,10.5907,10.5907
2006-01-06,banxico,fx_rate_fix,10.5726,10.5726
2006-01-09,banxico,fx_rate_fix,10.5446,10.5446
2006-01-10,banxico,fx_rate_fix,10.5990,10.599
2006-01-11,banxico,fx_rate_fix,10.6097,10.6097
2006-01-12,banxico,fx_rate_fix,10.5732,10.5732
2006-01-13,banxico,fx_rate_fix,10.5752,10.5752
2006-01-16,banxico,fx_rate_fix,10.5590,10.559
2006-01-17,banxico,fx_rate_fix,10.5372,10.5372
2006-01-18,banxico,fx_rate_fix,10.5778,10.5778
2006-01-19,banxico,fx_rate_fix,10.5589,10.5589
2006-01-20,banxico,fx_rate_fix,10.5078,10.5078
2006-01-23,banxico,fx_rate_fix,10.5208,10.5208
2006-01-24,banxico,fx_rate_fix,10.5063,10.5063
2006-01-25,banxico,fx_rate_fix,10.5004,10.5004
2006-01-26,banxico,fx_rate_fix,10.5039,10.5039
2006-01-27,banxico,fx_rate_fix,10.4598,10.4598
2006-01-30,banxico,fx_rate_fix,10.4416,10.4416
2006-01-31,banxico,fx_rate_fix,10.4433,10.4433
2006-02-01,banxico,fx_rate_fix,10.4303,10.4303
2006-02-02,banxico,fx_rate_fix,10.4805,10.4805
2006-02-03,banxico,fx_rate_fix,10.4981,10.4981
2006-02-07,banxico,fx_rate_fix,10.4758,10.4758
2006-02-08,banxico,fx_rate_fix,10.5277,10.5277
2006-02-09,banxico,fx_rate_fix,10.4803,10.4803
2006-02-10,banxico,fx_rate_fix,10.4870,10.487
2006-02-13,banxico,fx_rate_fix,10.5258,10.5258
2006-02-14,banxico,fx_rate_fix,10.5249,10.5249
2006-02-15,banxico,fx_rate_fix,10.5170,10.517
2006-02-16,banxico,fx_rate_fix,10.5175,10.5175
2006-02-17,banxico,fx_rate_fix,10.4528,10.4528
2006-02-20,banxico,fx_rate_fix,10.4401,10.4401
2006-02-21,banxico,fx_rate_fix,10.4388,10.4388
2006-02-22,banxico,fx_rate_fix,10.4990,10.499
2006-02-23,banxico,fx_rate_fix,10.4885,10.4885
2006-02-24,banxico,fx_rate_fix,10.4761,10.4761
2006-02-27,banxico,fx_rate_fix,10.4661,10.4661
2006-02-28,banxico,fx_rate_fix,10.4560,10.456
2006-03-01,banxico,fx_rate_fix,10.4673,10.4673
2006-03-02,banxico,fx_rate_fix,10.5113,10.5113
2006-03-03,banxico,fx_rate_fix,10.5759,10.5759
2006-03-06,banxico,fx_rate_fix,10.6118,10.6118
2006-03-07,banxico,fx_rate_fix,10.7003,10.7003
2006-03-08,banxico,fx_rate_fix,10.7560,10.756
2006-03-09,banxico,fx_rate_fix,10.7094,10.7094
2006-03-10,banxico,fx_rate_fix,10.7125,10.7125
2006-03-13,banxico,fx_rate_fix,10.7126,10.7126
2006-03-14,banxico,fx_rate_fix,10.6942,10.6942
2006-03-15,banxico,fx_rate_fix,10.6667,10.6667
2006-03-16,banxico,fx_rate_fix,10.6212,10.6212
2006-03-17,banxico,fx_rate_fix,10.6885,10.6885
2006-03-20,banxico,fx_rate_fix,10.7568,10.7568
2006-03-22,banxico,fx_rate_fix,10.8628,10.8628
2006-03-23,banxico,fx_rate_fix,10.8612,10.8612
2006-03-24,banxico,fx_rate_fix,10.8568,10.8568
2006-03-27,banxico,fx_rate_fix,10.9329,10.9329
2006-03-28,banxico,fx_rate_fix,10.9633,10.9633
2006-03-29,banxico,fx_rate_fix,10.9510,10.951
2006-03-30,banxico,fx_rate_fix,10.9228,10.9228
2006-03-31,banxico,fx_rate_fix,10.8935,10.8935
2006-04-03,banxico,fx_rate_fix,10.8717,10.8717
2006-04-04,banxico,fx_rate_fix,10.8548,10.8548
2006-04-05,banxico,fx_rate_fix,10.9467,10.9467
2006-04-06,banxico,fx_rate_fix,11.0557,11.0557
2006-04-07,banxico,fx_rate_fix,11.1443,11.1443
2006-04-10,banxico,fx_rate_fix,11.0956,11.0956
2006-04-11,banxico,fx_rate_fix,11.0708,11.0708
2006-04-12,banxico,fx_rate_fix,11.0477,11.0477
2006-04-17,banxico,fx_rate_fix,11.0842,11.0842
2006-04-18,banxico,fx_rate_fix,11.0011,11.0011
2006-04-19,banxico,fx_rate_fix,10.9773,10.9773
2006-04-20,banxico,fx_rate_fix,11.0302,11.0302
2006-04-21,banxico,fx_rate_fix,11.0667,11.0667
2006-04-24,banxico,fx_rate_fix,11.0656,11.0656
2006-04-25,banxico,fx_rate_fix,11.0842,11.0842
2006-04-26,banxico,fx_rate_fix,11.1578,11.1578
2006-04-27,banxico,fx_rate_fix,11.1135,11.1135
2006-04-28,banxico,fx_rate_fix,11.0903,11.0903
2006-05-02,banxico,fx_rate_fix,11.0323,11.0323
2006-05-03,banxico,fx_rate_fix,10.9608,10.9608
2006-05-04,banxico,fx_rate_fix,10.9694,10.9694
2006-05-05,banxico,fx_rate_fix,10.9587,10.9587
2006-05-08,banxico,fx_rate_fix,10.9381,10.9381
2006-05-09,banxico,fx_rate_fix,10.9258,10.9258
2006-05-10,banxico,fx_rate_fix,10.8425,10.8425
2006-05-11,banxico,fx_rate_fix,10.8381,10.8381
2006-05-12,banxico,fx_rate_fix,11.0325,11.0325
2006-05-15,banxico,fx_rate_fix,11.1532,11.1532
2006-05-16,banxico,fx_rate_fix,11.0518,11.0518
2006-05-17,banxico,fx_rate_fix,11.1330,11.133
2006-05-18,banxico,fx_rate_fix,11.2005,11.2005
2006-05-19,banxico,fx_rate_fix,11.1915,11.1915
2006-05-22,banxico,fx_rate_fix,11.2799,11.2799
2006-05-23,banxico,fx_rate_fix,11.1935,11.1935
2006-05-24,banxico,fx_rate_fix,11.2854,11.2854
2006-05-25,banxico,fx_rate_fix,11.2097,11.2097
2006-05-26,banxico,fx_rate_fix,11.1373,11.1373
2006-05-29,banxico,fx_rate_fix,11.1303,11.1303
2006-05-30,banxico,fx_rate_fix,11.2693,11.2693
2006-05-31,banxico,fx_rate_fix,11.2966,11.2966
2006-06-01,banxico,fx_rate_fix,11.2843,11.2843
2006-06-02,banxico,fx_rate_fix,11.2970,11.297
2006-06-05,banxico,fx_rate_fix,11.2854,11.2854
2006-06-06,banxico,fx_rate_fix,11.3667,11.3667
2006-06-07,banxico,fx_rate_fix,11.3250,11.325
2006-06-08,banxico,fx_rate_fix,11.4190,11.419
2006-06-09,banxico,fx_rate_fix,11.3777,11.3777
2006-06-12,banxico,fx_rate_fix,11.3827,11.3827
2006-06-13,banxico,fx_rate_fix,11.4327,11.4327
2006-06-14,banxico,fx_rate_fix,11.4527,11.4527
2006-06-15,banxico,fx_rate_fix,11.4113,11.4113
2006-06-16,banxico,fx_rate_fix,11.4140,11.414
2006-06-19,banxico,fx_rate_fix,11.4459,11.4459
2006-06-20,banxico,fx_rate_fix,11.4809,11.4809
2006-06-21,banxico,fx_rate_fix,11.4441,11.4441
2006-06-22,banxico,fx_rate_fix,11.4405,11.4405
2006-06-23,banxico,fx_rate_fix,11.4382,11.4382
2006-06-26,banxico,fx_rate_fix,11.4090,11.409
2006-06-27,banxico,fx_rate_fix,11.4302,11.4302
2006-06-28,banxico,fx_rate_fix,11.3973,11.3973
2006-06-29,banxico,fx_rate_fix,11.4009,11.4009
2006-06-30,banxico,fx_rate_fix,11.2723,11.2723
2006-07-03,banxico,fx_rate_fix,11.1302,11.1302
2006-07-04,banxico,fx_rate_fix,11.0642,11.0642
2006-07-05,banxico,fx_rate_fix,11.1901,11.1901
2006-07-06,banxico,fx_rate_fix,11.1061,11.1061
2006-07-07,banxico,fx_rate_fix,11.0243,11.0243
2006-07-10,banxico,fx_rate_fix,10.9547,10.9547
2006-07-11,banxico,fx_rate_fix,11.0095,11.0095
2006-07-12,banxico,fx_rate_fix,11.0303,11.0303
2006-07-13,banxico,fx_rate_fix,11.0523,11.0523
2006-07-14,banxico,fx_rate_fix,11.0275,11.0275
2006-07-17,banxico,fx_rate_fix,10.9914,10.9914
2006-07-18,banxico,fx_rate_fix,10.9618,10.9618
2006-07-19,banxico,fx_rate_fix,10.9045,10.9045
2006-07-20,banxico,fx_rate_fix,10.8708,10.8708
2006-07-21,banxico,fx_rate_fix,10.8954,10.8954
2006-07-24,banxico,fx_rate_fix,10.9303,10.9303
2006-07-25,banxico,fx_rate_fix,10.9148,10.9148
2006-07-26,banxico,fx_rate_fix,10.9337,10.9337
2006-07-27,banxico,fx_rate_fix,10.8968,10.8968
2006-07-28,banxico,fx_rate_fix,10.8947,10.8947
2006-07-31,banxico,fx_rate_fix,10.9181,10.9181
2006-08-01,banxico,fx_rate_fix,11.0203,11.0203
2006-08-02,banxico,fx_rate_fix,10.9537,10.9537
2006-08-03,banxico,fx_rate_fix,10.9802,10.9802
2006-08-04,banxico,fx_rate_fix,10.8908,10.8908
2006-08-07,banxico,fx_rate_fix,10.8838,10.8838
2006-08-08,banxico,fx_rate_fix,10.9113,10.9113
2006-08-09,banxico,fx_rate_fix,10.8386,10.8386
2006-08-10,banxico,fx_rate_fix,10.8808,10.8808
2006-08-11,banxico,fx_rate_fix,10.8147,10.8147
2006-08-14,banxico,fx_rate_fix,10.8028,10.8028
2006-08-15,banxico,fx_rate_fix,10.8250,10.825
2006-08-16,banxico,fx_rate_fix,10.7500,10.75
2006-08-17,banxico,fx_rate_fix,10.7480,10.748
2006-08-18,banxico,fx_rate_fix,10.8217,10.8217
2006-08-21,banxico,fx_rate_fix,10.8038,10.8038
2006-08-22,banxico,fx_rate_fix,10.8040,10.804
2006-08-23,banxico,fx_rate_fix,10.8428,10.8428
2006-08-24,banxico,fx_rate_fix,10.9220,10.922
2006-08-25,banxico,fx_rate_fix,10.9528,10.9528
2006-08-28,banxico,fx_rate_fix,10.9347,10.9347
2006-08-29,banxico,fx_rate_fix,10.9047,10.9047
2006-08-30,banxico,fx_rate_fix,10.8650,10.865
2006-08-31,banxico,fx_rate_fix,10.9037,10.9037
2006-09-01,banxico,fx_rate_fix,10.8952,10.8952
2006-09-04,banxico,fx_rate_fix,10.8476,10.8476
2006-09-05,banxico,fx_rate_fix,10.8438,10.8438
2006-09-06,banxico,fx_rate_fix,10.9380,10.938
2006-09-07,banxico,fx_rate_fix,11.0196,11.0196
2006-09-08,banxico,fx_rate_fix,11.0271,11.0271
2006-09-11,banxico,fx_rate_fix,11.0705,11.0705
2006-09-12,banxico,fx_rate_fix,11.0361,11.0361
2006-09-13,banxico,fx_rate_fix,11.0117,11.0117
2006-09-14,banxico,fx_rate_fix,10.9818,10.9818
2006-09-15,banxico,fx_rate_fix,10.9468,10.9468
2006-09-18,banxico,fx_rate_fix,10.9273,10.9273
2006-09-19,banxico,fx_rate_fix,10.9227,10.9227
2006-09-20,banxico,fx_rate_fix,10.9346,10.9346
2006-09-21,banxico,fx_rate_fix,10.9953,10.9953
2006-09-22,banxico,fx_rate_fix,11.0877,11.0877
2006-09-25,banxico,fx_rate_fix,11.1050,11.105
2006-09-26,banxico,fx_rate_fix,11.0418,11.0418
2006-09-27,banxico,fx_rate_fix,11.0152,11.0152
2006-09-28,banxico,fx_rate_fix,11.0502,11.0502
2006-09-29,banxico,fx_rate_fix,10.9935,10.9935
2006-10-02,banxico,fx_rate_fix,10.9733,10.9733
2006-10-03,banxico,fx_rate_fix,11.0404,11.0404
2006-10-04,banxico,fx_rate_fix,11.0533,11.0533
2006-10-05,banxico,fx_rate_fix,11.0185,11.0185
2006-10-06,banxico,fx_rate_fix,11.0624,11.0624
2006-10-09,banxico,fx_rate_fix,11.0842,11.0842
2006-10-10,banxico,fx_rate_fix,11.0597,11.0597
2006-10-11,banxico,fx_rate_fix,11.0248,11.0248
2006-10-12,banxico,fx_rate_fix,10.9406,10.9406
2006-10-13,banxico,fx_rate_fix,10.8765,10.8765
2006-10-16,banxico,fx_rate_fix,10.8364,10.8364
2006-10-17,banxico,fx_rate_fix,10.8703,10.8703
2006-10-18,banxico,fx_rate_fix,10.8257,10.8257
2006-10-19,banxico,fx_rate_fix,10.8060,10.806
2006-10-20,banxico,fx_rate_fix,10.8169,10.8169
2006-10-23,banxico,fx_rate_fix,10.8489,10.8489
2006-10-24,banxico,fx_rate_fix,10.8289,10.8289
2006-10-25,banxico,fx_rate_fix,10.7918,10.7918
2006-10-26,banxico,fx_rate_fix,10.7313,10.7313
2006-10-27,banxico,fx_rate_fix,10.7093,10.7093
2006-10-30,banxico,fx_rate_fix,10.7740,10.774
2006-10-31,banxico,fx_rate_fix,10.7640,10.764
2006-11-01,banxico,fx_rate_fix,10.7449,10.7449
2006-11-03,banxico,fx_rate_fix,10.7948,10.7948
2006-11-06,banxico,fx_rate_fix,10.8344,10.8344
2006-11-07,banxico,fx_rate_fix,10.8200,10.82
2006-11-08,banxico,fx_rate_fix,10.8598,10.8598
2006-11-09,banxico,fx_rate_fix,10.8632,10.8632
2006-11-10,banxico,fx_rate_fix,10.9158,10.9158
2006-11-13,banxico,fx_rate_fix,10.9263,10.9263
2006-11-14,banxico,fx_rate_fix,10.8675,10.8675
2006-11-15,banxico,fx_rate_fix,10.8595,10.8595
2006-11-16,banxico,fx_rate_fix,10.8527,10.8527
2006-11-17,banxico,fx_rate_fix,10.9524,10.9524
2006-11-21,banxico,fx_rate_fix,11.0021,11.0021
2006-11-22,banxico,fx_rate_fix,10.9756,10.9756
2006-11-23,banxico,fx_rate_fix,10.9682,10.9682
2006-11-24,banxico,fx_rate_fix,11.0242,11.0242
2006-11-27,banxico,fx_rate_fix,11.0520,11.052
2006-11-28,banxico,fx_rate_fix,11.0454,11.0454
2006-11-29,banxico,fx_rate_fix,10.9983,10.9983
2006-11-30,banxico,fx_rate_fix,10.9975,10.9975
2006-12-04,banxico,fx_rate_fix,10.9595,10.9595
2006-12-05,banxico,fx_rate_fix,10.8940,10.894
2006-12-06,banxico,fx_rate_fix,10.8620,10.862
2006-12-07,banxico,fx_rate_fix,10.8558,10.8558
2006-12-08,banxico,fx_rate_fix,10.8606,10.8606
2006-12-11,banxico,fx_rate_fix,10.8375,10.8375
2006-12-13,banxico,fx_rate_fix,10.8255,10.8255
2006-12-14,banxico,fx_rate_fix,10.7922,10.7922
2006-12-15,banxico,fx_rate_fix,10.7740,10.774
2006-12-18,banxico,fx_rate_fix,10.8002,10.8002
2006-12-19,banxico,fx_rate_fix,10.8492,10.8492
2006-12-20,banxico,fx_rate_fix,10.8075,10.8075
2006-12-21,banxico,fx_rate_fix,10.8411,10.8411
2006-12-22,banxico,fx_rate_fix,10.8597,10.8597
2006-12-26,banxico,fx_rate_fix,10.8747,10.8747
2006-12-27,banxico,fx_rate_fix,10.8810,10.881
2006-12-28,banxico,fx_rate_fix,10.8755,10.8755
2006-12-29,banxico,fx_rate_fix,10.8116,10.8116
2007-01-02,banxico,fx_rate_fix,10.7815,10.7815
2007-01-03,banxico,fx_rate_fix,10.7708,10.7708
2007-01-04,banxico,fx_rate_fix,10.8650,10.865
2007-01-05,banxico,fx_rate_fix,10.9355,10.9355
2007-01-08,banxico,fx_rate_fix,10.9705,10.9705
2007-01-09,banxico,fx_rate_fix,11.0091,11.0091
2007-01-10,banxico,fx_rate_fix,11.0333,11.0333
2007-01-11,banxico,fx_rate_fix,10.9650,10.965
2007-01-12,banxico,fx_rate_fix,10.9765,10.9765
2007-01-15,banxico,fx_rate_fix,10.9419,10.9419
2007-01-16,banxico,fx_rate_fix,10.9860,10.986
2007-01-17,banxico,fx_rate_fix,10.9234,10.9234
2007-01-18,banxico,fx_rate_fix,10.9232,10.9232
2007-01-19,banxico,fx_rate_fix,10.8824,10.8824
2007-01-22,banxico,fx_rate_fix,10.8918,10.8918
2007-01-23,banxico,fx_rate_fix,10.9645,10.9645
2007-01-24,banxico,fx_rate_fix,10.9486,10.9486
2007-01-25,banxico,fx_rate_fix,10.9753,10.9753
2007-01-26,banxico,fx_rate_fix,11.0402,11.0402
2007-01-29,banxico,fx_rate_fix,11.0855,11.0855
2007-01-30,banxico,fx_rate_fix,11.0548,11.0548
2007-01-31,banxico,fx_rate_fix,11.0382,11.0382
2007-02-01,banxico,fx_rate_fix,10.9820,10.982
2007-02-02,banxico,fx_rate_fix,10.9921,10.9921
2007-02-06,banxico,fx_rate_fix,10.9192,10.9192
2007-02-07,banxico,fx_rate_fix,10.9370,10.937
2007-02-08,banxico,fx_rate_fix,10.9683,10.9683
2007-02-09,banxico,fx_rate_fix,10.9601,10.9601
2007-02-12,banxico,fx_rate_fix,11.0227,11.0227
2007-02-13,banxico,fx_rate_fix,10.9915,10.9915
2007-02-14,banxico,fx_rate_fix,10.9152,10.9152
2007-02-15,banxico,fx_rate_fix,10.9522,10.9522
2007-02-16,banxico,fx_rate_fix,10.9958,10.9958
2007-02-19,banxico,fx_rate_fix,10.9778,10.9778
2007-02-20,banxico,fx_rate_fix,10.9755,10.9755
2007-02-21,banxico,fx_rate_fix,11.0023,11.0023
2007-02-22,banxico,fx_rate_fix,10.9683,10.9683
2007-02-23,banxico,fx_rate_fix,11.0397,11.0397
2007-02-26,banxico,fx_rate_fix,11.0790,11.079
2007-02-27,banxico,fx_rate_fix,11.1493,11.1493
2007-02-28,banxico,fx_rate_fix,11.1682,11.1682
2007-03-01,banxico,fx_rate_fix,11.1917,11.1917
2007-03-02,banxico,fx_rate_fix,11.1817,11.1817
2007-03-05,banxico,fx_rate_fix,11.1762,11.1762
2007-03-06,banxico,fx_rate_fix,11.1473,11.1473
2007-03-07,banxico,fx_rate_fix,11.1555,11.1555
2007-03-08,banxico,fx_rate_fix,11.1426,11.1426
2007-03-09,banxico,fx_rate_fix,11.1205,11.1205
2007-03-12,banxico,fx_rate_fix,11.1483,11.1483
2007-03-13,banxico,fx_rate_fix,11.1727,11.1727
2007-03-14,banxico,fx_rate_fix,11.1867,11.1867
2007-03-15,banxico,fx_rate_fix,11.1348,11.1348
2007-03-16,banxico,fx_rate_fix,11.1664,11.1664
2007-03-20,banxico,fx_rate_fix,11.1120,11.112
2007-03-21,banxico,fx_rate_fix,11.0796,11.0796
2007-03-22,banxico,fx_rate_fix,11.0220,11.022
2007-03-23,banxico,fx_rate_fix,11.0166,11.0166
2007-03-26,banxico,fx_rate_fix,11.0253,11.0253
2007-03-27,banxico,fx_rate_fix,11.0470,11.047
2007-03-28,banxico,fx_rate_fix,11.0813,11.0813
2007-03-29,banxico,fx_rate_fix,11.0507,11.0507
2007-03-30,banxico,fx_rate_fix,11.0322,11.0322
2007-04-02,banxico,fx_rate_fix,11.0336,11.0336
2007-04-03,banxico,fx_rate_fix,10.9797,10.9797
2007-04-04,banxico,fx_rate_fix,10.9976,10.9976
2007-04-09,banxico,fx_rate_fix,10.9705,10.9705
2007-04-10,banxico,fx_rate_fix,11.0126,11.0126
2007-04-11,banxico,fx_rate_fix,10.9840,10.984
2007-04-12,banxico,fx_rate_fix,11.0135,11.0135
2007-04-13,banxico,fx_rate_fix,10.9917,10.9917
2007-04-16,banxico,fx_rate_fix,10.9856,10.9856
2007-04-17,banxico,fx_rate_fix,10.9911,10.9911
2007-04-18,banxico,fx_rate_fix,10.9920,10.992
2007-04-19,banxico,fx_rate_fix,11.0048,11.0048
2007-04-20,banxico,fx_rate_fix,10.9790,10.979
2007-04-23,banxico,fx_rate_fix,10.9637,10.9637
2007-04-24,banxico,fx_rate_fix,11.0053,11.0053
2007-04-25,banxico,fx_rate_fix,10.9369,10.9369
2007-04-26,banxico,fx_rate_fix,10.9312,10.9312
2007-04-27,banxico,fx_rate_fix,10.9305,10.9305
2007-04-30,banxico,fx_rate_fix,10.9278,10.9278
2007-05-02,banxico,fx_rate_fix,10.9262,10.9262
2007-05-03,banxico,fx_rate_fix,10.9020,10.902
2007-05-04,banxico,fx_rate_fix,10.8852,10.8852
2007-05-07,banxico,fx_rate_fix,10.8558,10.8558
2007-05-08,banxico,fx_rate_fix,10.8513,10.8513
2007-05-09,banxico,fx_rate_fix,10.8269,10.8269
2007-05-10,banxico,fx_rate_fix,10.8178,10.8178
2007-05-11,banxico,fx_rate_fix,10.8148,10.8148
2007-05-14,banxico,fx_rate_fix,10.7987,10.7987
2007-05-15,banxico,fx_rate_fix,10.8032,10.8032
2007-05-16,banxico,fx_rate_fix,10.7905,10.7905
2007-05-17,banxico,fx_rate_fix,10.8033,10.8033
2007-05-18,banxico,fx_rate_fix,10.8223,10.8223
2007-05-21,banxico,fx_rate_fix,10.7963,10.7963
2007-05-22,banxico,fx_rate_fix,10.7598,10.7598
2007-05-23,banxico,fx_rate_fix,10.7688,10.7688
2007-05-24,banxico,fx_rate_fix,10.8354,10.8354
2007-05-25,banxico,fx_rate_fix,10.7803,10.7803
2007-05-28,banxico,fx_rate_fix,10.7788,10.7788
2007-05-29,banxico,fx_rate_fix,10.7873,10.7873
2007-05-30,banxico,fx_rate_fix,10.8180,10.818
2007-05-31,banxico,fx_rate_fix,10.7445,10.7445
2007-06-01,banxico,fx_rate_fix,10.7131,10.7131
2007-06-04,banxico,fx_rate_fix,10.7441,10.7441
2007-06-05,banxico,fx_rate_fix,10.7809,10.7809
2007-06-06,banxico,fx_rate_fix,10.8450,10.845
2007-06-07,banxico,fx_rate_fix,10.9043,10.9043
2007-06-08,banxico,fx_rate_fix,10.9702,10.9702
2007-06-11,banxico,fx_rate_fix,10.9307,10.9307
2007-06-12,banxico,fx_rate_fix,10.9331,10.9331
2007-06-13,banxico,fx_rate_fix,10.9538,10.9538
2007-06-14,banxico,fx_rate_fix,10.9012,10.9012
2007-06-15,banxico,fx_rate_fix,10.8148,10.8148
2007-06-18,banxico,fx_rate_fix,10.7760,10.776
2007-06-19,banxico,fx_rate_fix,10.7494,10.7494
2007-06-20,banxico,fx_rate_fix,10.7713,10.7713
2007-06-21,banxico,fx_rate_fix,10.8266,10.8266
2007-06-22,banxico,fx_rate_fix,10.8080,10.808
2007-06-25,banxico,fx_rate_fix,10.8189,10.8189
2007-06-26,banxico,fx_rate_fix,10.8398,10.8398
2007-06-27,banxico,fx_rate_fix,10.8661,10.8661
2007-06-28,banxico,fx_rate_fix,10.7926,10.7926
2007-06-29,banxico,fx_rate_fix,10.7946,10.7946
2007-07-02,banxico,fx_rate_fix,10.7697,10.7697
2007-07-03,banxico,fx_rate_fix,10.7698,10.7698
2007-07-04,banxico,fx_rate_fix,10.7600,10.76
2007-07-05,banxico,fx_rate_fix,10.7936,10.7936
2007-07-06,banxico,fx_rate_fix,10.7828,10.7828
2007-07-09,banxico,fx_rate_fix,10.7531,10.7531
2007-07-10,banxico,fx_rate_fix,10.7917,10.7917
2007-07-11,banxico,fx_rate_fix,10.8248,10.8248
2007-07-12,banxico,fx_rate_fix,10.7799,10.7799
2007-07-13,banxico,fx_rate_fix,10.7608,10.7608
2007-07-16,banxico,fx_rate_fix,10.7653,10.7653
2007-07-17,banxico,fx_rate_fix,10.7628,10.7628
2007-07-18,banxico,fx_rate_fix,10.7520,10.752
2007-07-19,banxico,fx_rate_fix,10.7207,10.7207
2007-07-20,banxico,fx_rate_fix,10.7843,10.7843
2007-07-23,banxico,fx_rate_fix,10.7640,10.764
2007-07-24,banxico,fx_rate_fix,10.7846,10.7846
2007-07-25,banxico,fx_rate_fix,10.8712,10.8712
2007-07-26,banxico,fx_rate_fix,10.9436,10.9436
2007-07-27,banxico,fx_rate_fix,10.9973,10.9973
2007-07-30,banxico,fx_rate_fix,10.9812,10.9812
2007-07-31,banxico,fx_rate_fix,10.9273,10.9273
2007-08-01,banxico,fx_rate_fix,10.9663,10.9663
2007-08-02,banxico,fx_rate_fix,10.9402,10.9402
2007-08-03,banxico,fx_rate_fix,10.9677,10.9677
2007-08-06,banxico,fx_rate_fix,10.9886,10.9886
2007-08-07,banxico,fx_rate_fix,10.9613,10.9613
2007-08-08,banxico,fx_rate_fix,10.9209,10.9209
2007-08-09,banxico,fx_rate_fix,10.9832,10.9832
2007-08-10,banxico,fx_rate_fix,11.0173,11.0173
2007-08-13,banxico,fx_rate_fix,10.9915,10.9915
2007-08-14,banxico,fx_rate_fix,11.0549,11.0549
2007-08-15,banxico,fx_rate_fix,11.1148,11.1148
2007-08-16,banxico,fx_rate_fix,11.2676,11.2676
2007-08-17,banxico,fx_rate_fix,11.1259,11.1259
2007-08-20,banxico,fx_rate_fix,11.1053,11.1053
2007-08-21,banxico,fx_rate_fix,11.1213,11.1213
2007-08-22,banxico,fx_rate_fix,11.0736,11.0736
2007-08-23,banxico,fx_rate_fix,11.0489,11.0489
2007-08-24,banxico,fx_rate_fix,11.0413,11.0413
2007-08-27,banxico,fx_rate_fix,11.0382,11.0382
2007-08-28,banxico,fx_rate_fix,11.0920,11.092
2007-08-29,banxico,fx_rate_fix,11.1062,11.1062
2007-08-30,banxico,fx_rate_fix,11.0848,11.0848
2007-08-31,banxico,fx_rate_fix,11.0378,11.0378
2007-09-03,banxico,fx_rate_fix,11.0169,11.0169
2007-09-04,banxico,fx_rate_fix,11.0265,11.0265
2007-09-05,banxico,fx_rate_fix,11.0848,11.0848
2007-09-06,banxico,fx_rate_fix,11.0658,11.0658
2007-09-07,banxico,fx_rate_fix,11.1227,11.1227
2007-09-10,banxico,fx_rate_fix,11.1407,11.1407
2007-09-11,banxico,fx_rate_fix,11.1057,11.1057
2007-09-12,banxico,fx_rate_fix,11.0720,11.072
2007-09-13,banxico,fx_rate_fix,11.0743,11.0743
2007-09-14,banxico,fx_rate_fix,11.1110,11.111
2007-09-17,banxico,fx_rate_fix,11.1471,11.1471
2007-09-18,banxico,fx_rate_fix,11.0959,11.0959
2007-09-19,banxico,fx_rate_fix,10.9871,10.9871
2007-09-20,banxico,fx_rate_fix,10.9687,10.9687
2007-09-21,banxico,fx_rate_fix,10.9517,10.9517
2007-09-24,banxico,fx_rate_fix,10.9391,10.9391
2007-09-25,banxico,fx_rate_fix,10.9438,10.9438
2007-09-26,banxico,fx_rate_fix,10.9243,10.9243
2007-09-27,banxico,fx_rate_fix,10.9203,10.9203
2007-09-28,banxico,fx_rate_fix,10.9315,10.9315
2007-10-01,banxico,fx_rate_fix,10.9224,10.9224
2007-10-02,banxico,fx_rate_fix,10.9210,10.921
2007-10-03,banxico,fx_rate_fix,10.8685,10.8685
2007-10-04,banxico,fx_rate_fix,10.8963,10.8963
2007-10-05,banxico,fx_rate_fix,10.8557,10.8557
2007-10-08,banxico,fx_rate_fix,10.8589,10.8589
2007-10-09,banxico,fx_rate_fix,10.8379,10.8379
2007-10-10,banxico,fx_rate_fix,10.8383,10.8383
2007-10-11,banxico,fx_rate_fix,10.8101,10.8101
2007-10-12,banxico,fx_rate_fix,10.8252,10.8252
2007-10-15,banxico,fx_rate_fix,10.8133,10.8133
2007-10-16,banxico,fx_rate_fix,10.8418,10.8418
2007-10-17,banxico,fx_rate_fix,10.8181,10.8181
2007-10-18,banxico,fx_rate_fix,10.8133,10.8133
2007-10-19,banxico,fx_rate_fix,10.7976,10.7976
2007-10-22,banxico,fx_rate_fix,10.8404,10.8404
2007-10-23,banxico,fx_rate_fix,10.8240,10.824
2007-10-24,banxico,fx_rate_fix,10.8348,10.8348
2007-10-25,banxico,fx_rate_fix,10.8291,10.8291
2007-10-26,banxico,fx_rate_fix,10.7523,10.7523
2007-10-29,banxico,fx_rate_fix,10.7112,10.7112
2007-10-30,banxico,fx_rate_fix,10.7198,10.7198
2007-10-31,banxico,fx_rate_fix,10.7023,10.7023
2007-11-01,banxico,fx_rate_fix,10.6639,10.6639
2007-11-05,banxico,fx_rate_fix,10.7308,10.7308
2007-11-06,banxico,fx_rate_fix,10.7046,10.7046
2007-11-07,banxico,fx_rate_fix,10.7435,10.7435
2007-11-08,banxico,fx_rate_fix,10.8108,10.8108
2007-11-09,banxico,fx_rate_fix,10.8808,10.8808
2007-11-12,banxico,fx_rate_fix,10.9378,10.9378
2007-11-13,banxico,fx_rate_fix,10.8941,10.8941
2007-11-14,banxico,fx_rate_fix,10.8685,10.8685
2007-11-15,banxico,fx_rate_fix,10.9145,10.9145
2007-11-16,banxico,fx_rate_fix,10.9353,10.9353
2007-11-20,banxico,fx_rate_fix,10.9687,10.9687
2007-11-21,banxico,fx_rate_fix,11.0037,11.0037
2007-11-22,banxico,fx_rate_fix,10.9790,10.979
2007-11-23,banxico,fx_rate_fix,10.9733,10.9733
2007-11-26,banxico,fx_rate_fix,10.9810,10.981
2007-11-27,banxico,fx_rate_fix,10.9695,10.9695
2007-11-28,banxico,fx_rate_fix,10.9345,10.9345
2007-11-29,banxico,fx_rate_fix,10.9417,10.9417
2007-11-30,banxico,fx_rate_fix,10.8968,10.8968
2007-12-03,banxico,fx_rate_fix,10.9124,10.9124
2007-12-04,banxico,fx_rate_fix,10.9059,10.9059
2007-12-05,banxico,fx_rate_fix,10.8592,10.8592
2007-12-06,banxico,fx_rate_fix,10.8367,10.8367
2007-12-07,banxico,fx_rate_fix,10.8128,10.8128
2007-12-10,banxico,fx_rate_fix,10.8185,10.8185
2007-12-11,banxico,fx_rate_fix,10.8025,10.8025
2007-12-13,banxico,fx_rate_fix,10.8376,10.8376
2007-12-14,banxico,fx_rate_fix,10.8249,10.8249
2007-12-17,banxico,fx_rate_fix,10.8460,10.846
2007-12-18,banxico,fx_rate_fix,10.8553,10.8553
2007-12-19,banxico,fx_rate_fix,10.8412,10.8412
2007-12-20,banxico,fx_rate_fix,10.8363,10.8363
2007-12-21,banxico,fx_rate_fix,10.8203,10.8203
2007-12-24,banxico,fx_rate_fix,10.8132,10.8132
2007-12-26,banxico,fx_rate_fix,10.8105,10.8105
2007-12-27,banxico,fx_rate_fix,10.8662,10.8662
2007-12-28,banxico,fx_rate_fix,10.9043,10.9043
2007-12-31,banxico,fx_rate_fix,10.9157,10.9157
2008-01-02,banxico,fx_rate_fix,10.8972,10.8972
2008-01-03,banxico,fx_rate_fix,10.8842,10.8842
2008-01-04,banxico,fx_rate_fix,10.9277,10.9277
2008-01-07,banxico,fx_rate_fix,10.9208,10.9208
2008-01-08,banxico,fx_rate_fix,10.8850,10.885
2008-01-09,banxico,fx_rate_fix,10.9620,10.962
2008-01-10,banxico,fx_rate_fix,10.9572,10.9572
2008-01-11,banxico,fx_rate_fix,10.9318,10.9318
2008-01-14,banxico,fx_rate_fix,10.9140,10.914
2008-01-15,banxico,fx_rate_fix,10.9203,10.9203
2008-01-16,banxico,fx_rate_fix,10.9458,10.9458
2008-01-17,banxico,fx_rate_fix,10.9445,10.9445
2008-01-18,banxico,fx_rate_fix,10.9235,10.9235
2008-01-21,banxico,fx_rate_fix,10.9813,10.9813
2008-01-22,banxico,fx_rate_fix,10.9232,10.9232
2008-01-23,banxico,fx_rate_fix,10.9522,10.9522
2008-01-24,banxico,fx_rate_fix,10.8934,10.8934
2008-01-25,banxico,fx_rate_fix,10.8698,10.8698
2008-01-28,banxico,fx_rate_fix,10.8784,10.8784
2008-01-29,banxico,fx_rate_fix,10.8444,10.8444
2008-01-30,banxico,fx_rate_fix,10.8374,10.8374
2008-01-31,banxico,fx_rate_fix,10.8262,10.8262
2008-02-01,banxico,fx_rate_fix,10.8138,10.8138
2008-02-05,banxico,fx_rate_fix,10.8289,10.8289
2008-02-06,banxico,fx_rate_fix,10.8227,10.8227
2008-02-07,banxico,fx_rate_fix,10.8040,10.804
2008-02-08,banxico,fx_rate_fix,10.7575,10.7575
2008-02-11,banxico,fx_rate_fix,10.7736,10.7736
2008-02-12,banxico,fx_rate_fix,10.7465,10.7465
2008-02-13,banxico,fx_rate_fix,10.7509,10.7509
2008-02-14,banxico,fx_rate_fix,10.7413,10.7413
2008-02-15,banxico,fx_rate_fix,10.7653,10.7653
2008-02-18,banxico,fx_rate_fix,10.7350,10.735
2008-02-19,banxico,fx_rate_fix,10.7489,10.7489
2008-02-20,banxico,fx_rate_fix,10.7939,10.7939
2008-02-21,banxico,fx_rate_fix,10.7980,10.798
2008-02-22,banxico,fx_rate_fix,10.7818,10.7818
2008-02-25,banxico,fx_rate_fix,10.7855,10.7855
2008-02-26,banxico,fx_rate_fix,10.7430,10.743
2008-02-27,banxico,fx_rate_fix,10.7344,10.7344
2008-02-28,banxico,fx_rate_fix,10.6813,10.6813
2008-02-29,banxico,fx_rate_fix,10.7243,10.7243
2008-03-03,banxico,fx_rate_fix,10.7046,10.7046
2008-03-04,banxico,fx_rate_fix,10.7098,10.7098
2008-03-05,banxico,fx_rate_fix,10.6978,10.6978
2008-03-06,banxico,fx_rate_fix,10.7649,10.7649
2008-03-07,banxico,fx_rate_fix,10.8383,10.8383
2008-03-10,banxico,fx_rate_fix,10.8478,10.8478
2008-03-11,banxico,fx_rate_fix,10.7965,10.7965
2008-03-12,banxico,fx_rate_fix,10.7735,10.7735
2008-03-13,banxico,fx_rate_fix,10.7778,10.7778
2008-03-14,banxico,fx_rate_fix,10.7613,10.7613
2008-03-18,banxico,fx_rate_fix,10.7040,10.704
2008-03-19,banxico,fx_rate_fix,10.6944,10.6944
2008-03-24,banxico,fx_rate_fix,10.6748,10.6748
2008-03-25,banxico,fx_rate_fix,10.6793,10.6793
2008-03-26,banxico,fx_rate_fix,10.6957,10.6957
2008-03-27,banxico,fx_rate_fix,10.6962,10.6962
2008-03-28,banxico,fx_rate_fix,10.6987,10.6987
2008-03-31,banxico,fx_rate_fix,10.6482,10.6482
2008-04-01,banxico,fx_rate_fix,10.5985,10.5985
2008-04-02,banxico,fx_rate_fix,10.5557,10.5557
2008-04-03,banxico,fx_rate_fix,10.5644,10.5644
2008-04-04,banxico,fx_rate_fix,10.5590,10.559
2008-04-07,banxico,fx_rate_fix,10.5395,10.5395
2008-04-08,banxico,fx_rate_fix,10.5610,10.561
2008-04-09,banxico,fx_rate_fix,10.5552,10.5552
2008-04-10,banxico,fx_rate_fix,10.5503,10.5503
2008-04-11,banxico,fx_rate_fix,10.5337,10.5337
2008-04-14,banxico,fx_rate_fix,10.4919,10.4919
2008-04-15,banxico,fx_rate_fix,10.4843,10.4843
2008-04-16,banxico,fx_rate_fix,10.4579,10.4579
2008-04-17,banxico,fx_rate_fix,10.4828,10.4828
2008-04-18,banxico,fx_rate_fix,10.4610,10.461
2008-04-21,banxico,fx_rate_fix,10.5223,10.5223
2008-04-22,banxico,fx_rate_fix,10.5181,10.5181
2008-04-23,banxico,fx_rate_fix,10.4868,10.4868
2008-04-24,banxico,fx_rate_fix,10.4620,10.462
2008-04-25,banxico,fx_rate_fix,10.4702,10.4702
2008-04-28,banxico,fx_rate_fix,10.4464,10.4464
2008-04-29,banxico,fx_rate_fix,10.5272,10.5272
2008-04-30,banxico,fx_rate_fix,10.5095,10.5095
2008-05-02,banxico,fx_rate_fix,10.4585,10.4585
2008-05-05,banxico,fx_rate_fix,10.4687,10.4687
2008-05-06,banxico,fx_rate_fix,10.4937,10.4937
2008-05-07,banxico,fx_rate_fix,10.5390,10.539
2008-05-08,banxico,fx_rate_fix,10.5465,10.5465
2008-05-09,banxico,fx_rate_fix,10.5666,10.5666
2008-05-12,banxico,fx_rate_fix,10.5058,10.5058
2008-05-13,banxico,fx_rate_fix,10.4835,10.4835
2008-05-14,banxico,fx_rate_fix,10.4884,10.4884
2008-05-15,banxico,fx_rate_fix,10.4769,10.4769
2008-05-16,banxico,fx_rate_fix,10.4266,10.4266
2008-05-19,banxico,fx_rate_fix,10.3792,10.3792
2008-05-20,banxico,fx_rate_fix,10.4002,10.4002
2008-05-21,banxico,fx_rate_fix,10.3644,10.3644
2008-05-22,banxico,fx_rate_fix,10.3810,10.381
2008-05-23,banxico,fx_rate_fix,10.4000,10.4
2008-05-26,banxico,fx_rate_fix,10.3848,10.3848
2008-05-27,banxico,fx_rate_fix,10.3925,10.3925
2008-05-28,banxico,fx_rate_fix,10.3447,10.3447
2008-05-29,banxico,fx_rate_fix,10.3066,10.3066
2008-05-30,banxico,fx_rate_fix,10.3306,10.3306
2008-06-02,banxico,fx_rate_fix,10.3417,10.3417
2008-06-03,banxico,fx_rate_fix,10.2992,10.2992
2008-06-04,banxico,fx_rate_fix,10.3211,10.3211
2008-06-05,banxico,fx_rate_fix,10.3108,10.3108
2008-06-06,banxico,fx_rate_fix,10.3582,10.3582
2008-06-09,banxico,fx_rate_fix,10.3620,10.362
2008-06-10,banxico,fx_rate_fix,10.3847,10.3847
2008-06-11,banxico,fx_rate_fix,10.4268,10.4268
2008-06-12,banxico,fx_rate_fix,10.3950,10.395
2008-06-13,banxico,fx_rate_fix,10.3655,10.3655
2008-06-16,banxico,fx_rate_fix,10.3399,10.3399
2008-06-17,banxico,fx_rate_fix,10.3153,10.3153
2008-06-18,banxico,fx_rate_fix,10.2935,10.2935
2008-06-19,banxico,fx_rate_fix,10.3156,10.3156
2008-06-20,banxico,fx_rate_fix,10.2753,10.2753
2008-06-23,banxico,fx_rate_fix,10.3032,10.3032
2008-06-24,banxico,fx_rate_fix,10.3180,10.318
2008-06-25,banxico,fx_rate_fix,10.2938,10.2938
2008-06-26,banxico,fx_rate_fix,10.2841,10.2841
2008-06-27,banxico,fx_rate_fix,10.3028,10.3028
2008-06-30,banxico,fx_rate_fix,10.3069,10.3069
2008-07-01,banxico,fx_rate_fix,10.3908,10.3908
2008-07-02,banxico,fx_rate_fix,10.3722,10.3722
2008-07-03,banxico,fx_rate_fix,10.3692,10.3692
2008-07-04,banxico,fx_rate_fix,10.3411,10.3411
2008-07-07,banxico,fx_rate_fix,10.3263,10.3263
2008-07-08,banxico,fx_rate_fix,10.3363,10.3363
2008-07-09,banxico,fx_rate_fix,10.2993,10.2993
2008-07-10,banxico,fx_rate_fix,10.3076,10.3076
2008-07-11,banxico,fx_rate_fix,10.3120,10.312
2008-07-14,banxico,fx_rate_fix,10.2925,10.2925
2008-07-15,banxico,fx_rate_fix,10.3229,10.3229
2008-07-16,banxico,fx_rate_fix,10.2608,10.2608
2008-07-17,banxico,fx_rate_fix,10.2311,10.2311
2008-07-18,banxico,fx_rate_fix,10.2047,10.2047
2008-07-21,banxico,fx_rate_fix,10.1708,10.1708
2008-07-22,banxico,fx_rate_fix,10.1178,10.1178
2008-07-23,banxico,fx_rate_fix,10.0552,10.0552
2008-07-24,banxico,fx_rate_fix,10.0264,10.0264
2008-07-25,banxico,fx_rate_fix,10.0190,10.019
2008-07-28,banxico,fx_rate_fix,10.0706,10.0706
2008-07-29,banxico,fx_rate_fix,10.0610,10.061
2008-07-30,banxico,fx_rate_fix,10.0340,10.034
2008-07-31,banxico,fx_rate_fix,10.0353,10.0353
2008-08-01,banxico,fx_rate_fix,9.9705,9.9705
2008-08-04,banxico,fx_rate_fix,9.9335,9.9335
2008-08-05,banxico,fx_rate_fix,9.9180,9.918
2008-08-06,banxico,fx_rate_fix,9.9485,9.9485
2008-08-07,banxico,fx_rate_fix,9.9877,9.9877
2008-08-08,banxico,fx_rate_fix,10.1305,10.1305
2008-08-11,banxico,fx_rate_fix,10.1295,10.1295
2008-08-12,banxico,fx_rate_fix,10.1590,10.159
2008-08-13,banxico,fx_rate_fix,10.1968,10.1968
2008-08-14,banxico,fx_rate_fix,10.1586,10.1586
2008-08-15,banxico,fx_rate_fix,10.1966,10.1966
2008-08-18,banxico,fx_rate_fix,10.1395,10.1395
2008-08-19,banxico,fx_rate_fix,10.1867,10.1867
2008-08-20,banxico,fx_rate_fix,10.1343,10.1343
2008-08-21,banxico,fx_rate_fix,10.1106,10.1106
2008-08-22,banxico,fx_rate_fix,10.0991,10.0991
2008-08-25,banxico,fx_rate_fix,10.1183,10.1183
2008-08-26,banxico,fx_rate_fix,10.1730,10.173
2008-08-27,banxico,fx_rate_fix,10.1421,10.1421
2008-08-28,banxico,fx_rate_fix,10.1822,10.1822
2008-08-29,banxico,fx_rate_fix,10.2847,10.2847
2008-09-01,banxico,fx_rate_fix,10.3423,10.3423
2008-09-02,banxico,fx_rate_fix,10.3781,10.3781
2008-09-03,banxico,fx_rate_fix,10.3852,10.3852
2008-09-04,banxico,fx_rate_fix,10.4658,10.4658
2008-09-05,banxico,fx_rate_fix,10.5143,10.5143
2008-09-08,banxico,fx_rate_fix,10.4810,10.481
2008-09-09,banxico,fx_rate_fix,10.5013,10.5013
2008-09-10,banxico,fx_rate_fix,10.5862,10.5862
2008-09-11,banxico,fx_rate_fix,10.6745,10.6745
2008-09-12,banxico,fx_rate_fix,10.5828,10.5828
2008-09-15,banxico,fx_rate_fix,10.7054,10.7054
2008-09-17,banxico,fx_rate_fix,10.8702,10.8702
2008-09-18,banxico,fx_rate_fix,10.8365,10.8365
2008-09-19,banxico,fx_rate_fix,10.6133,10.6133
2008-09-22,banxico,fx_rate_fix,10.5879,10.5879
2008-09-23,banxico,fx_rate_fix,10.7264,10.7264
2008-09-24,banxico,fx_rate_fix,10.7879,10.7879
2008-09-25,banxico,fx_rate_fix,10.7653,10.7653
2008-09-26,banxico,fx_rate_fix,10.7919,10.7919
2008-09-29,banxico,fx_rate_fix,10.9397,10.9397
2008-09-30,banxico,fx_rate_fix,10.9814,10.9814
2008-10-01,banxico,fx_rate_fix,10.9811,10.9811
2008-10-02,banxico,fx_rate_fix,11.1296,11.1296
2008-10-03,banxico,fx_rate_fix,11.1188,11.1188
2008-10-06,banxico,fx_rate_fix,11.7667,11.7667
2008-10-07,banxico,fx_rate_fix,12.1196,12.1196
2008-10-08,banxico,fx_rate_fix,13.0417,13.0417
2008-10-09,banxico,fx_rate_fix,12.4433,12.4433
2008-10-10,banxico,fx_rate_fix,13.0867,13.0867
2008-10-13,banxico,fx_rate_fix,12.3743,12.3743
2008-10-14,banxico,fx_rate_fix,12.3450,12.345
2008-10-15,banxico,fx_rate_fix,12.7192,12.7192
2008-10-16,banxico,fx_rate_fix,13.0633,13.0633
2008-10-17,banxico,fx_rate_fix,12.8475,12.8475
2008-10-20,banxico,fx_rate_fix,12.7617,12.7617
2008-10-21,banxico,fx_rate_fix,13.1233,13.1233
2008-10-22,banxico,fx_rate_fix,13.5592,13.5592
2008-10-23,banxico,fx_rate_fix,13.5025,13.5025
2008-10-24,banxico,fx_rate_fix,13.4000,13.4
2008-10-27,banxico,fx_rate_fix,13.3083,13.3083
2008-10-28,banxico,fx_rate_fix,13.3692,13.3692
2008-10-29,banxico,fx_rate_fix,12.9142,12.9142
2008-10-30,banxico,fx_rate_fix,12.8342,12.8342
2008-10-31,banxico,fx_rate_fix,12.7125,12.7125
2008-11-03,banxico,fx_rate_fix,12.7875,12.7875
2008-11-04,banxico,fx_rate_fix,12.4862,12.4862
2008-11-05,banxico,fx_rate_fix,12.6042,12.6042
2008-11-06,banxico,fx_rate_fix,12.9500,12.95
2008-11-07,banxico,fx_rate_fix,12.8392,12.8392
2008-11-10,banxico,fx_rate_fix,12.7850,12.785
2008-11-11,banxico,fx_rate_fix,12.9892,12.9892
2008-11-12,banxico,fx_rate_fix,13.0875,13.0875
2008-11-13,banxico,fx_rate_fix,13.1663,13.1663
2008-11-14,banxico,fx_rate_fix,13.0242,13.0242
2008-11-18,banxico,fx_rate_fix,13.1950,13.195
2008-11-19,banxico,fx_rate_fix,13.1800,13.18
2008-11-20,banxico,fx_rate_fix,13.5758,13.5758
2008-11-21,banxico,fx_rate_fix,13.9183,13.9183
2008-11-24,banxico,fx_rate_fix,13.4958,13.4958
2008-11-25,banxico,fx_rate_fix,13.3142,13.3142
2008-11-26,banxico,fx_rate_fix,13.2117,13.2117
2008-11-27,banxico,fx_rate_fix,13.2325,13.2325
2008-11-28,banxico,fx_rate_fix,13.3225,13.3225
2008-12-01,banxico,fx_rate_fix,13.5800,13.58
2008-12-02,banxico,fx_rate_fix,13.5300,13.53
2008-12-03,banxico,fx_rate_fix,13.5996,13.5996
2008-12-04,banxico,fx_rate_fix,13.5358,13.5358
2008-12-05,banxico,fx_rate_fix,13.7567,13.7567
2008-12-08,banxico,fx_rate_fix,13.4597,13.4597
2008-12-09,banxico,fx_rate_fix,13.4921,13.4921
2008-12-10,banxico,fx_rate_fix,13.4722,13.4722
2008-12-11,banxico,fx_rate_fix,13.1821,13.1821
2008-12-15,banxico,fx_rate_fix,13.3317,13.3317
2008-12-16,banxico,fx_rate_fix,13.2717,13.2717
2008-12-17,banxico,fx_rate_fix,13.1275,13.1275
2008-12-18,banxico,fx_rate_fix,13.2150,13.215
2008-12-19,banxico,fx_rate_fix,13.1197,13.1197
2008-12-22,banxico,fx_rate_fix,13.1742,13.1742
2008-12-23,banxico,fx_rate_fix,13.2175,13.2175
2008-12-24,banxico,fx_rate_fix,13.3114,13.3114
2008-12-26,banxico,fx_rate_fix,13.3538,13.3538
2008-12-29,banxico,fx_rate_fix,13.5383,13.5383
2008-12-30,banxico,fx_rate_fix,13.7738,13.7738
2008-12-31,banxico,fx_rate_fix,13.8325,13.8325
2009-01-02,banxico,fx_rate_fix,13.7678,13.7678
2009-01-05,banxico,fx_rate_fix,13.5507,13.5507
2009-01-06,banxico,fx_rate_fix,13.3458,13.3458
2009-01-07,banxico,fx_rate_fix,13.4136,13.4136
2009-01-08,banxico,fx_rate_fix,13.5045,13.5045
2009-01-09,banxico,fx_rate_fix,13.7008,13.7008
2009-01-12,banxico,fx_rate_fix,13.7608,13.7608
2009-01-13,banxico,fx_rate_fix,13.8390,13.839
2009-01-14,banxico,fx_rate_fix,14.1083,14.1083
2009-01-15,banxico,fx_rate_fix,14.2192,14.2192
2009-01-16,banxico,fx_rate_fix,13.9058,13.9058
2009-01-19,banxico,fx_rate_fix,13.9777,13.9777
2009-01-20,banxico,fx_rate_fix,13.9382,13.9382
2009-01-21,banxico,fx_rate_fix,13.9145,13.9145
2009-01-22,banxico,fx_rate_fix,13.9325,13.9325
2009-01-23,banxico,fx_rate_fix,14.0950,14.095
2009-01-26,banxico,fx_rate_fix,13.9342,13.9342
2009-01-27,banxico,fx_rate_fix,14.1675,14.1675
2009-01-28,banxico,fx_rate_fix,14.1513,14.1513
2009-01-29,banxico,fx_rate_fix,14.1975,14.1975
2009-01-30,banxico,fx_rate_fix,14.3097,14.3097
2009-02-03,banxico,fx_rate_fix,14.5404,14.5404
2009-02-04,banxico,fx_rate_fix,14.4667,14.4667
2009-02-05,banxico,fx_rate_fix,14.2945,14.2945
2009-02-06,banxico,fx_rate_fix,14.1778,14.1778
2009-02-09,banxico,fx_rate_fix,14.1392,14.1392
2009-02-10,banxico,fx_rate_fix,14.3575,14.3575
2009-02-11,banxico,fx_rate_fix,14.5313,14.5313
2009-02-12,banxico,fx_rate_fix,14.6013,14.6013
2009-02-13,banxico,fx_rate_fix,14.4326,14.4326
2009-02-16,banxico,fx_rate_fix,14.5288,14.5288
2009-02-17,banxico,fx_rate_fix,14.6118,14.6118
2009-02-18,banxico,fx_rate_fix,14.6725,14.6725
2009-02-19,banxico,fx_rate_fix,14.5505,14.5505
2009-02-20,banxico,fx_rate_fix,14.8163,14.8163
2009-02-23,banxico,fx_rate_fix,14.8528,14.8528
2009-02-24,banxico,fx_rate_fix,14.8327,14.8327
2009-02-25,banxico,fx_rate_fix,14.9275,14.9275
2009-02-26,banxico,fx_rate_fix,14.9322,14.9322
2009-02-27,banxico,fx_rate_fix,15.0698,15.0698
2009-03-02,banxico,fx_rate_fix,15.3650,15.365
2009-03-03,banxico,fx_rate_fix,15.3372,15.3372
2009-03-04,banxico,fx_rate_fix,15.2178,15.2178
2009-03-05,banxico,fx_rate_fix,15.2855,15.2855
2009-03-06,banxico,fx_rate_fix,15.2633,15.2633
2009-03-09,banxico,fx_rate_fix,15.3517,15.3517
2009-03-10,banxico,fx_rate_fix,15.3142,15.3142
2009-03-11,banxico,fx_rate_fix,15.1145,15.1145
2009-03-12,banxico,fx_rate_fix,14.9083,14.9083
2009-03-13,banxico,fx_rate_fix,14.5690,14.569
2009-03-17,banxico,fx_rate_fix,14.0502,14.0502
2009-03-18,banxico,fx_rate_fix,14.1457,14.1457
2009-03-19,banxico,fx_rate_fix,14.0800,14.08
2009-03-20,banxico,fx_rate_fix,14.1480,14.148
2009-03-23,banxico,fx_rate_fix,14.3204,14.3204
2009-03-24,banxico,fx_rate_fix,14.2683,14.2683
2009-03-25,banxico,fx_rate_fix,14.2358,14.2358
2009-03-26,banxico,fx_rate_fix,14.2163,14.2163
2009-03-27,banxico,fx_rate_fix,14.3317,14.3317
2009-03-30,banxico,fx_rate_fix,14.3855,14.3855
2009-03-31,banxico,fx_rate_fix,14.1517,14.1517
2009-04-01,banxico,fx_rate_fix,13.9108,13.9108
2009-04-02,banxico,fx_rate_fix,13.7924,13.7924
2009-04-03,banxico,fx_rate_fix,13.6137,13.6137
2009-04-06,banxico,fx_rate_fix,13.6325,13.6325
2009-04-07,banxico,fx_rate_fix,13.5712,13.5712
2009-04-08,banxico,fx_rate_fix,13.3648,13.3648
2009-04-13,banxico,fx_rate_fix,13.0914,13.0914
2009-04-14,banxico,fx_rate_fix,13.0860,13.086
2009-04-15,banxico,fx_rate_fix,13.1683,13.1683
2009-04-16,banxico,fx_rate_fix,13.0511,13.0511
2009-04-17,banxico,fx_rate_fix,13.1558,13.1558
2009-04-20,banxico,fx_rate_fix,13.3200,13.32
2009-04-21,banxico,fx_rate_fix,13.1750,13.175
2009-04-22,banxico,fx_rate_fix,13.1457,13.1457
2009-04-23,banxico,fx_rate_fix,13.3099,13.3099
2009-04-24,banxico,fx_rate_fix,13.2318,13.2318
2009-04-27,banxico,fx_rate_fix,13.7550,13.755
2009-04-28,banxico,fx_rate_fix,13.8667,13.8667
2009-04-29,banxico,fx_rate_fix,13.6485,13.6485
2009-04-30,banxico,fx_rate_fix,13.8443,13.8443
2009-05-04,banxico,fx_rate_fix,13.3500,13.35
2009-05-05,banxico,fx_rate_fix,13.2242,13.2242
2009-05-06,banxico,fx_rate_fix,13.2268,13.2268
2009-05-07,banxico,fx_rate_fix,13.1103,13.1103
2009-05-08,banxico,fx_rate_fix,13.1067,13.1067
2009-05-11,banxico,fx_rate_fix,13.1008,13.1008
2009-05-12,banxico,fx_rate_fix,13.2208,13.2208
2009-05-13,banxico,fx_rate_fix,13.3177,13.3177
2009-05-14,banxico,fx_rate_fix,13.2983,13.2983
2009-05-15,banxico,fx_rate_fix,13.2058,13.2058
2009-05-18,banxico,fx_rate_fix,13.1363,13.1363
2009-05-19,banxico,fx_rate_fix,12.9680,12.968
2009-05-20,banxico,fx_rate_fix,12.8695,12.8695
2009-05-21,banxico,fx_rate_fix,13.1030,13.103
2009-05-22,banxico,fx_rate_fix,13.1728,13.1728
2009-05-25,banxico,fx_rate_fix,13.1375,13.1375
2009-05-26,banxico,fx_rate_fix,13.1338,13.1338
2009-05-27,banxico,fx_rate_fix,13.1590,13.159
2009-05-28,banxico,fx_rate_fix,13.2337,13.2337
2009-05-29,banxico,fx_rate_fix,13.1667,13.1667
2009-06-01,banxico,fx_rate_fix,13.1550,13.155
2009-06-02,banxico,fx_rate_fix,13.2609,13.2609
2009-06-03,banxico,fx_rate_fix,13.3172,13.3172
2009-06-04,banxico,fx_rate_fix,13.2675,13.2675
2009-06-05,banxico,fx_rate_fix,13.2768,13.2768
2009-06-08,banxico,fx_rate_fix,13.4500,13.45
2009-06-09,banxico,fx_rate_fix,13.4793,13.4793
2009-06-10,banxico,fx_rate_fix,13.6507,13.6507
2009-06-11,banxico,fx_rate_fix,13.4581,13.4581
2009-06-12,banxico,fx_rate_fix,13.3997,13.3997
2009-06-15,banxico,fx_rate_fix,13.4523,13.4523
2009-06-16,banxico,fx_rate_fix,13.3525,13.3525
2009-06-17,banxico,fx_rate_fix,13.4698,13.4698
2009-06-18,banxico,fx_rate_fix,13.3694,13.3694
2009-06-19,banxico,fx_rate_fix,13.3248,13.3248
2009-06-22,banxico,fx_rate_fix,13.3782,13.3782
2009-06-23,banxico,fx_rate_fix,13.3187,13.3187
2009-06-24,banxico,fx_rate_fix,13.3051,13.3051
2009-06-25,banxico,fx_rate_fix,13.2778,13.2778
2009-06-26,banxico,fx_rate_fix,13.2023,13.2023
2009-06-29,banxico,fx_rate_fix,13.1812,13.1812
2009-06-30,banxico,fx_rate_fix,13.1722,13.1722
2009-07-01,banxico,fx_rate_fix,13.0972,13.0972
2009-07-02,banxico,fx_rate_fix,13.1695,13.1695
2009-07-03,banxico,fx_rate_fix,13.2428,13.2428
2009-07-06,banxico,fx_rate_fix,13.2547,13.2547
2009-07-07,banxico,fx_rate_fix,13.2724,13.2724
2009-07-08,banxico,fx_rate_fix,13.4333,13.4333
2009-07-09,banxico,fx_rate_fix,13.5758,13.5758
2009-07-10,banxico,fx_rate_fix,13.7052,13.7052
2009-07-13,banxico,fx_rate_fix,13.8105,13.8105
2009-07-14,banxico,fx_rate_fix,13.7645,13.7645
2009-07-15,banxico,fx_rate_fix,13.6526,13.6526
2009-07-16,banxico,fx_rate_fix,13.5870,13.587
2009-07-17,banxico,fx_rate_fix,13.3895,13.3895
2009-07-20,banxico,fx_rate_fix,13.3158,13.3158
2009-07-21,banxico,fx_rate_fix,13.2879,13.2879
2009-07-22,banxico,fx_rate_fix,13.2312,13.2312
2009-07-23,banxico,fx_rate_fix,13.1915,13.1915
2009-07-24,banxico,fx_rate_fix,13.2247,13.2247
2009-07-27,banxico,fx_rate_fix,13.2167,13.2167
2009-07-28,banxico,fx_rate_fix,13.2825,13.2825
2009-07-29,banxico,fx_rate_fix,13.2643,13.2643
2009-07-30,banxico,fx_rate_fix,13.2223,13.2223
2009-07-31,banxico,fx_rate_fix,13.2125,13.2125
2009-08-03,banxico,fx_rate_fix,13.1293,13.1293
2009-08-04,banxico,fx_rate_fix,13.1073,13.1073
2009-08-05,banxico,fx_rate_fix,13.1050,13.105
2009-08-06,banxico,fx_rate_fix,12.9926,12.9926
2009-08-07,banxico,fx_rate_fix,12.9349,12.9349
2009-08-10,banxico,fx_rate_fix,12.9220,12.922
2009-08-11,banxico,fx_rate_fix,12.9937,12.9937
2009-08-12,banxico,fx_rate_fix,12.9970,12.997
2009-08-13,banxico,fx_rate_fix,12.8658,12.8658
2009-08-14,banxico,fx_rate_fix,12.8766,12.8766
2009-08-17,banxico,fx_rate_fix,12.9963,12.9963
2009-08-18,banxico,fx_rate_fix,12.9555,12.9555
2009-08-19,banxico,fx_rate_fix,12.9159,12.9159
2009-08-20,banxico,fx_rate_fix,12.8733,12.8733
2009-08-21,banxico,fx_rate_fix,12.8227,12.8227
2009-08-24,banxico,fx_rate_fix,12.8274,12.8274
2009-08-25,banxico,fx_rate_fix,12.8975,12.8975
2009-08-26,banxico,fx_rate_fix,13.1378,13.1378
2009-08-27,banxico,fx_rate_fix,13.2462,13.2462
2009-08-28,banxico,fx_rate_fix,13.2579,13.2579
2009-08-31,banxico,fx_rate_fix,13.3140,13.314
2009-09-01,banxico,fx_rate_fix,13.5246,13.5246
2009-09-02,banxico,fx_rate_fix,13.6427,13.6427
2009-09-03,banxico,fx_rate_fix,13.5898,13.5898
2009-09-04,banxico,fx_rate_fix,13.4658,13.4658
2009-09-07,banxico,fx_rate_fix,13.3646,13.3646
2009-09-08,banxico,fx_rate_fix,13.2826,13.2826
2009-09-09,banxico,fx_rate_fix,13.3923,13.3923
2009-09-10,banxico,fx_rate_fix,13.4582,13.4582
2009-09-11,banxico,fx_rate_fix,13.3432,13.3432
2009-09-14,banxico,fx_rate_fix,13.3892,13.3892
2009-09-15,banxico,fx_rate_fix,13.3475,13.3475
2009-09-17,banxico,fx_rate_fix,13.2300,13.23
2009-09-18,banxico,fx_rate_fix,13.2413,13.2413
2009-09-21,banxico,fx_rate_fix,13.3530,13.353
2009-09-22,banxico,fx_rate_fix,13.3186,13.3186
2009-09-23,banxico,fx_rate_fix,13.3733,13.3733
2009-09-24,banxico,fx_rate_fix,13.4549,13.4549
2009-09-25,banxico,fx_rate_fix,13.5243,13.5243
2009-09-28,banxico,fx_rate_fix,13.5042,13.5042
2009-09-29,banxico,fx_rate_fix,13.5513,13.5513
2009-09-30,banxico,fx_rate_fix,13.4928,13.4928
2009-10-01,banxico,fx_rate_fix,13.6242,13.6242
2009-10-02,banxico,fx_rate_fix,13.6773,13.6773
2009-10-05,banxico,fx_rate_fix,13.6550,13.655
2009-10-06,banxico,fx_rate_fix,13.4943,13.4943
2009-10-07,banxico,fx_rate_fix,13.4673,13.4673
2009-10-08,banxico,fx_rate_fix,13.3227,13.3227
2009-10-09,banxico,fx_rate_fix,13.2550,13.255
2009-10-12,banxico,fx_rate_fix,13.2178,13.2178
2009-10-13,banxico,fx_rate_fix,13.1774,13.1774
2009-10-14,banxico,fx_rate_fix,13.0779,13.0779
2009-10-15,banxico,fx_rate_fix,13.0884,13.0884
2009-10-16,banxico,fx_rate_fix,13.1057,13.1057
2009-10-19,banxico,fx_rate_fix,13.0840,13.084
2009-10-20,banxico,fx_rate_fix,12.9407,12.9407
2009-10-21,banxico,fx_rate_fix,12.9196,12.9196
2009-10-22,banxico,fx_rate_fix,12.9495,12.9495
2009-10-23,banxico,fx_rate_fix,12.9798,12.9798
2009-10-26,banxico,fx_rate_fix,13.1490,13.149
2009-10-27,banxico,fx_rate_fix,13.2662,13.2662
2009-10-28,banxico,fx_rate_fix,13.2823,13.2823
2009-10-29,banxico,fx_rate_fix,13.0825,13.0825
2009-10-30,banxico,fx_rate_fix,13.1479,13.1479
2009-11-03,banxico,fx_rate_fix,13.2908,13.2908
2009-11-04,banxico,fx_rate_fix,13.2708,13.2708
2009-11-05,banxico,fx_rate_fix,13.3430,13.343
2009-11-06,banxico,fx_rate_fix,13.3758,13.3758
2009-11-09,banxico,fx_rate_fix,13.2996,13.2996
2009-11-10,banxico,fx_rate_fix,13.2308,13.2308
2009-11-11,banxico,fx_rate_fix,13.1622,13.1622
2009-11-12,banxico,fx_rate_fix,13.2061,13.2061
2009-11-13,banxico,fx_rate_fix,13.1012,13.1012
2009-11-17,banxico,fx_rate_fix,13.0875,13.0875
2009-11-18,banxico,fx_rate_fix,12.9818,12.9818
2009-11-19,banxico,fx_rate_fix,13.0502,13.0502
2009-11-20,banxico,fx_rate_fix,13.0895,13.0895
2009-11-23,banxico,fx_rate_fix,13.0151,13.0151
2009-11-24,banxico,fx_rate_fix,12.9305,12.9305
2009-11-25,banxico,fx_rate_fix,12.8660,12.866
2009-11-26,banxico,fx_rate_fix,12.9475,12.9475
2009-11-27,banxico,fx_rate_fix,12.9139,12.9139
2009-11-30,banxico,fx_rate_fix,12.9157,12.9157
2009-12-01,banxico,fx_rate_fix,12.8557,12.8557
2009-12-02,banxico,fx_rate_fix,12.8026,12.8026
2009-12-03,banxico,fx_rate_fix,12.6658,12.6658
2009-12-04,banxico,fx_rate_fix,12.5969,12.5969
2009-12-07,banxico,fx_rate_fix,12.6558,12.6558
2009-12-08,banxico,fx_rate_fix,12.8399,12.8399
2009-12-09,banxico,fx_rate_fix,12.9862,12.9862
2009-12-10,banxico,fx_rate_fix,12.9739,12.9739
2009-12-11,banxico,fx_rate_fix,12.9253,12.9253
2009-12-14,banxico,fx_rate_fix,12.8105,12.8105
2009-12-15,banxico,fx_rate_fix,12.7234,12.7234
2009-12-16,banxico,fx_rate_fix,12.6980,12.698
2009-12-17,banxico,fx_rate_fix,12.9331,12.9331
2009-12-18,banxico,fx_rate_fix,12.8979,12.8979
2009-12-21,banxico,fx_rate_fix,12.8121,12.8121
2009-12-22,banxico,fx_rate_fix,12.9449,12.9449
2009-12-23,banxico,fx_rate_fix,12.8896,12.8896
2009-12-24,banxico,fx_rate_fix,12.8793,12.8793
2009-12-28,banxico,fx_rate_fix,12.9288,12.9288
2009-12-29,banxico,fx_rate_fix,13.0587,13.0587
2009-12-30,banxico,fx_rate_fix,13.0437,13.0437
2009-12-31,banxico,fx_rate_fix,13.0659,13.0659
2010-01-04,banxico,fx_rate_fix,12.9226,12.9226
2010-01-05,banxico,fx_rate_fix,12.8241,12.8241
2010-01-06,banxico,fx_rate_fix,12.7489,12.7489
2010-01-07,banxico,fx_rate_fix,12.7646,12.7646
2010-01-08,banxico,fx_rate_fix,12.7243,12.7243
2010-01-11,banxico,fx_rate_fix,12.6692,12.6692
2010-01-12,banxico,fx_rate_fix,12.7291,12.7291
2010-01-13,banxico,fx_rate_fix,12.7698,12.7698
2010-01-14,banxico,fx_rate_fix,12.7364,12.7364
2010-01-15,banxico,fx_rate_fix,12.6884,12.6884
2010-01-18,banxico,fx_rate_fix,12.6664,12.6664
2010-01-19,banxico,fx_rate_fix,12.6478,12.6478
2010-01-20,banxico,fx_rate_fix,12.7388,12.7388
2010-01-21,banxico,fx_rate_fix,12.7720,12.772
2010-01-22,banxico,fx_rate_fix,12.9412,12.9412
2010-01-25,banxico,fx_rate_fix,12.9018,12.9018
2010-01-26,banxico,fx_rate_fix,12.8549,12.8549
2010-01-27,banxico,fx_rate_fix,12.9295,12.9295
2010-01-28,banxico,fx_rate_fix,12.9975,12.9975
2010-01-29,banxico,fx_rate_fix,13.0098,13.0098
2010-02-02,banxico,fx_rate_fix,12.8699,12.8699
2010-02-03,banxico,fx_rate_fix,12.9395,12.9395
2010-02-04,banxico,fx_rate_fix,13.0687,13.0687
2010-02-05,banxico,fx_rate_fix,13.1753,13.1753
2010-02-08,banxico,fx_rate_fix,13.1640,13.164
2010-02-09,banxico,fx_rate_fix,13.0836,13.0836
2010-02-10,banxico,fx_rate_fix,13.0601,13.0601
2010-02-11,banxico,fx_rate_fix,13.0609,13.0609
2010-02-12,banxico,fx_rate_fix,12.9764,12.9764
2010-02-15,banxico,fx_rate_fix,12.9420,12.942
2010-02-16,banxico,fx_rate_fix,12.8683,12.8683
2010-02-17,banxico,fx_rate_fix,12.8781,12.8781
2010-02-18,banxico,fx_rate_fix,12.8442,12.8442
2010-02-19,banxico,fx_rate_fix,12.8337,12.8337
2010-02-22,banxico,fx_rate_fix,12.8017,12.8017
2010-02-23,banxico,fx_rate_fix,12.8584,12.8584
2010-02-24,banxico,fx_rate_fix,12.8539,12.8539
2010-02-25,banxico,fx_rate_fix,12.8503,12.8503
2010-02-26,banxico,fx_rate_fix,12.7769,12.7769
2010-03-01,banxico,fx_rate_fix,12.7454,12.7454
2010-03-02,banxico,fx_rate_fix,12.7259,12.7259
2010-03-03,banxico,fx_rate_fix,12.6900,12.69
2010-03-04,banxico,fx_rate_fix,12.7182,12.7182
2010-03-05,banxico,fx_rate_fix,12.6557,12.6557
2010-03-08,banxico,fx_rate_fix,12.6618,12.6618
2010-03-09,banxico,fx_rate_fix,12.6574,12.6574
2010-03-10,banxico,fx_rate_fix,12.6028,12.6028
2010-03-11,banxico,fx_rate_fix,12.6192,12.6192
2010-03-12,banxico,fx_rate_fix,12.5527,12.5527
2010-03-16,banxico,fx_rate_fix,12.5254,12.5254
2010-03-17,banxico,fx_rate_fix,12.4892,12.4892
2010-03-18,banxico,fx_rate_fix,12.4729,12.4729
2010-03-19,banxico,fx_rate_fix,12.5796,12.5796
2010-03-22,banxico,fx_rate_fix,12.6052,12.6052
2010-03-23,banxico,fx_rate_fix,12.5284,12.5284
2010-03-24,banxico,fx_rate_fix,12.5381,12.5381
2010-03-25,banxico,fx_rate_fix,12.5009,12.5009
2010-03-26,banxico,fx_rate_fix,12.5426,12.5426
2010-03-29,banxico,fx_rate_fix,12.4640,12.464
2010-03-30,banxico,fx_rate_fix,12.4145,12.4145
2010-03-31,banxico,fx_rate_fix,12.3306,12.3306
2010-04-05,banxico,fx_rate_fix,12.2658,12.2658
2010-04-06,banxico,fx_rate_fix,12.2454,12.2454
2010-04-07,banxico,fx_rate_fix,12.2218,12.2218
2010-04-08,banxico,fx_rate_fix,12.2488,12.2488
2010-04-09,banxico,fx_rate_fix,12.1997,12.1997
2010-04-12,banxico,fx_rate_fix,12.1808,12.1808
2010-04-13,banxico,fx_rate_fix,12.2122,12.2122
2010-04-14,banxico,fx_rate_fix,12.1827,12.1827
2010-04-15,banxico,fx_rate_fix,12.1934,12.1934
2010-04-16,banxico,fx_rate_fix,12.2356,12.2356
2010-04-19,banxico,fx_rate_fix,12.3064,12.3064
2010-04-20,banxico,fx_rate_fix,12.2188,12.2188
2010-04-21,banxico,fx_rate_fix,12.1896,12.1896
2010-04-22,banxico,fx_rate_fix,12.2405,12.2405
2010-04-23,banxico,fx_rate_fix,12.1973,12.1973
2010-04-26,banxico,fx_rate_fix,12.1575,12.1575
2010-04-27,banxico,fx_rate_fix,12.2278,12.2278
2010-04-28,banxico,fx_rate_fix,12.3698,12.3698
2010-04-29,banxico,fx_rate_fix,12.2465,12.2465
2010-04-30,banxico,fx_rate_fix,12.2626,12.2626
2010-05-03,banxico,fx_rate_fix,12.2605,12.2605
2010-05-04,banxico,fx_rate_fix,12.4288,12.4288
2010-05-05,banxico,fx_rate_fix,12.6635,12.6635
2010-05-06,banxico,fx_rate_fix,12.7884,12.7884
2010-05-07,banxico,fx_rate_fix,12.9179,12.9179
2010-05-10,banxico,fx_rate_fix,12.5297,12.5297
2010-05-11,banxico,fx_rate_fix,12.5025,12.5025
2010-05-12,banxico,fx_rate_fix,12.4351,12.4351
2010-05-13,banxico,fx_rate_fix,12.3501,12.3501
2010-05-14,banxico,fx_rate_fix,12.5684,12.5684
2010-05-17,banxico,fx_rate_fix,12.6926,12.6926
2010-05-18,banxico,fx_rate_fix,12.5787,12.5787
2010-05-19,banxico,fx_rate_fix,12.9138,12.9138
2010-05-20,banxico,fx_rate_fix,13.1412,13.1412
2010-05-21,banxico,fx_rate_fix,13.0338,13.0338
2010-05-24,banxico,fx_rate_fix,12.9588,12.9588
2010-05-25,banxico,fx_rate_fix,13.1819,13.1819
2010-05-26,banxico,fx_rate_fix,12.9955,12.9955
2010-05-27,banxico,fx_rate_fix,12.8846,12.8846
2010-05-28,banxico,fx_rate_fix,12.8589,12.8589
2010-05-31,banxico,fx_rate_fix,12.9146,12.9146
2010-06-01,banxico,fx_rate_fix,12.9012,12.9012
2010-06-02,banxico,fx_rate_fix,12.8625,12.8625
2010-06-03,banxico,fx_rate_fix,12.7644,12.7644
2010-06-04,banxico,fx_rate_fix,12.8603,12.8603
2010-06-07,banxico,fx_rate_fix,12.9202,12.9202
2010-06-08,banxico,fx_rate_fix,12.9288,12.9288
2010-06-09,banxico,fx_rate_fix,12.8093,12.8093
2010-06-10,banxico,fx_rate_fix,12.7441,12.7441
2010-06-11,banxico,fx_rate_fix,12.6748,12.6748
2010-06-14,banxico,fx_rate_fix,12.5974,12.5974
2010-06-15,banxico,fx_rate_fix,12.6001,12.6001
2010-06-16,banxico,fx_rate_fix,12.5878,12.5878
2010-06-17,banxico,fx_rate_fix,12.5925,12.5925
2010-06-18,banxico,fx_rate_fix,12.5400,12.54
2010-06-21,banxico,fx_rate_fix,12.4604,12.4604
2010-06-22,banxico,fx_rate_fix,12.5246,12.5246
2010-06-23,banxico,fx_rate_fix,12.6984,12.6984
2010-06-24,banxico,fx_rate_fix,12.7141,12.7141
2010-06-25,banxico,fx_rate_fix,12.7042,12.7042
2010-06-28,banxico,fx_rate_fix,12.6567,12.6567
2010-06-29,banxico,fx_rate_fix,12.8394,12.8394
2010-06-30,banxico,fx_rate_fix,12.8441,12.8441
2010-07-01,banxico,fx_rate_fix,13.0325,13.0325
2010-07-02,banxico,fx_rate_fix,13.0590,13.059
2010-07-05,banxico,fx_rate_fix,13.0953,13.0953
2010-07-06,banxico,fx_rate_fix,12.9308,12.9308
2010-07-07,banxico,fx_rate_fix,12.8975,12.8975
2010-07-08,banxico,fx_rate_fix,12.8232,12.8232
2010-07-09,banxico,fx_rate_fix,12.7859,12.7859
2010-07-12,banxico,fx_rate_fix,12.8233,12.8233
2010-07-13,banxico,fx_rate_fix,12.7140,12.714
2010-07-14,banxico,fx_rate_fix,12.7176,12.7176
2010-07-15,banxico,fx_rate_fix,12.7795,12.7795
2010-07-16,banxico,fx_rate_fix,12.9013,12.9013
2010-07-19,banxico,fx_rate_fix,12.9162,12.9162
2010-07-20,banxico,fx_rate_fix,12.8549,12.8549
2010-07-21,banxico,fx_rate_fix,12.7798,12.7798
2010-07-22,banxico,fx_rate_fix,12.7560,12.756
2010-07-23,banxico,fx_rate_fix,12.7749,12.7749
2010-07-26,banxico,fx_rate_fix,12.6975,12.6975
2010-07-27,banxico,fx_rate_fix,12.6469,12.6469
2010-07-28,banxico,fx_rate_fix,12.6798,12.6798
2010-07-29,banxico,fx_rate_fix,12.7038,12.7038
2010-07-30,banxico,fx_rate_fix,12.6455,12.6455
2010-08-02,banxico,fx_rate_fix,12.5728,12.5728
2010-08-03,banxico,fx_rate_fix,12.6048,12.6048
2010-08-04,banxico,fx_rate_fix,12.5535,12.5535
2010-08-05,banxico,fx_rate_fix,12.5367,12.5367
2010-08-06,banxico,fx_rate_fix,12.6550,12.655
2010-08-09,banxico,fx_rate_fix,12.6461,12.6461
2010-08-10,banxico,fx_rate_fix,12.6927,12.6927
2010-08-11,banxico,fx_rate_fix,12.7432,12.7432
2010-08-12,banxico,fx_rate_fix,12.7258,12.7258
2010-08-13,banxico,fx_rate_fix,12.7256,12.7256
2010-08-16,banxico,fx_rate_fix,12.6458,12.6458
2010-08-17,banxico,fx_rate_fix,12.5944,12.5944
2010-08-18,banxico,fx_rate_fix,12.6073,12.6073
2010-08-19,banxico,fx_rate_fix,12.7226,12.7226
2010-08-20,banxico,fx_rate_fix,12.7683,12.7683
2010-08-23,banxico,fx_rate_fix,12.8492,12.8492
2010-08-24,banxico,fx_rate_fix,12.9360,12.936
2010-08-25,banxico,fx_rate_fix,13.0453,13.0453
2010-08-26,banxico,fx_rate_fix,12.9840,12.984
2010-08-27,banxico,fx_rate_fix,13.0148,13.0148
2010-08-30,banxico,fx_rate_fix,13.1367,13.1367
2010-08-31,banxico,fx_rate_fix,13.1676,13.1676
2010-09-01,banxico,fx_rate_fix,13.0538,13.0538
2010-09-02,banxico,fx_rate_fix,13.0550,13.055
2010-09-03,banxico,fx_rate_fix,12.9526,12.9526
2010-09-06,banxico,fx_rate_fix,12.9395,12.9395
2010-09-07,banxico,fx_rate_fix,13.0566,13.0566
2010-09-08,banxico,fx_rate_fix,13.0034,13.0034
2010-09-09,banxico,fx_rate_fix,12.9853,12.9853
2010-09-10,banxico,fx_rate_fix,12.9616,12.9616
2010-09-13,banxico,fx_rate_fix,12.8729,12.8729
2010-09-14,banxico,fx_rate_fix,12.8355,12.8355
2010-09-15,banxico,fx_rate_fix,12.7793,12.7793
2010-09-20,banxico,fx_rate_fix,12.7623,12.7623
2010-09-21,banxico,fx_rate_fix,12.7594,12.7594
2010-09-22,banxico,fx_rate_fix,12.6886,12.6886
2010-09-23,banxico,fx_rate_fix,12.6422,12.6422
2010-09-24,banxico,fx_rate_fix,12.5491,12.5491
2010-09-27,banxico,fx_rate_fix,12.5168,12.5168
2010-09-28,banxico,fx_rate_fix,12.5011,12.5011
2010-09-29,banxico,fx_rate_fix,12.4801,12.4801
2010-09-30,banxico,fx_rate_fix,12.5998,12.5998
2010-10-01,banxico,fx_rate_fix,12.5511,12.5511
2010-10-04,banxico,fx_rate_fix,12.5875,12.5875
2010-10-05,banxico,fx_rate_fix,12.5099,12.5099
2010-10-06,banxico,fx_rate_fix,12.4779,12.4779
2010-10-07,banxico,fx_rate_fix,12.5277,12.5277
2010-10-08,banxico,fx_rate_fix,12.4895,12.4895
2010-10-11,banxico,fx_rate_fix,12.4224,12.4224
2010-10-12,banxico,fx_rate_fix,12.4320,12.432
2010-10-13,banxico,fx_rate_fix,12.3683,12.3683
2010-10-14,banxico,fx_rate_fix,12.4101,12.4101
2010-10-15,banxico,fx_rate_fix,12.4276,12.4276
2010-10-18,banxico,fx_rate_fix,12.4135,12.4135
2010-10-19,banxico,fx_rate_fix,12.4818,12.4818
2010-10-20,banxico,fx_rate_fix,12.4117,12.4117
2010-10-21,banxico,fx_rate_fix,12.3613,12.3613
2010-10-22,banxico,fx_rate_fix,12.3877,12.3877
2010-10-25,banxico,fx_rate_fix,12.3205,12.3205
2010-10-26,banxico,fx_rate_fix,12.3859,12.3859
2010-10-27,banxico,fx_rate_fix,12.4776,12.4776
2010-10-28,banxico,fx_rate_fix,12.4023,12.4023
2010-10-29,banxico,fx_rate_fix,12.3387,12.3387
2010-11-01,banxico,fx_rate_fix,12.3452,12.3452
2010-11-03,banxico,fx_rate_fix,12.3041,12.3041
2010-11-04,banxico,fx_rate_fix,12.2381,12.2381
2010-11-05,banxico,fx_rate_fix,12.2055,12.2055
2010-11-08,banxico,fx_rate_fix,12.2483,12.2483
2010-11-09,banxico,fx_rate_fix,12.2068,12.2068
2010-11-10,banxico,fx_rate_fix,12.2714,12.2714
2010-11-11,banxico,fx_rate_fix,12.2596,12.2596
2010-11-12,banxico,fx_rate_fix,12.2626,12.2626
2010-11-16,banxico,fx_rate_fix,12.4353,12.4353
2010-11-17,banxico,fx_rate_fix,12.3783,12.3783
2010-11-18,banxico,fx_rate_fix,12.2924,12.2924
2010-11-19,banxico,fx_rate_fix,12.2996,12.2996
2010-11-22,banxico,fx_rate_fix,12.3090,12.309
2010-11-23,banxico,fx_rate_fix,12.4577,12.4577
2010-11-24,banxico,fx_rate_fix,12.3912,12.3912
2010-11-25,banxico,fx_rate_fix,12.3669,12.3669
2010-11-26,banxico,fx_rate_fix,12.4890,12.489
2010-11-29,banxico,fx_rate_fix,12.5538,12.5538
2010-11-30,banxico,fx_rate_fix,12.4664,12.4664
2010-12-01,banxico,fx_rate_fix,12.3967,12.3967
2010-12-02,banxico,fx_rate_fix,12.3546,12.3546
2010-12-03,banxico,fx_rate_fix,12.3597,12.3597
2010-12-06,banxico,fx_rate_fix,12.3884,12.3884
2010-12-07,banxico,fx_rate_fix,12.4123,12.4123
2010-12-08,banxico,fx_rate_fix,12.4484,12.4484
2010-12-09,banxico,fx_rate_fix,12.4586,12.4586
2010-12-10,banxico,fx_rate_fix,12.4617,12.4617
2010-12-13,banxico,fx_rate_fix,12.3869,12.3869
2010-12-14,banxico,fx_rate_fix,12.3703,12.3703
2010-12-15,banxico,fx_rate_fix,12.3963,12.3963
2010-12-16,banxico,fx_rate_fix,12.4505,12.4505
2010-12-17,banxico,fx_rate_fix,12.4345,12.4345
2010-12-20,banxico,fx_rate_fix,12.4170,12.417
2010-12-21,banxico,fx_rate_fix,12.3720,12.372
2010-12-22,banxico,fx_rate_fix,12.3379,12.3379
2010-12-23,banxico,fx_rate_fix,12.3332,12.3332
2010-12-24,banxico,fx_rate_fix,12.3459,12.3459
2010-12-27,banxico,fx_rate_fix,12.3653,12.3653
2010-12-28,banxico,fx_rate_fix,12.3567,12.3567
2010-12-29,banxico,fx_rate_fix,12.3571,12.3571
2010-12-30,banxico,fx_rate_fix,12.3817,12.3817
2010-12-31,banxico,fx_rate_fix,12.3496,12.3496
2011-01-03,banxico,fx_rate_fix,12.2574,12.2574
2011-01-04,banxico,fx_rate_fix,12.2619,12.2619
2011-01-05,banxico,fx_rate_fix,12.2064,12.2064
2011-01-06,banxico,fx_rate_fix,12.2256,12.2256
2011-01-07,banxico,fx_rate_fix,12.2369,12.2369
2011-01-10,banxico,fx_rate_fix,12.2542,12.2542
2011-01-11,banxico,fx_rate_fix,12.1907,12.1907
2011-01-12,banxico,fx_rate_fix,12.0757,12.0757
2011-01-13,banxico,fx_rate_fix,12.1028,12.1028
2011-01-14,banxico,fx_rate_fix,12.0871,12.0871
2011-01-17,banxico,fx_rate_fix,12.0299,12.0299
2011-01-18,banxico,fx_rate_fix,12.0261,12.0261
2011-01-19,banxico,fx_rate_fix,12.0744,12.0744
2011-01-20,banxico,fx_rate_fix,12.0903,12.0903
2011-01-21,banxico,fx_rate_fix,12.0482,12.0482
2011-01-24,banxico,fx_rate_fix,12.0516,12.0516
2011-01-25,banxico,fx_rate_fix,12.0856,12.0856
2011-01-26,banxico,fx_rate_fix,12.0408,12.0408
2011-01-27,banxico,fx_rate_fix,12.0239,12.0239
2011-01-28,banxico,fx_rate_fix,12.1214,12.1214
2011-01-31,banxico,fx_rate_fix,12.1519,12.1519
2011-02-01,banxico,fx_rate_fix,12.0170,12.017
2011-02-02,banxico,fx_rate_fix,12.0190,12.019
2011-02-03,banxico,fx_rate_fix,12.0499,12.0499
2011-02-04,banxico,fx_rate_fix,11.9946,11.9946
2011-02-08,banxico,fx_rate_fix,11.9937,11.9937
2011-02-09,banxico,fx_rate_fix,12.0432,12.0432
2011-02-10,banxico,fx_rate_fix,12.0937,12.0937
2011-02-11,banxico,fx_rate_fix,12.0635,12.0635
2011-02-14,banxico,fx_rate_fix,12.0461,12.0461
2011-02-15,banxico,fx_rate_fix,12.1140,12.114
2011-02-16,banxico,fx_rate_fix,12.0957,12.0957
2011-02-17,banxico,fx_rate_fix,12.0483,12.0483
2011-02-18,banxico,fx_rate_fix,12.0172,12.0172
2011-02-21,banxico,fx_rate_fix,12.0558,12.0558
2011-02-22,banxico,fx_rate_fix,12.0917,12.0917
2011-02-23,banxico,fx_rate_fix,12.1900,12.19
2011-02-24,banxico,fx_rate_fix,12.1730,12.173
2011-02-25,banxico,fx_rate_fix,12.1235,12.1235
2011-02-28,banxico,fx_rate_fix,12.1062,12.1062
2011-03-01,banxico,fx_rate_fix,12.0929,12.0929
2011-03-02,banxico,fx_rate_fix,12.0981,12.0981
2011-03-03,banxico,fx_rate_fix,12.0368,12.0368
2011-03-04,banxico,fx_rate_fix,12.0064,12.0064
2011-03-07,banxico,fx_rate_fix,12.0170,12.017
2011-03-08,banxico,fx_rate_fix,12.0254,12.0254
2011-03-09,banxico,fx_rate_fix,11.9680,11.968
2011-03-10,banxico,fx_rate_fix,11.9755,11.9755
2011-03-11,banxico,fx_rate_fix,11.9441,11.9441
2011-03-14,banxico,fx_rate_fix,11.9235,11.9235
2011-03-15,banxico,fx_rate_fix,12.0171,12.0171
2011-03-16,banxico,fx_rate_fix,12.0710,12.071
2011-03-17,banxico,fx_rate_fix,12.0925,12.0925
2011-03-18,banxico,fx_rate_fix,12.0615,12.0615
2011-03-22,banxico,fx_rate_fix,11.9885,11.9885
2011-03-23,banxico,fx_rate_fix,12.0004,12.0004
2011-03-24,banxico,fx_rate_fix,11.9555,11.9555
2011-03-25,banxico,fx_rate_fix,11.9505,11.9505
2011-03-28,banxico,fx_rate_fix,11.9590,11.959
2011-03-29,banxico,fx_rate_fix,11.9678,11.9678
2011-03-30,banxico,fx_rate_fix,11.9219,11.9219
2011-03-31,banxico,fx_rate_fix,11.9084,11.9084
2011-04-01,banxico,fx_rate_fix,11.8412,11.8412
2011-04-04,banxico,fx_rate_fix,11.8533,11.8533
2011-04-05,banxico,fx_rate_fix,11.8322,11.8322
2011-04-06,banxico,fx_rate_fix,11.7836,11.7836
2011-04-07,banxico,fx_rate_fix,11.7931,11.7931
2011-04-08,banxico,fx_rate_fix,11.7421,11.7421
2011-04-11,banxico,fx_rate_fix,11.7447,11.7447
2011-04-12,banxico,fx_rate_fix,11.8266,11.8266
2011-04-13,banxico,fx_rate_fix,11.7907,11.7907
2011-04-14,banxico,fx_rate_fix,11.7679,11.7679
2011-04-15,banxico,fx_rate_fix,11.7090,11.709
2011-04-18,banxico,fx_rate_fix,11.7783,11.7783
2011-04-19,banxico,fx_rate_fix,11.6925,11.6925
2011-04-20,banxico,fx_rate_fix,11.6252,11.6252
2011-04-25,banxico,fx_rate_fix,11.6294,11.6294
2011-04-26,banxico,fx_rate_fix,11.5824,11.5824
2011-04-27,banxico,fx_rate_fix,11.5868,11.5868
2011-04-28,banxico,fx_rate_fix,11.5428,11.5428
2011-04-29,banxico,fx_rate_fix,11.5278,11.5278
2011-05-02,banxico,fx_rate_fix,11.5023,11.5023
2011-05-03,banxico,fx_rate_fix,11.5665,11.5665
2011-05-04,banxico,fx_rate_fix,11.6214,11.6214
2011-05-05,banxico,fx_rate_fix,11.6934,11.6934
2011-05-06,banxico,fx_rate_fix,11.6090,11.609
2011-05-09,banxico,fx_rate_fix,11.6410,11.641
2011-05-10,banxico,fx_rate_fix,11.6009,11.6009
2011-05-11,banxico,fx_rate_fix,11.6075,11.6075
2011-05-12,banxico,fx_rate_fix,11.6656,11.6656
2011-05-13,banxico,fx_rate_fix,11.7219,11.7219
2011-05-16,banxico,fx_rate_fix,11.7094,11.7094
2011-05-17,banxico,fx_rate_fix,11.7660,11.766
2011-05-18,banxico,fx_rate_fix,11.7234,11.7234
2011-05-19,banxico,fx_rate_fix,11.6588,11.6588
2011-05-20,banxico,fx_rate_fix,11.6467,11.6467
2011-05-23,banxico,fx_rate_fix,11.7292,11.7292
2011-05-24,banxico,fx_rate_fix,11.7032,11.7032
2011-05-25,banxico,fx_rate_fix,11.6948,11.6948
2011-05-26,banxico,fx_rate_fix,11.6956,11.6956
2011-05-27,banxico,fx_rate_fix,11.6256,11.6256
2011-05-30,banxico,fx_rate_fix,11.6123,11.6123
2011-05-31,banxico,fx_rate_fix,11.5780,11.578
2011-06-01,banxico,fx_rate_fix,11.6277,11.6277
2011-06-02,banxico,fx_rate_fix,11.6739,11.6739
2011-06-03,banxico,fx_rate_fix,11.6689,11.6689
2011-06-06,banxico,fx_rate_fix,11.6983,11.6983
2011-06-07,banxico,fx_rate_fix,11.7196,11.7196
2011-06-08,banxico,fx_rate_fix,11.8001,11.8001
2011-06-09,banxico,fx_rate_fix,11.7965,11.7965
2011-06-10,banxico,fx_rate_fix,11.8686,11.8686
2011-06-13,banxico,fx_rate_fix,11.8680,11.868
2011-06-14,banxico,fx_rate_fix,11.7982,11.7982
2011-06-15,banxico,fx_rate_fix,11.8751,11.8751
2011-06-16,banxico,fx_rate_fix,11.9591,11.9591
2011-06-17,banxico,fx_rate_fix,11.9006,11.9006
2011-06-20,banxico,fx_rate_fix,11.8916,11.8916
2011-06-21,banxico,fx_rate_fix,11.8130,11.813
2011-06-22,banxico,fx_rate_fix,11.7789,11.7789
2011-06-23,banxico,fx_rate_fix,11.8816,11.8816
2011-06-24,banxico,fx_rate_fix,11.8822,11.8822
2011-06-27,banxico,fx_rate_fix,11.8938,11.8938
2011-06-28,banxico,fx_rate_fix,11.8389,11.8389
2011-06-29,banxico,fx_rate_fix,11.7748,11.7748
2011-06-30,banxico,fx_rate_fix,11.7230,11.723
2011-07-01,banxico,fx_rate_fix,11.6368,11.6368
2011-07-04,banxico,fx_rate_fix,11.5925,11.5925
2011-07-05,banxico,fx_rate_fix,11.6194,11.6194
2011-07-06,banxico,fx_rate_fix,11.6544,11.6544
2011-07-07,banxico,fx_rate_fix,11.5738,11.5738
2011-07-08,banxico,fx_rate_fix,11.6337,11.6337
2011-07-11,banxico,fx_rate_fix,11.7274,11.7274
2011-07-12,banxico,fx_rate_fix,11.7867,11.7867
2011-07-13,banxico,fx_rate_fix,11.7170,11.717
2011-07-14,banxico,fx_rate_fix,11.7010,11.701
2011-07-15,banxico,fx_rate_fix,11.7178,11.7178
2011-07-18,banxico,fx_rate_fix,11.7877,11.7877
2011-07-19,banxico,fx_rate_fix,11.6964,11.6964
2011-07-20,banxico,fx_rate_fix,11.6638,11.6638
2011-07-21,banxico,fx_rate_fix,11.6174,11.6174
2011-07-22,banxico,fx_rate_fix,11.6393,11.6393
2011-07-25,banxico,fx_rate_fix,11.6641,11.6641
2011-07-26,banxico,fx_rate_fix,11.6172,11.6172
2011-07-27,banxico,fx_rate_fix,11.6527,11.6527
2011-07-28,banxico,fx_rate_fix,11.6821,11.6821
2011-07-29,banxico,fx_rate_fix,11.7425,11.7425
2011-08-01,banxico,fx_rate_fix,11.7514,11.7514
2011-08-02,banxico,fx_rate_fix,11.7657,11.7657
2011-08-03,banxico,fx_rate_fix,11.8473,11.8473
2011-08-04,banxico,fx_rate_fix,11.9523,11.9523
2011-08-05,banxico,fx_rate_fix,11.9794,11.9794
2011-08-08,banxico,fx_rate_fix,12.1845,12.1845
2011-08-09,banxico,fx_rate_fix,12.3710,12.371
2011-08-10,banxico,fx_rate_fix,12.3221,12.3221
2011-08-11,banxico,fx_rate_fix,12.3899,12.3899
2011-08-12,banxico,fx_rate_fix,12.2992,12.2992
2011-08-15,banxico,fx_rate_fix,12.2424,12.2424
2011-08-16,banxico,fx_rate_fix,12.2631,12.2631
2011-08-17,banxico,fx_rate_fix,12.1651,12.1651
2011-08-18,banxico,fx_rate_fix,12.3685,12.3685
2011-08-19,banxico,fx_rate_fix,12.2386,12.2386
2011-08-22,banxico,fx_rate_fix,12.2948,12.2948
2011-08-23,banxico,fx_rate_fix,12.3357,12.3357
2011-08-24,banxico,fx_rate_fix,12.3952,12.3952
2011-08-25,banxico,fx_rate_fix,12.4259,12.4259
2011-08-26,banxico,fx_rate_fix,12.4953,12.4953
2011-08-29,banxico,fx_rate_fix,12.4148,12.4148
2011-08-30,banxico,fx_rate_fix,12.4838,12.4838
2011-08-31,banxico,fx_rate_fix,12.3480,12.348
2011-09-01,banxico,fx_rate_fix,12.2616,12.2616
2011-09-02,banxico,fx_rate_fix,12.3735,12.3735
2011-09-05,banxico,fx_rate_fix,12.5353,12.5353
2011-09-06,banxico,fx_rate_fix,12.5102,12.5102
2011-09-07,banxico,fx_rate_fix,12.4661,12.4661
2011-09-08,banxico,fx_rate_fix,12.4956,12.4956
2011-09-09,banxico,fx_rate_fix,12.6324,12.6324
2011-09-12,banxico,fx_rate_fix,12.7687,12.7687
2011-09-13,banxico,fx_rate_fix,12.8994,12.8994
2011-09-14,banxico,fx_rate_fix,12.9646,12.9646
2011-09-15,banxico,fx_rate_fix,12.9127,12.9127
2011-09-19,banxico,fx_rate_fix,13.1860,13.186
2011-09-20,banxico,fx_rate_fix,13.1669,13.1669
2011-09-21,banxico,fx_rate_fix,13.4045,13.4045
2011-09-22,banxico,fx_rate_fix,13.8917,13.8917
2011-09-23,banxico,fx_rate_fix,13.7788,13.7788
2011-09-26,banxico,fx_rate_fix,13.6677,13.6677
2011-09-27,banxico,fx_rate_fix,13.3414,13.3414
2011-09-28,banxico,fx_rate_fix,13.4217,13.4217
2011-09-29,banxico,fx_rate_fix,13.4567,13.4567
2011-09-30,banxico,fx_rate_fix,13.7994,13.7994
2011-10-03,banxico,fx_rate_fix,13.8967,13.8967
2011-10-04,banxico,fx_rate_fix,13.9714,13.9714
2011-10-05,banxico,fx_rate_fix,13.6675,13.6675
2011-10-06,banxico,fx_rate_fix,13.5341,13.5341
2011-10-07,banxico,fx_rate_fix,13.3143,13.3143
2011-10-10,banxico,fx_rate_fix,13.2751,13.2751
2011-10-11,banxico,fx_rate_fix,13.3266,13.3266
2011-10-12,banxico,fx_rate_fix,13.2213,13.2213
2011-10-13,banxico,fx_rate_fix,13.3647,13.3647
2011-10-14,banxico,fx_rate_fix,13.2711,13.2711
2011-10-17,banxico,fx_rate_fix,13.2952,13.2952
2011-10-18,banxico,fx_rate_fix,13.4445,13.4445
2011-10-19,banxico,fx_rate_fix,13.3733,13.3733
2011-10-20,banxico,fx_rate_fix,13.6628,13.6628
2011-10-21,banxico,fx_rate_fix,13.5996,13.5996
2011-10-24,banxico,fx_rate_fix,13.4889,13.4889
2011-10-25,banxico,fx_rate_fix,13.4459,13.4459
2011-10-26,banxico,fx_rate_fix,13.4914,13.4914
2011-10-27,banxico,fx_rate_fix,13.1973,13.1973
2011-10-28,banxico,fx_rate_fix,13.1132,13.1132
2011-10-31,banxico,fx_rate_fix,13.1802,13.1802
2011-11-01,banxico,fx_rate_fix,13.6282,13.6282
2011-11-03,banxico,fx_rate_fix,13.4128,13.4128
2011-11-04,banxico,fx_rate_fix,13.4698,13.4698
2011-11-07,banxico,fx_rate_fix,13.4504,13.4504
2011-11-08,banxico,fx_rate_fix,13.3852,13.3852
2011-11-09,banxico,fx_rate_fix,13.5252,13.5252
2011-11-10,banxico,fx_rate_fix,13.5622,13.5622
2011-11-11,banxico,fx_rate_fix,13.4165,13.4165
2011-11-14,banxico,fx_rate_fix,13.5122,13.5122
2011-11-15,banxico,fx_rate_fix,13.5672,13.5672
2011-11-16,banxico,fx_rate_fix,13.5847,13.5847
2011-11-17,banxico,fx_rate_fix,13.6375,13.6375
2011-11-18,banxico,fx_rate_fix,13.7033,13.7033
2011-11-22,banxico,fx_rate_fix,13.9812,13.9812
2011-11-23,banxico,fx_rate_fix,14.1291,14.1291
2011-11-24,banxico,fx_rate_fix,14.1778,14.1778
2011-11-25,banxico,fx_rate_fix,14.2443,14.2443
2011-11-28,banxico,fx_rate_fix,14.0344,14.0344
2011-11-29,banxico,fx_rate_fix,13.9538,13.9538
2011-11-30,banxico,fx_rate_fix,13.6100,13.61
2011-12-01,banxico,fx_rate_fix,13.5894,13.5894
2011-12-02,banxico,fx_rate_fix,13.5488,13.5488
2011-12-05,banxico,fx_rate_fix,13.4786,13.4786
2011-12-06,banxico,fx_rate_fix,13.4970,13.497
2011-12-07,banxico,fx_rate_fix,13.5118,13.5118
2011-12-08,banxico,fx_rate_fix,13.6569,13.6569
2011-12-09,banxico,fx_rate_fix,13.6406,13.6406
2011-12-13,banxico,fx_rate_fix,13.7714,13.7714
2011-12-14,banxico,fx_rate_fix,13.9412,13.9412
2011-12-15,banxico,fx_rate_fix,13.8230,13.823
2011-12-16,banxico,fx_rate_fix,13.8450,13.845
2011-12-19,banxico,fx_rate_fix,13.8542,13.8542
2011-12-20,banxico,fx_rate_fix,13.7720,13.772
2011-12-21,banxico,fx_rate_fix,13.8526,13.8526
2011-12-22,banxico,fx_rate_fix,13.8169,13.8169
2011-12-23,banxico,fx_rate_fix,13.8163,13.8163
2011-12-26,banxico,fx_rate_fix,13.8483,13.8483
2011-12-27,banxico,fx_rate_fix,13.9658,13.9658
2011-12-28,banxico,fx_rate_fix,13.9904,13.9904
2011-12-29,banxico,fx_rate_fix,13.9787,13.9787
2011-12-30,banxico,fx_rate_fix,13.9476,13.9476
2012-01-02,banxico,fx_rate_fix,13.9342,13.9342
2012-01-03,banxico,fx_rate_fix,13.6882,13.6882
2012-01-04,banxico,fx_rate_fix,13.7144,13.7144
2012-01-05,banxico,fx_rate_fix,13.7409,13.7409
2012-01-06,banxico,fx_rate_fix,13.7228,13.7228
2012-01-09,banxico,fx_rate_fix,13.7437,13.7437
2012-01-10,banxico,fx_rate_fix,13.6204,13.6204
2012-01-11,banxico,fx_rate_fix,13.6592,13.6592
2012-01-12,banxico,fx_rate_fix,13.5982,13.5982
2012-01-13,banxico,fx_rate_fix,13.6263,13.6263
2012-01-16,banxico,fx_rate_fix,13.5401,13.5401
2012-01-17,banxico,fx_rate_fix,13.4621,13.4621
2012-01-18,banxico,fx_rate_fix,13.3267,13.3267
2012-01-19,banxico,fx_rate_fix,13.2516,13.2516
2012-01-20,banxico,fx_rate_fix,13.2240,13.224
2012-01-23,banxico,fx_rate_fix,13.1383,13.1383
2012-01-24,banxico,fx_rate_fix,13.1712,13.1712
2012-01-25,banxico,fx_rate_fix,13.1319,13.1319
2012-01-26,banxico,fx_rate_fix,12.9325,12.9325
2012-01-27,banxico,fx_rate_fix,12.9504,12.9504
2012-01-30,banxico,fx_rate_fix,13.0063,13.0063
2012-01-31,banxico,fx_rate_fix,13.0077,13.0077
2012-02-01,banxico,fx_rate_fix,12.8900,12.89
2012-02-02,banxico,fx_rate_fix,12.8038,12.8038
2012-02-03,banxico,fx_rate_fix,12.7120,12.712
2012-02-07,banxico,fx_rate_fix,12.6472,12.6472
2012-02-08,banxico,fx_rate_fix,12.6833,12.6833
2012-02-09,banxico,fx_rate_fix,12.7200,12.72
2012-02-10,banxico,fx_rate_fix,12.7857,12.7857
2012-02-13,banxico,fx_rate_fix,12.7392,12.7392
2012-02-14,banxico,fx_rate_fix,12.7753,12.7753
2012-02-15,banxico,fx_rate_fix,12.7658,12.7658
2012-02-16,banxico,fx_rate_fix,12.8822,12.8822
2012-02-17,banxico,fx_rate_fix,12.7856,12.7856
2012-02-20,banxico,fx_rate_fix,12.6793,12.6793
2012-02-21,banxico,fx_rate_fix,12.7408,12.7408
2012-02-22,banxico,fx_rate_fix,12.8296,12.8296
2012-02-23,banxico,fx_rate_fix,12.8294,12.8294
2012-02-24,banxico,fx_rate_fix,12.8675,12.8675
2012-02-27,banxico,fx_rate_fix,12.8779,12.8779
2012-02-28,banxico,fx_rate_fix,12.8575,12.8575
2012-02-29,banxico,fx_rate_fix,12.7891,12.7891
2012-03-01,banxico,fx_rate_fix,12.7764,12.7764
2012-03-02,banxico,fx_rate_fix,12.7723,12.7723
2012-03-05,banxico,fx_rate_fix,12.8339,12.8339
2012-03-06,banxico,fx_rate_fix,12.9777,12.9777
2012-03-07,banxico,fx_rate_fix,12.9469,12.9469
2012-03-08,banxico,fx_rate_fix,12.7840,12.784
2012-03-09,banxico,fx_rate_fix,12.6299,12.6299
2012-03-12,banxico,fx_rate_fix,12.7150,12.715
2012-03-13,banxico,fx_rate_fix,12.6336,12.6336
2012-03-14,banxico,fx_rate_fix,12.6719,12.6719
2012-03-15,banxico,fx_rate_fix,12.6591,12.6591
2012-03-16,banxico,fx_rate_fix,12.6645,12.6645
2012-03-20,banxico,fx_rate_fix,12.6935,12.6935
2012-03-21,banxico,fx_rate_fix,12.6833,12.6833
2012-03-22,banxico,fx_rate_fix,12.8330,12.833
2012-03-23,banxico,fx_rate_fix,12.8035,12.8035
2012-03-26,banxico,fx_rate_fix,12.6795,12.6795
2012-03-27,banxico,fx_rate_fix,12.6706,12.6706
2012-03-28,banxico,fx_rate_fix,12.8039,12.8039
2012-03-29,banxico,fx_rate_fix,12.8489,12.8489
2012-03-30,banxico,fx_rate_fix,12.8093,12.8093
2012-04-02,banxico,fx_rate_fix,12.7691,12.7691
2012-04-03,banxico,fx_rate_fix,12.7317,12.7317
2012-04-04,banxico,fx_rate_fix,12.8155,12.8155
2012-04-09,banxico,fx_rate_fix,12.9902,12.9902
2012-04-10,banxico,fx_rate_fix,13.1568,13.1568
2012-04-11,banxico,fx_rate_fix,13.1324,13.1324
2012-04-12,banxico,fx_rate_fix,13.0736,13.0736
2012-04-13,banxico,fx_rate_fix,13.1458,13.1458
2012-04-16,banxico,fx_rate_fix,13.2168,13.2168
2012-04-17,banxico,fx_rate_fix,13.0816,13.0816
2012-04-18,banxico,fx_rate_fix,13.1322,13.1322
2012-04-19,banxico,fx_rate_fix,13.2288,13.2288
2012-04-20,banxico,fx_rate_fix,13.1171,13.1171
2012-04-23,banxico,fx_rate_fix,13.2087,13.2087
2012-04-24,banxico,fx_rate_fix,13.1392,13.1392
2012-04-25,banxico,fx_rate_fix,13.1667,13.1667
2012-04-26,banxico,fx_rate_fix,13.2093,13.2093
2012-04-27,banxico,fx_rate_fix,13.0141,13.0141
2012-04-30,banxico,fx_rate_fix,12.9942,12.9942
2012-05-02,banxico,fx_rate_fix,12.9629,12.9629
2012-05-03,banxico,fx_rate_fix,12.9725,12.9725
2012-05-04,banxico,fx_rate_fix,13.1344,13.1344
2012-05-07,banxico,fx_rate_fix,13.1659,13.1659
2012-05-08,banxico,fx_rate_fix,13.3374,13.3374
2012-05-09,banxico,fx_rate_fix,13.5150,13.515
2012-05-10,banxico,fx_rate_fix,13.4470,13.447
2012-05-11,banxico,fx_rate_fix,13.4929,13.4929
2012-05-14,banxico,fx_rate_fix,13.6739,13.6739
2012-05-15,banxico,fx_rate_fix,13.7302,13.7302
2012-05-16,banxico,fx_rate_fix,13.7747,13.7747
2012-05-17,banxico,fx_rate_fix,13.7994,13.7994
2012-05-18,banxico,fx_rate_fix,13.7809,13.7809
2012-05-21,banxico,fx_rate_fix,13.7935,13.7935
2012-05-22,banxico,fx_rate_fix,13.7203,13.7203
2012-05-23,banxico,fx_rate_fix,14.0335,14.0335
2012-05-24,banxico,fx_rate_fix,14.0040,14.004
2012-05-25,banxico,fx_rate_fix,14.0156,14.0156
2012-05-28,banxico,fx_rate_fix,13.9439,13.9439
2012-05-29,banxico,fx_rate_fix,13.9169,13.9169
2012-05-30,banxico,fx_rate_fix,14.0749,14.0749
2012-05-31,banxico,fx_rate_fix,14.3047,14.3047
2012-06-01,banxico,fx_rate_fix,14.3949,14.3949
2012-06-04,banxico,fx_rate_fix,14.2443,14.2443
2012-06-05,banxico,fx_rate_fix,14.2319,14.2319
2012-06-06,banxico,fx_rate_fix,14.1116,14.1116
2012-06-07,banxico,fx_rate_fix,13.9355,13.9355
2012-06-08,banxico,fx_rate_fix,14.0351,14.0351
2012-06-11,banxico,fx_rate_fix,13.9625,13.9625
2012-06-12,banxico,fx_rate_fix,14.0060,14.006
2012-06-13,banxico,fx_rate_fix,13.9700,13.97
2012-06-14,banxico,fx_rate_fix,13.9974,13.9974
2012-06-15,banxico,fx_rate_fix,13.9115,13.9115
2012-06-18,banxico,fx_rate_fix,13.9154,13.9154
2012-06-19,banxico,fx_rate_fix,13.7033,13.7033
2012-06-20,banxico,fx_rate_fix,13.7257,13.7257
2012-06-21,banxico,fx_rate_fix,13.7668,13.7668
2012-06-22,banxico,fx_rate_fix,13.8490,13.849
2012-06-25,banxico,fx_rate_fix,13.9542,13.9542
2012-06-26,banxico,fx_rate_fix,13.8616,13.8616
2012-06-27,banxico,fx_rate_fix,13.6652,13.6652
2012-06-28,banxico,fx_rate_fix,13.6530,13.653
2012-06-29,banxico,fx_rate_fix,13.4084,13.4084
2012-07-02,banxico,fx_rate_fix,13.3970,13.397
2012-07-03,banxico,fx_rate_fix,13.3174,13.3174
2012-07-04,banxico,fx_rate_fix,13.3617,13.3617
2012-07-05,banxico,fx_rate_fix,13.3508,13.3508
2012-07-06,banxico,fx_rate_fix,13.4925,13.4925
2012-07-09,banxico,fx_rate_fix,13.4533,13.4533
2012-07-10,banxico,fx_rate_fix,13.2924,13.2924
2012-07-11,banxico,fx_rate_fix,13.3241,13.3241
2012-07-12,banxico,fx_rate_fix,13.4795,13.4795
2012-07-13,banxico,fx_rate_fix,13.3449,13.3449
2012-07-16,banxico,fx_rate_fix,13.2832,13.2832
2012-07-17,banxico,fx_rate_fix,13.2226,13.2226
2012-07-18,banxico,fx_rate_fix,13.1201,13.1201
2012-07-19,banxico,fx_rate_fix,13.1921,13.1921
2012-07-20,banxico,fx_rate_fix,13.2928,13.2928
2012-07-23,banxico,fx_rate_fix,13.5218,13.5218
2012-07-24,banxico,fx_rate_fix,13.6796,13.6796
2012-07-25,banxico,fx_rate_fix,13.6541,13.6541
2012-07-26,banxico,fx_rate_fix,13.4425,13.4425
2012-07-27,banxico,fx_rate_fix,13.2837,13.2837
2012-07-30,banxico,fx_rate_fix,13.2644,13.2644
2012-07-31,banxico,fx_rate_fix,13.2833,13.2833
2012-08-01,banxico,fx_rate_fix,13.2867,13.2867
2012-08-02,banxico,fx_rate_fix,13.3927,13.3927
2012-08-03,banxico,fx_rate_fix,13.1357,13.1357
2012-08-06,banxico,fx_rate_fix,13.0708,13.0708
2012-08-07,banxico,fx_rate_fix,13.1849,13.1849
2012-08-08,banxico,fx_rate_fix,13.1891,13.1891
2012-08-09,banxico,fx_rate_fix,13.1188,13.1188
2012-08-10,banxico,fx_rate_fix,13.1094,13.1094
2012-08-13,banxico,fx_rate_fix,13.1474,13.1474
2012-08-14,banxico,fx_rate_fix,13.1311,13.1311
2012-08-15,banxico,fx_rate_fix,13.1639,13.1639
2012-08-16,banxico,fx_rate_fix,13.1430,13.143
2012-08-17,banxico,fx_rate_fix,13.1745,13.1745
2012-08-20,banxico,fx_rate_fix,13.1261,13.1261
2012-08-21,banxico,fx_rate_fix,13.0854,13.0854
2012-08-22,banxico,fx_rate_fix,13.1762,13.1762
2012-08-23,banxico,fx_rate_fix,13.1284,13.1284
2012-08-24,banxico,fx_rate_fix,13.1760,13.176
2012-08-27,banxico,fx_rate_fix,13.1703,13.1703
2012-08-28,banxico,fx_rate_fix,13.1847,13.1847
2012-08-29,banxico,fx_rate_fix,13.2746,13.2746
2012-08-30,banxico,fx_rate_fix,13.4172,13.4172
2012-08-31,banxico,fx_rate_fix,13.2571,13.2571
2012-09-03,banxico,fx_rate_fix,13.1910,13.191
2012-09-04,banxico,fx_rate_fix,13.1793,13.1793
2012-09-05,banxico,fx_rate_fix,13.1221,13.1221
2012-09-06,banxico,fx_rate_fix,13.0483,13.0483
2012-09-07,banxico,fx_rate_fix,12.9976,12.9976
2012-09-10,banxico,fx_rate_fix,12.9921,12.9921
2012-09-11,banxico,fx_rate_fix,12.9992,12.9992
2012-09-12,banxico,fx_rate_fix,13.0305,13.0305
2012-09-13,banxico,fx_rate_fix,12.9749,12.9749
2012-09-14,banxico,fx_rate_fix,12.7458,12.7458
2012-09-17,banxico,fx_rate_fix,12.7492,12.7492
2012-09-18,banxico,fx_rate_fix,12.8192,12.8192
2012-09-19,banxico,fx_rate_fix,12.8235,12.8235
2012-09-20,banxico,fx_rate_fix,12.9042,12.9042
2012-09-21,banxico,fx_rate_fix,12.8376,12.8376
2012-09-24,banxico,fx_rate_fix,12.9123,12.9123
2012-09-25,banxico,fx_rate_fix,12.8233,12.8233
2012-09-26,banxico,fx_rate_fix,12.9170,12.917
2012-09-27,banxico,fx_rate_fix,12.8521,12.8521
2012-09-28,banxico,fx_rate_fix,12.8695,12.8695
2012-10-01,banxico,fx_rate_fix,12.8178,12.8178
2012-10-02,banxico,fx_rate_fix,12.8375,12.8375
2012-10-03,banxico,fx_rate_fix,12.8528,12.8528
2012-10-04,banxico,fx_rate_fix,12.7589,12.7589
2012-10-05,banxico,fx_rate_fix,12.6987,12.6987
2012-10-08,banxico,fx_rate_fix,12.8426,12.8426
2012-10-09,banxico,fx_rate_fix,12.8680,12.868
2012-10-10,banxico,fx_rate_fix,12.9119,12.9119
2012-10-11,banxico,fx_rate_fix,12.8792,12.8792
2012-10-12,banxico,fx_rate_fix,12.8901,12.8901
2012-10-15,banxico,fx_rate_fix,12.8188,12.8188
2012-10-16,banxico,fx_rate_fix,12.8077,12.8077
2012-10-17,banxico,fx_rate_fix,12.7981,12.7981
2012-10-18,banxico,fx_rate_fix,12.8299,12.8299
2012-10-19,banxico,fx_rate_fix,12.8551,12.8551
2012-10-22,banxico,fx_rate_fix,12.8571,12.8571
2012-10-23,banxico,fx_rate_fix,12.9759,12.9759
2012-10-24,banxico,fx_rate_fix,12.9839,12.9839
2012-10-25,banxico,fx_rate_fix,12.9669,12.9669
2012-10-26,banxico,fx_rate_fix,13.0112,13.0112
2012-10-29,banxico,fx_rate_fix,13.0900,13.09
2012-10-30,banxico,fx_rate_fix,13.0498,13.0498
2012-10-31,banxico,fx_rate_fix,13.0911,13.0911
2012-11-01,banxico,fx_rate_fix,13.0387,13.0387
2012-11-05,banxico,fx_rate_fix,13.0449,13.0449
2012-11-06,banxico,fx_rate_fix,12.9769,12.9769
2012-11-07,banxico,fx_rate_fix,13.0432,13.0432
2012-11-08,banxico,fx_rate_fix,13.1168,13.1168
2012-11-09,banxico,fx_rate_fix,13.1789,13.1789
2012-11-12,banxico,fx_rate_fix,13.1975,13.1975
2012-11-13,banxico,fx_rate_fix,13.2284,13.2284
2012-11-14,banxico,fx_rate_fix,13.2353,13.2353
2012-11-15,banxico,fx_rate_fix,13.2522,13.2522
2012-11-16,banxico,fx_rate_fix,13.2063,13.2063
2012-11-20,banxico,fx_rate_fix,13.0245,13.0245
2012-11-21,banxico,fx_rate_fix,13.0395,13.0395
2012-11-22,banxico,fx_rate_fix,13.0188,13.0188
2012-11-23,banxico,fx_rate_fix,12.9799,12.9799
2012-11-26,banxico,fx_rate_fix,12.9984,12.9984
2012-11-27,banxico,fx_rate_fix,12.9861,12.9861
2012-11-28,banxico,fx_rate_fix,13.0372,13.0372
2012-11-29,banxico,fx_rate_fix,12.9617,12.9617
2012-11-30,banxico,fx_rate_fix,12.9268,12.9268
2012-12-03,banxico,fx_rate_fix,12.9335,12.9335
2012-12-04,banxico,fx_rate_fix,12.9600,12.96
2012-12-05,banxico,fx_rate_fix,12.9284,12.9284
2012-12-06,banxico,fx_rate_fix,12.9102,12.9102
2012-12-07,banxico,fx_rate_fix,12.8469,12.8469
2012-12-10,banxico,fx_rate_fix,12.7964,12.7964
2012-12-11,banxico,fx_rate_fix,12.7584,12.7584
2012-12-13,banxico,fx_rate_fix,12.7869,12.7869
2012-12-14,banxico,fx_rate_fix,12.7768,12.7768
2012-12-17,banxico,fx_rate_fix,12.7624,12.7624
2012-12-18,banxico,fx_rate_fix,12.7236,12.7236
2012-12-19,banxico,fx_rate_fix,12.7327,12.7327
2012-12-20,banxico,fx_rate_fix,12.7777,12.7777
2012-12-21,banxico,fx_rate_fix,12.8991,12.8991
2012-12-24,banxico,fx_rate_fix,12.9764,12.9764
2012-12-26,banxico,fx_rate_fix,13.0058,13.0058
2012-12-27,banxico,fx_rate_fix,13.0101,13.0101
2012-12-28,banxico,fx_rate_fix,12.9880,12.988
2012-12-31,banxico,fx_rate_fix,12.9658,12.9658
2013-01-02,banxico,fx_rate_fix,12.7488,12.7488
2013-01-03,banxico,fx_rate_fix,12.7430,12.743
2013-01-04,banxico,fx_rate_fix,12.7597,12.7597
2013-01-07,banxico,fx_rate_fix,12.7679,12.7679
2013-01-08,banxico,fx_rate_fix,12.8015,12.8015
2013-01-09,banxico,fx_rate_fix,12.7503,12.7503
2013-01-10,banxico,fx_rate_fix,12.6555,12.6555
2013-01-11,banxico,fx_rate_fix,12.6478,12.6478
2013-01-14,banxico,fx_rate_fix,12.6533,12.6533
2013-01-15,banxico,fx_rate_fix,12.6526,12.6526
2013-01-16,banxico,fx_rate_fix,12.6305,12.6305
2013-01-17,banxico,fx_rate_fix,12.5868,12.5868
2013-01-18,banxico,fx_rate_fix,12.6555,12.6555
2013-01-21,banxico,fx_rate_fix,12.7098,12.7098
2013-01-22,banxico,fx_rate_fix,12.6817,12.6817
2013-01-23,banxico,fx_rate_fix,12.6616,12.6616
2013-01-24,banxico,fx_rate_fix,12.6286,12.6286
2013-01-25,banxico,fx_rate_fix,12.6993,12.6993
2013-01-28,banxico,fx_rate_fix,12.7802,12.7802
2013-01-29,banxico,fx_rate_fix,12.7134,12.7134
2013-01-30,banxico,fx_rate_fix,12.7408,12.7408
2013-01-31,banxico,fx_rate_fix,12.7094,12.7094
2013-02-01,banxico,fx_rate_fix,12.6377,12.6377
2013-02-05,banxico,fx_rate_fix,12.6294,12.6294
2013-02-06,banxico,fx_rate_fix,12.6664,12.6664
2013-02-07,banxico,fx_rate_fix,12.7105,12.7105
2013-02-08,banxico,fx_rate_fix,12.7307,12.7307
2013-02-11,banxico,fx_rate_fix,12.7706,12.7706
2013-02-12,banxico,fx_rate_fix,12.7364,12.7364
2013-02-13,banxico,fx_rate_fix,12.7116,12.7116
2013-02-14,banxico,fx_rate_fix,12.6982,12.6982
2013-02-15,banxico,fx_rate_fix,12.6866,12.6866
2013-02-18,banxico,fx_rate_fix,12.6959,12.6959
2013-02-19,banxico,fx_rate_fix,12.6873,12.6873
2013-02-20,banxico,fx_rate_fix,12.6694,12.6694
2013-02-21,banxico,fx_rate_fix,12.7699,12.7699
2013-02-22,banxico,fx_rate_fix,12.7517,12.7517
2013-02-25,banxico,fx_rate_fix,12.7028,12.7028
2013-02-26,banxico,fx_rate_fix,12.8680,12.868
2013-02-27,banxico,fx_rate_fix,12.8322,12.8322
2013-02-28,banxico,fx_rate_fix,12.7795,12.7795
2013-03-01,banxico,fx_rate_fix,12.8012,12.8012
2013-03-04,banxico,fx_rate_fix,12.7814,12.7814
2013-03-05,banxico,fx_rate_fix,12.7355,12.7355
2013-03-06,banxico,fx_rate_fix,12.7345,12.7345
2013-03-07,banxico,fx_rate_fix,12.7839,12.7839
2013-03-08,banxico,fx_rate_fix,12.6684,12.6684
2013-03-11,banxico,fx_rate_fix,12.5308,12.5308
2013-03-12,banxico,fx_rate_fix,12.4641,12.4641
2013-03-13,banxico,fx_rate_fix,12.3967,12.3967
2013-03-14,banxico,fx_rate_fix,12.4545,12.4545
2013-03-15,banxico,fx_rate_fix,12.4390,12.439
2013-03-19,banxico,fx_rate_fix,12.4339,12.4339
2013-03-20,banxico,fx_rate_fix,12.3909,12.3909
2013-03-21,banxico,fx_rate_fix,12.3841,12.3841
2013-03-22,banxico,fx_rate_fix,12.3724,12.3724
2013-03-25,banxico,fx_rate_fix,12.3579,12.3579
2013-03-26,banxico,fx_rate_fix,12.3546,12.3546
2013-03-27,banxico,fx_rate_fix,12.3612,12.3612
2013-04-01,banxico,fx_rate_fix,12.3438,12.3438
2013-04-02,banxico,fx_rate_fix,12.2728,12.2728
2013-04-03,banxico,fx_rate_fix,12.3266,12.3266
2013-04-04,banxico,fx_rate_fix,12.3197,12.3197
2013-04-05,banxico,fx_rate_fix,12.2383,12.2383
2013-04-08,banxico,fx_rate_fix,12.1588,12.1588
2013-04-09,banxico,fx_rate_fix,12.1304,12.1304
2013-04-10,banxico,fx_rate_fix,12.1140,12.114
2013-04-11,banxico,fx_rate_fix,12.0691,12.0691
2013-04-12,banxico,fx_rate_fix,12.0824,12.0824
2013-04-15,banxico,fx_rate_fix,12.1729,12.1729
2013-04-16,banxico,fx_rate_fix,12.1668,12.1668
2013-04-17,banxico,fx_rate_fix,12.2370,12.237
2013-04-18,banxico,fx_rate_fix,12.2479,12.2479
2013-04-19,banxico,fx_rate_fix,12.2254,12.2254
2013-04-22,banxico,fx_rate_fix,12.3227,12.3227
2013-04-23,banxico,fx_rate_fix,12.2492,12.2492
2013-04-24,banxico,fx_rate_fix,12.2768,12.2768
2013-04-25,banxico,fx_rate_fix,12.1231,12.1231
2013-04-26,banxico,fx_rate_fix,12.1550,12.155
2013-04-29,banxico,fx_rate_fix,12.1326,12.1326
2013-04-30,banxico,fx_rate_fix,12.1456,12.1456
2013-05-02,banxico,fx_rate_fix,12.1756,12.1756
2013-05-03,banxico,fx_rate_fix,12.0851,12.0851
2013-05-06,banxico,fx_rate_fix,12.1074,12.1074
2013-05-07,banxico,fx_rate_fix,12.0733,12.0733
2013-05-08,banxico,fx_rate_fix,12.0393,12.0393
2013-05-09,banxico,fx_rate_fix,11.9807,11.9807
2013-05-10,banxico,fx_rate_fix,12.1094,12.1094
2013-05-13,banxico,fx_rate_fix,12.1448,12.1448
2013-05-14,banxico,fx_rate_fix,12.1485,12.1485
2013-05-15,banxico,fx_rate_fix,12.2313,12.2313
2013-05-16,banxico,fx_rate_fix,12.2378,12.2378
2013-05-17,banxico,fx_rate_fix,12.3177,12.3177
2013-05-20,banxico,fx_rate_fix,12.3258,12.3258
2013-05-21,banxico,fx_rate_fix,12.3414,12.3414
2013-05-22,banxico,fx_rate_fix,12.3113,12.3113
2013-05-23,banxico,fx_rate_fix,12.4764,12.4764
2013-05-24,banxico,fx_rate_fix,12.5219,12.5219
2013-05-27,banxico,fx_rate_fix,12.4831,12.4831
2013-05-28,banxico,fx_rate_fix,12.5275,12.5275
2013-05-29,banxico,fx_rate_fix,12.6328,12.6328
2013-05-30,banxico,fx_rate_fix,12.7781,12.7781
2013-05-31,banxico,fx_rate_fix,12.8035,12.8035
2013-06-03,banxico,fx_rate_fix,12.7882,12.7882
2013-06-04,banxico,fx_rate_fix,12.7317,12.7317
2013-06-05,banxico,fx_rate_fix,12.8167,12.8167
2013-06-06,banxico,fx_rate_fix,12.9079,12.9079
2013-06-07,banxico,fx_rate_fix,12.7173,12.7173
2013-06-10,banxico,fx_rate_fix,12.8572,12.8572
2013-06-11,banxico,fx_rate_fix,12.8846,12.8846
2013-06-12,banxico,fx_rate_fix,12.8442,12.8442
2013-06-13,banxico,fx_rate_fix,12.7812,12.7812
2013-06-14,banxico,fx_rate_fix,12.6916,12.6916
2013-06-17,banxico,fx_rate_fix,12.7370,12.737
2013-06-18,banxico,fx_rate_fix,12.8800,12.88
2013-06-19,banxico,fx_rate_fix,12.8695,12.8695
2013-06-20,banxico,fx_rate_fix,13.4015,13.4015
2013-06-21,banxico,fx_rate_fix,13.4041,13.4041
2013-06-24,banxico,fx_rate_fix,13.3966,13.3966
2013-06-25,banxico,fx_rate_fix,13.2424,13.2424
2013-06-26,banxico,fx_rate_fix,13.1884,13.1884
2013-06-27,banxico,fx_rate_fix,13.0235,13.0235
2013-06-28,banxico,fx_rate_fix,13.0279,13.0279
2013-07-01,banxico,fx_rate_fix,12.9131,12.9131
2013-07-02,banxico,fx_rate_fix,12.9850,12.985
2013-07-03,banxico,fx_rate_fix,13.0377,13.0377
2013-07-04,banxico,fx_rate_fix,12.8902,12.8902
2013-07-05,banxico,fx_rate_fix,13.0567,13.0567
2013-07-08,banxico,fx_rate_fix,12.9267,12.9267
2013-07-09,banxico,fx_rate_fix,12.8654,12.8654
2013-07-10,banxico,fx_rate_fix,12.9494,12.9494
2013-07-11,banxico,fx_rate_fix,12.8599,12.8599
2013-07-12,banxico,fx_rate_fix,12.8234,12.8234
2013-07-15,banxico,fx_rate_fix,12.7387,12.7387
2013-07-16,banxico,fx_rate_fix,12.6299,12.6299
2013-07-17,banxico,fx_rate_fix,12.5455,12.5455
2013-07-18,banxico,fx_rate_fix,12.4976,12.4976
2013-07-19,banxico,fx_rate_fix,12.5499,12.5499
2013-07-22,banxico,fx_rate_fix,12.5054,12.5054
2013-07-23,banxico,fx_rate_fix,12.5093,12.5093
2013-07-24,banxico,fx_rate_fix,12.6330,12.633
2013-07-25,banxico,fx_rate_fix,12.6468,12.6468
2013-07-26,banxico,fx_rate_fix,12.7091,12.7091
2013-07-29,banxico,fx_rate_fix,12.7321,12.7321
2013-07-30,banxico,fx_rate_fix,12.7635,12.7635
2013-07-31,banxico,fx_rate_fix,12.8464,12.8464
2013-08-01,banxico,fx_rate_fix,12.8068,12.8068
2013-08-02,banxico,fx_rate_fix,12.6904,12.6904
2013-08-05,banxico,fx_rate_fix,12.6759,12.6759
2013-08-06,banxico,fx_rate_fix,12.6445,12.6445
2013-08-07,banxico,fx_rate_fix,12.6989,12.6989
2013-08-08,banxico,fx_rate_fix,12.6460,12.646
2013-08-09,banxico,fx_rate_fix,12.5889,12.5889
2013-08-12,banxico,fx_rate_fix,12.5666,12.5666
2013-08-13,banxico,fx_rate_fix,12.7545,12.7545
2013-08-14,banxico,fx_rate_fix,12.7255,12.7255
2013-08-15,banxico,fx_rate_fix,12.8625,12.8625
2013-08-16,banxico,fx_rate_fix,12.8722,12.8722
2013-08-19,banxico,fx_rate_fix,13.0124,13.0124
2013-08-20,banxico,fx_rate_fix,13.0064,13.0064
2013-08-21,banxico,fx_rate_fix,13.1424,13.1424
2013-08-22,banxico,fx_rate_fix,13.1486,13.1486
2013-08-23,banxico,fx_rate_fix,12.9979,12.9979
2013-08-26,banxico,fx_rate_fix,13.1090,13.109
2013-08-27,banxico,fx_rate_fix,13.3366,13.3366
2013-08-28,banxico,fx_rate_fix,13.2539,13.2539
2013-08-29,banxico,fx_rate_fix,13.3104,13.3104
2013-08-30,banxico,fx_rate_fix,13.3415,13.3415
2013-09-02,banxico,fx_rate_fix,13.3070,13.307
2013-09-03,banxico,fx_rate_fix,13.4394,13.4394
2013-09-04,banxico,fx_rate_fix,13.3065,13.3065
2013-09-05,banxico,fx_rate_fix,13.4079,13.4079
2013-09-06,banxico,fx_rate_fix,13.2413,13.2413
2013-09-09,banxico,fx_rate_fix,13.1471,13.1471
2013-09-10,banxico,fx_rate_fix,13.1119,13.1119
2013-09-11,banxico,fx_rate_fix,13.0938,13.0938
2013-09-12,banxico,fx_rate_fix,13.0854,13.0854
2013-09-13,banxico,fx_rate_fix,13.0540,13.054
2013-09-17,banxico,fx_rate_fix,12.9241,12.9241
2013-09-18,banxico,fx_rate_fix,12.9687,12.9687
2013-09-19,banxico,fx_rate_fix,12.7179,12.7179
2013-09-20,banxico,fx_rate_fix,12.7685,12.7685
2013-09-23,banxico,fx_rate_fix,12.7846,12.7846
2013-09-24,banxico,fx_rate_fix,12.8754,12.8754
2013-09-25,banxico,fx_rate_fix,12.9530,12.953
2013-09-26,banxico,fx_rate_fix,13.0119,13.0119
2013-09-27,banxico,fx_rate_fix,13.1450,13.145
2013-09-30,banxico,fx_rate_fix,13.1747,13.1747
2013-10-01,banxico,fx_rate_fix,13.1294,13.1294
2013-10-02,banxico,fx_rate_fix,13.1593,13.1593
2013-10-03,banxico,fx_rate_fix,13.2663,13.2663
2013-10-04,banxico,fx_rate_fix,13.0976,13.0976
2013-10-07,banxico,fx_rate_fix,13.0959,13.0959
2013-10-08,banxico,fx_rate_fix,13.1417,13.1417
2013-10-09,banxico,fx_rate_fix,13.2126,13.2126
2013-10-10,banxico,fx_rate_fix,13.0913,13.0913
2013-10-11,banxico,fx_rate_fix,13.0514,13.0514
2013-10-14,banxico,fx_rate_fix,13.0492,13.0492
2013-10-15,banxico,fx_rate_fix,12.9725,12.9725
2013-10-16,banxico,fx_rate_fix,12.8816,12.8816
2013-10-17,banxico,fx_rate_fix,12.7717,12.7717
2013-10-18,banxico,fx_rate_fix,12.7988,12.7988
2013-10-21,banxico,fx_rate_fix,12.9314,12.9314
2013-10-22,banxico,fx_rate_fix,12.8713,12.8713
2013-10-23,banxico,fx_rate_fix,12.9433,12.9433
2013-10-24,banxico,fx_rate_fix,12.9916,12.9916
2013-10-25,banxico,fx_rate_fix,12.8693,12.8693
2013-10-28,banxico,fx_rate_fix,12.8948,12.8948
2013-10-29,banxico,fx_rate_fix,12.8903,12.8903
2013-10-30,banxico,fx_rate_fix,12.8640,12.864
2013-10-31,banxico,fx_rate_fix,13.0067,13.0067
2013-11-01,banxico,fx_rate_fix,13.0789,13.0789
2013-11-04,banxico,fx_rate_fix,12.9869,12.9869
2013-11-05,banxico,fx_rate_fix,13.1341,13.1341
2013-11-06,banxico,fx_rate_fix,13.1388,13.1388
2013-11-07,banxico,fx_rate_fix,13.1912,13.1912
2013-11-08,banxico,fx_rate_fix,13.2412,13.2412
2013-11-11,banxico,fx_rate_fix,13.2314,13.2314
2013-11-12,banxico,fx_rate_fix,13.1879,13.1879
2013-11-13,banxico,fx_rate_fix,13.1030,13.103
2013-11-14,banxico,fx_rate_fix,13.0173,13.0173
2013-11-15,banxico,fx_rate_fix,12.9524,12.9524
2013-11-19,banxico,fx_rate_fix,12.8869,12.8869
2013-11-20,banxico,fx_rate_fix,12.9697,12.9697
2013-11-21,banxico,fx_rate_fix,13.0617,13.0617
2013-11-22,banxico,fx_rate_fix,13.0223,13.0223
2013-11-25,banxico,fx_rate_fix,13.0267,13.0267
2013-11-26,banxico,fx_rate_fix,13.0745,13.0745
2013-11-27,banxico,fx_rate_fix,13.0925,13.0925
2013-11-28,banxico,fx_rate_fix,13.0836,13.0836
2013-11-29,banxico,fx_rate_fix,13.1101,13.1101
2013-12-02,banxico,fx_rate_fix,13.2041,13.2041
2013-12-03,banxico,fx_rate_fix,13.2372,13.2372
2013-12-04,banxico,fx_rate_fix,13.0826,13.0826
2013-12-05,banxico,fx_rate_fix,13.0057,13.0057
2013-12-06,banxico,fx_rate_fix,12.9299,12.9299
2013-12-09,banxico,fx_rate_fix,12.8612,12.8612
2013-12-10,banxico,fx_rate_fix,12.8574,12.8574
2013-12-11,banxico,fx_rate_fix,12.9342,12.9342
2013-12-13,banxico,fx_rate_fix,12.9515,12.9515
2013-12-16,banxico,fx_rate_fix,12.9439,12.9439
2013-12-17,banxico,fx_rate_fix,12.9575,12.9575
2013-12-18,banxico,fx_rate_fix,12.9937,12.9937
2013-12-19,banxico,fx_rate_fix,12.9730,12.973
2013-12-20,banxico,fx_rate_fix,12.9574,12.9574
2013-12-23,banxico,fx_rate_fix,12.9610,12.961
2013-12-24,banxico,fx_rate_fix,13.0200,13.02
2013-12-26,banxico,fx_rate_fix,13.0547,13.0547
2013-12-27,banxico,fx_rate_fix,13.0765,13.0765
2013-12-30,banxico,fx_rate_fix,13.0652,13.0652
2013-12-31,banxico,fx_rate_fix,13.0843,13.0843
2014-01-02,banxico,fx_rate_fix,13.1011,13.1011
2014-01-03,banxico,fx_rate_fix,13.0911,13.0911
2014-01-06,banxico,fx_rate_fix,13.0905,13.0905
2014-01-07,banxico,fx_rate_fix,13.0337,13.0337
2014-01-08,banxico,fx_rate_fix,13.0846,13.0846
2014-01-09,banxico,fx_rate_fix,13.1403,13.1403
2014-01-10,banxico,fx_rate_fix,13.0065,13.0065
2014-01-13,banxico,fx_rate_fix,12.9889,12.9889
2014-01-14,banxico,fx_rate_fix,13.0956,13.0956
2014-01-15,banxico,fx_rate_fix,13.1689,13.1689
2014-01-16,banxico,fx_rate_fix,13.2907,13.2907
2014-01-17,banxico,fx_rate_fix,13.2737,13.2737
2014-01-20,banxico,fx_rate_fix,13.2420,13.242
2014-01-21,banxico,fx_rate_fix,13.2984,13.2984
2014-01-22,banxico,fx_rate_fix,13.3194,13.3194
2014-01-23,banxico,fx_rate_fix,13.3722,13.3722
2014-01-24,banxico,fx_rate_fix,13.4930,13.493
2014-01-27,banxico,fx_rate_fix,13.4408,13.4408
2014-01-28,banxico,fx_rate_fix,13.3104,13.3104
2014-01-29,banxico,fx_rate_fix,13.3671,13.3671
2014-01-30,banxico,fx_rate_fix,13.3207,13.3207
2014-01-31,banxico,fx_rate_fix,13.3769,13.3769
2014-02-04,banxico,fx_rate_fix,13.3928,13.3928
2014-02-05,banxico,fx_rate_fix,13.3705,13.3705
2014-02-06,banxico,fx_rate_fix,13.2211,13.2211
2014-02-07,banxico,fx_rate_fix,13.3285,13.3285
2014-02-10,banxico,fx_rate_fix,13.3134,13.3134
2014-02-11,banxico,fx_rate_fix,13.2916,13.2916
2014-02-12,banxico,fx_rate_fix,13.3056,13.3056
2014-02-13,banxico,fx_rate_fix,13.3320,13.332
2014-02-14,banxico,fx_rate_fix,13.2477,13.2477
2014-02-17,banxico,fx_rate_fix,13.1949,13.1949
2014-02-18,banxico,fx_rate_fix,13.2261,13.2261
2014-02-19,banxico,fx_rate_fix,13.2714,13.2714
2014-02-20,banxico,fx_rate_fix,13.2913,13.2913
2014-02-21,banxico,fx_rate_fix,13.2704,13.2704
2014-02-24,banxico,fx_rate_fix,13.2090,13.209
2014-02-25,banxico,fx_rate_fix,13.2248,13.2248
2014-02-26,banxico,fx_rate_fix,13.2992,13.2992
2014-02-27,banxico,fx_rate_fix,13.3066,13.3066
2014-02-28,banxico,fx_rate_fix,13.2379,13.2379
2014-03-03,banxico,fx_rate_fix,13.3201,13.3201
2014-03-04,banxico,fx_rate_fix,13.2752,13.2752
2014-03-05,banxico,fx_rate_fix,13.2519,13.2519
2014-03-06,banxico,fx_rate_fix,13.1476,13.1476
2014-03-07,banxico,fx_rate_fix,13.1795,13.1795
2014-03-10,banxico,fx_rate_fix,13.2248,13.2248
2014-03-11,banxico,fx_rate_fix,13.2430,13.243
2014-03-12,banxico,fx_rate_fix,13.2659,13.2659
2014-03-13,banxico,fx_rate_fix,13.2456,13.2456
2014-03-14,banxico,fx_rate_fix,13.2340,13.234
2014-03-18,banxico,fx_rate_fix,13.1675,13.1675
2014-03-19,banxico,fx_rate_fix,13.1695,13.1695
2014-03-20,banxico,fx_rate_fix,13.2703,13.2703
2014-03-21,banxico,fx_rate_fix,13.2200,13.22
2014-03-24,banxico,fx_rate_fix,13.2019,13.2019
2014-03-25,banxico,fx_rate_fix,13.1349,13.1349
2014-03-26,banxico,fx_rate_fix,13.1273,13.1273
2014-03-27,banxico,fx_rate_fix,13.0837,13.0837
2014-03-28,banxico,fx_rate_fix,13.0841,13.0841
2014-03-31,banxico,fx_rate_fix,13.0549,13.0549
2014-04-01,banxico,fx_rate_fix,13.0313,13.0313
2014-04-02,banxico,fx_rate_fix,13.0991,13.0991
2014-04-03,banxico,fx_rate_fix,13.1324,13.1324
2014-04-04,banxico,fx_rate_fix,13.0345,13.0345
2014-04-07,banxico,fx_rate_fix,13.0179,13.0179
2014-04-08,banxico,fx_rate_fix,12.9642,12.9642
2014-04-09,banxico,fx_rate_fix,13.0604,13.0604
2014-04-10,banxico,fx_rate_fix,13.0453,13.0453
2014-04-11,banxico,fx_rate_fix,13.0788,13.0788
2014-04-14,banxico,fx_rate_fix,13.0493,13.0493
2014-04-15,banxico,fx_rate_fix,13.0986,13.0986
2014-04-16,banxico,fx_rate_fix,13.0603,13.0603
2014-04-21,banxico,fx_rate_fix,13.0413,13.0413
2014-04-22,banxico,fx_rate_fix,13.0448,13.0448
2014-04-23,banxico,fx_rate_fix,13.0908,13.0908
2014-04-24,banxico,fx_rate_fix,13.1010,13.101
2014-04-25,banxico,fx_rate_fix,13.1371,13.1371
2014-04-28,banxico,fx_rate_fix,13.1356,13.1356
2014-04-29,banxico,fx_rate_fix,13.1039,13.1039
2014-04-30,banxico,fx_rate_fix,13.0901,13.0901
2014-05-02,banxico,fx_rate_fix,12.9981,12.9981
2014-05-05,banxico,fx_rate_fix,13.0102,13.0102
2014-05-06,banxico,fx_rate_fix,13.0129,13.0129
2014-05-07,banxico,fx_rate_fix,12.9876,12.9876
2014-05-08,banxico,fx_rate_fix,12.9477,12.9477
2014-05-09,banxico,fx_rate_fix,12.9843,12.9843
2014-05-12,banxico,fx_rate_fix,12.9534,12.9534
2014-05-13,banxico,fx_rate_fix,12.9234,12.9234
2014-05-14,banxico,fx_rate_fix,12.8993,12.8993
2014-05-15,banxico,fx_rate_fix,12.9755,12.9755
2014-05-16,banxico,fx_rate_fix,12.9193,12.9193
2014-05-19,banxico,fx_rate_fix,12.8944,12.8944
2014-05-20,banxico,fx_rate_fix,12.9425,12.9425
2014-05-21,banxico,fx_rate_fix,12.9132,12.9132
2014-05-22,banxico,fx_rate_fix,12.8801,12.8801
2014-05-23,banxico,fx_rate_fix,12.8656,12.8656
2014-05-26,banxico,fx_rate_fix,12.8616,12.8616
2014-05-27,banxico,fx_rate_fix,12.8772,12.8772
2014-05-28,banxico,fx_rate_fix,12.8660,12.866
2014-05-29,banxico,fx_rate_fix,12.8462,12.8462
2014-05-30,banxico,fx_rate_fix,12.8609,12.8609
2014-06-02,banxico,fx_rate_fix,12.9108,12.9108
2014-06-03,banxico,fx_rate_fix,12.9447,12.9447
2014-06-04,banxico,fx_rate_fix,12.9527,12.9527
2014-06-05,banxico,fx_rate_fix,12.8868,12.8868
2014-06-06,banxico,fx_rate_fix,12.8981,12.8981
2014-06-09,banxico,fx_rate_fix,12.9912,12.9912
2014-06-10,banxico,fx_rate_fix,13.0486,13.0486
2014-06-11,banxico,fx_rate_fix,13.0306,13.0306
2014-06-12,banxico,fx_rate_fix,12.9815,12.9815
2014-06-13,banxico,fx_rate_fix,13.0164,13.0164
2014-06-16,banxico,fx_rate_fix,13.0323,13.0323
2014-06-17,banxico,fx_rate_fix,13.1007,13.1007
2014-06-18,banxico,fx_rate_fix,13.0672,13.0672
2014-06-19,banxico,fx_rate_fix,12.9885,12.9885
2014-06-20,banxico,fx_rate_fix,13.0124,13.0124
2014-06-23,banxico,fx_rate_fix,13.0056,13.0056
2014-06-24,banxico,fx_rate_fix,13.0218,13.0218
2014-06-25,banxico,fx_rate_fix,13.0174,13.0174
2014-06-26,banxico,fx_rate_fix,13.0323,13.0323
2014-06-27,banxico,fx_rate_fix,13.0002,13.0002
2014-06-30,banxico,fx_rate_fix,12.9712,12.9712
2014-07-01,banxico,fx_rate_fix,12.9605,12.9605
2014-07-02,banxico,fx_rate_fix,12.9673,12.9673
2014-07-03,banxico,fx_rate_fix,12.9829,12.9829
2014-07-04,banxico,fx_rate_fix,12.9768,12.9768
2014-07-07,banxico,fx_rate_fix,12.9949,12.9949
2014-07-08,banxico,fx_rate_fix,13.0006,13.0006
2014-07-09,banxico,fx_rate_fix,12.9780,12.978
2014-07-10,banxico,fx_rate_fix,13.0015,13.0015
2014-07-11,banxico,fx_rate_fix,12.9850,12.985
2014-07-14,banxico,fx_rate_fix,12.9755,12.9755
2014-07-15,banxico,fx_rate_fix,12.9611,12.9611
2014-07-16,banxico,fx_rate_fix,12.9390,12.939
2014-07-17,banxico,fx_rate_fix,12.9454,12.9454
2014-07-18,banxico,fx_rate_fix,12.9588,12.9588
2014-07-21,banxico,fx_rate_fix,12.9751,12.9751
2014-07-22,banxico,fx_rate_fix,12.9393,12.9393
2014-07-23,banxico,fx_rate_fix,12.9286,12.9286
2014-07-24,banxico,fx_rate_fix,12.9572,12.9572
2014-07-25,banxico,fx_rate_fix,12.9445,12.9445
2014-07-28,banxico,fx_rate_fix,12.9878,12.9878
2014-07-29,banxico,fx_rate_fix,13.0578,13.0578
2014-07-30,banxico,fx_rate_fix,13.1357,13.1357
2014-07-31,banxico,fx_rate_fix,13.2269,13.2269
2014-08-01,banxico,fx_rate_fix,13.1932,13.1932
2014-08-04,banxico,fx_rate_fix,13.1962,13.1962
2014-08-05,banxico,fx_rate_fix,13.2716,13.2716
2014-08-06,banxico,fx_rate_fix,13.2580,13.258
2014-08-07,banxico,fx_rate_fix,13.2551,13.2551
2014-08-08,banxico,fx_rate_fix,13.2360,13.236
2014-08-11,banxico,fx_rate_fix,13.1998,13.1998
2014-08-12,banxico,fx_rate_fix,13.1590,13.159
2014-08-13,banxico,fx_rate_fix,13.1113,13.1113
2014-08-14,banxico,fx_rate_fix,13.0717,13.0717
2014-08-15,banxico,fx_rate_fix,13.0748,13.0748
2014-08-18,banxico,fx_rate_fix,13.0505,13.0505
2014-08-19,banxico,fx_rate_fix,13.0532,13.0532
2014-08-20,banxico,fx_rate_fix,13.0814,13.0814
2014-08-21,banxico,fx_rate_fix,13.0963,13.0963
2014-08-22,banxico,fx_rate_fix,13.1328,13.1328
2014-08-25,banxico,fx_rate_fix,13.1383,13.1383
2014-08-26,banxico,fx_rate_fix,13.1059,13.1059
2014-08-27,banxico,fx_rate_fix,13.0811,13.0811
2014-08-28,banxico,fx_rate_fix,13.1109,13.1109
2014-08-29,banxico,fx_rate_fix,13.0763,13.0763
2014-09-01,banxico,fx_rate_fix,13.0833,13.0833
2014-09-02,banxico,fx_rate_fix,13.1299,13.1299
2014-09-03,banxico,fx_rate_fix,13.0892,13.0892
2014-09-04,banxico,fx_rate_fix,13.0959,13.0959
2014-09-05,banxico,fx_rate_fix,13.0788,13.0788
2014-09-08,banxico,fx_rate_fix,13.0813,13.0813
2014-09-09,banxico,fx_rate_fix,13.2162,13.2162
2014-09-10,banxico,fx_rate_fix,13.2144,13.2144
2014-09-11,banxico,fx_rate_fix,13.2144,13.2144
2014-09-12,banxico,fx_rate_fix,13.2644,13.2644
2014-09-15,banxico,fx_rate_fix,13.2223,13.2223
2014-09-17,banxico,fx_rate_fix,13.1762,13.1762
2014-09-18,banxico,fx_rate_fix,13.2402,13.2402
2014-09-19,banxico,fx_rate_fix,13.2369,13.2369
2014-09-22,banxico,fx_rate_fix,13.2566,13.2566
2014-09-23,banxico,fx_rate_fix,13.2768,13.2768
2014-09-24,banxico,fx_rate_fix,13.3015,13.3015
2014-09-25,banxico,fx_rate_fix,13.3848,13.3848
2014-09-26,banxico,fx_rate_fix,13.4541,13.4541
2014-09-29,banxico,fx_rate_fix,13.4891,13.4891
2014-09-30,banxico,fx_rate_fix,13.4330,13.433
2014-10-01,banxico,fx_rate_fix,13.4455,13.4455
2014-10-02,banxico,fx_rate_fix,13.4026,13.4026
2014-10-03,banxico,fx_rate_fix,13.4835,13.4835
2014-10-06,banxico,fx_rate_fix,13.4089,13.4089
2014-10-07,banxico,fx_rate_fix,13.4332,13.4332
2014-10-08,banxico,fx_rate_fix,13.4786,13.4786
2014-10-09,banxico,fx_rate_fix,13.3789,13.3789
2014-10-10,banxico,fx_rate_fix,13.4331,13.4331
2014-10-13,banxico,fx_rate_fix,13.4203,13.4203
2014-10-14,banxico,fx_rate_fix,13.4094,13.4094
2014-10-15,banxico,fx_rate_fix,13.5423,13.5423
2014-10-16,banxico,fx_rate_fix,13.5616,13.5616
2014-10-17,banxico,fx_rate_fix,13.5231,13.5231
2014-10-20,banxico,fx_rate_fix,13.5357,13.5357
2014-10-21,banxico,fx_rate_fix,13.4989,13.4989
2014-10-22,banxico,fx_rate_fix,13.5559,13.5559
2014-10-23,banxico,fx_rate_fix,13.5288,13.5288
2014-10-24,banxico,fx_rate_fix,13.5263,13.5263
2014-10-27,banxico,fx_rate_fix,13.5701,13.5701
2014-10-28,banxico,fx_rate_fix,13.4843,13.4843
2014-10-29,banxico,fx_rate_fix,13.4239,13.4239
2014-10-30,banxico,fx_rate_fix,13.4316,13.4316
2014-10-31,banxico,fx_rate_fix,13.4773,13.4773
2014-11-03,banxico,fx_rate_fix,13.5503,13.5503
2014-11-04,banxico,fx_rate_fix,13.5925,13.5925
2014-11-05,banxico,fx_rate_fix,13.6070,13.607
2014-11-06,banxico,fx_rate_fix,13.6173,13.6173
2014-11-07,banxico,fx_rate_fix,13.5573,13.5573
2014-11-10,banxico,fx_rate_fix,13.5528,13.5528
2014-11-11,banxico,fx_rate_fix,13.5874,13.5874
2014-11-12,banxico,fx_rate_fix,13.5613,13.5613
2014-11-13,banxico,fx_rate_fix,13.5995,13.5995
2014-11-14,banxico,fx_rate_fix,13.5348,13.5348
2014-11-18,banxico,fx_rate_fix,13.5445,13.5445
2014-11-19,banxico,fx_rate_fix,13.6146,13.6146
2014-11-20,banxico,fx_rate_fix,13.6115,13.6115
2014-11-21,banxico,fx_rate_fix,13.6152,13.6152
2014-11-24,banxico,fx_rate_fix,13.6374,13.6374
2014-11-25,banxico,fx_rate_fix,13.6420,13.642
2014-11-26,banxico,fx_rate_fix,13.7219,13.7219
2014-11-27,banxico,fx_rate_fix,13.7667,13.7667
2014-11-28,banxico,fx_rate_fix,13.8965,13.8965
2014-12-01,banxico,fx_rate_fix,13.9262,13.9262
2014-12-02,banxico,fx_rate_fix,14.0760,14.076
2014-12-03,banxico,fx_rate_fix,14.0918,14.0918
2014-12-04,banxico,fx_rate_fix,14.1165,14.1165
2014-12-05,banxico,fx_rate_fix,14.3045,14.3045
2014-12-08,banxico,fx_rate_fix,14.4042,14.4042
2014-12-09,banxico,fx_rate_fix,14.3674,14.3674
2014-12-10,banxico,fx_rate_fix,14.5181,14.5181
2014-12-11,banxico,fx_rate_fix,14.6648,14.6648
2014-12-15,banxico,fx_rate_fix,14.7853,14.7853
2014-12-16,banxico,fx_rate_fix,14.7499,14.7499
2014-12-17,banxico,fx_rate_fix,14.6028,14.6028
2014-12-18,banxico,fx_rate_fix,14.5562,14.5562
2014-12-19,banxico,fx_rate_fix,14.6378,14.6378
2014-12-22,banxico,fx_rate_fix,14.6359,14.6359
2014-12-23,banxico,fx_rate_fix,14.7008,14.7008
2014-12-24,banxico,fx_rate_fix,14.7429,14.7429
2014-12-26,banxico,fx_rate_fix,14.6955,14.6955
2014-12-29,banxico,fx_rate_fix,14.7180,14.718
2014-12-30,banxico,fx_rate_fix,14.7348,14.7348
2014-12-31,banxico,fx_rate_fix,14.7414,14.7414
2015-01-02,banxico,fx_rate_fix,14.8290,14.829
2015-01-05,banxico,fx_rate_fix,14.9469,14.9469
2015-01-06,banxico,fx_rate_fix,14.8479,14.8479
2015-01-07,banxico,fx_rate_fix,14.7936,14.7936
2015-01-08,banxico,fx_rate_fix,14.6274,14.6274
2015-01-09,banxico,fx_rate_fix,14.5804,14.5804
2015-01-12,banxico,fx_rate_fix,14.6398,14.6398
2015-01-13,banxico,fx_rate_fix,14.5559,14.5559
2015-01-14,banxico,fx_rate_fix,14.5644,14.5644
2015-01-15,banxico,fx_rate_fix,14.5821,14.5821
2015-01-16,banxico,fx_rate_fix,14.6223,14.6223
2015-01-19,banxico,fx_rate_fix,14.6524,14.6524
2015-01-20,banxico,fx_rate_fix,14.6484,14.6484
2015-01-21,banxico,fx_rate_fix,14.6983,14.6983
2015-01-22,banxico,fx_rate_fix,14.6120,14.612
2015-01-23,banxico,fx_rate_fix,14.6499,14.6499
2015-01-26,banxico,fx_rate_fix,14.5887,14.5887
2015-01-27,banxico,fx_rate_fix,14.5872,14.5872
2015-01-28,banxico,fx_rate_fix,14.6878,14.6878
2015-01-29,banxico,fx_rate_fix,14.8414,14.8414
2015-01-30,banxico,fx_rate_fix,14.9885,14.9885
2015-02-03,banxico,fx_rate_fix,14.7566,14.7566
2015-02-04,banxico,fx_rate_fix,14.8011,14.8011
2015-02-05,banxico,fx_rate_fix,14.7548,14.7548
2015-02-06,banxico,fx_rate_fix,14.9024,14.9024
2015-02-09,banxico,fx_rate_fix,14.8014,14.8014
2015-02-10,banxico,fx_rate_fix,14.9309,14.9309
2015-02-11,banxico,fx_rate_fix,15.1099,15.1099
2015-02-12,banxico,fx_rate_fix,14.9167,14.9167
2015-02-13,banxico,fx_rate_fix,14.8605,14.8605
2015-02-16,banxico,fx_rate_fix,14.8979,14.8979
2015-02-17,banxico,fx_rate_fix,14.8971,14.8971
2015-02-18,banxico,fx_rate_fix,14.9473,14.9473
2015-02-19,banxico,fx_rate_fix,14.9583,14.9583
2015-02-20,banxico,fx_rate_fix,15.0757,15.0757
2015-02-23,banxico,fx_rate_fix,15.0832,15.0832
2015-02-24,banxico,fx_rate_fix,14.9712,14.9712
2015-02-25,banxico,fx_rate_fix,14.9228,14.9228
2015-02-26,banxico,fx_rate_fix,14.9624,14.9624
2015-02-27,banxico,fx_rate_fix,14.9553,14.9553
2015-03-02,banxico,fx_rate_fix,14.9862,14.9862
2015-03-03,banxico,fx_rate_fix,14.9544,14.9544
2015-03-04,banxico,fx_rate_fix,15.0756,15.0756
2015-03-05,banxico,fx_rate_fix,15.1686,15.1686
2015-03-06,banxico,fx_rate_fix,15.4445,15.4445
2015-03-09,banxico,fx_rate_fix,15.4544,15.4544
2015-03-10,banxico,fx_rate_fix,15.5837,15.5837
2015-03-11,banxico,fx_rate_fix,15.4455,15.4455
2015-03-12,banxico,fx_rate_fix,15.4003,15.4003
2015-03-13,banxico,fx_rate_fix,15.4892,15.4892
2015-03-17,banxico,fx_rate_fix,15.4271,15.4271
2015-03-18,banxico,fx_rate_fix,15.4192,15.4192
2015-03-19,banxico,fx_rate_fix,15.2960,15.296
2015-03-20,banxico,fx_rate_fix,15.0317,15.0317
2015-03-23,banxico,fx_rate_fix,14.9644,14.9644
2015-03-24,banxico,fx_rate_fix,14.9347,14.9347
2015-03-25,banxico,fx_rate_fix,14.9524,14.9524
2015-03-26,banxico,fx_rate_fix,15.1056,15.1056
2015-03-27,banxico,fx_rate_fix,15.1542,15.1542
2015-03-30,banxico,fx_rate_fix,15.2427,15.2427
2015-03-31,banxico,fx_rate_fix,15.2647,15.2647
2015-04-01,banxico,fx_rate_fix,15.1206,15.1206
2015-04-06,banxico,fx_rate_fix,14.8003,14.8003
2015-04-07,banxico,fx_rate_fix,14.9039,14.9039
2015-04-08,banxico,fx_rate_fix,14.9072,14.9072
2015-04-09,banxico,fx_rate_fix,15.0554,15.0554
2015-04-10,banxico,fx_rate_fix,15.1706,15.1706
2015-04-13,banxico,fx_rate_fix,15.2947,15.2947
2015-04-14,banxico,fx_rate_fix,15.2339,15.2339
2015-04-15,banxico,fx_rate_fix,15.3891,15.3891
2015-04-16,banxico,fx_rate_fix,15.2455,15.2455
2015-04-17,banxico,fx_rate_fix,15.3128,15.3128
2015-04-20,banxico,fx_rate_fix,15.3973,15.3973
2015-04-21,banxico,fx_rate_fix,15.3837,15.3837
2015-04-22,banxico,fx_rate_fix,15.4518,15.4518
2015-04-23,banxico,fx_rate_fix,15.3539,15.3539
2015-04-24,banxico,fx_rate_fix,15.3834,15.3834
2015-04-27,banxico,fx_rate_fix,15.3213,15.3213
2015-04-28,banxico,fx_rate_fix,15.2225,15.2225
2015-04-29,banxico,fx_rate_fix,15.2043,15.2043
2015-04-30,banxico,fx_rate_fix,15.3714,15.3714
2015-05-04,banxico,fx_rate_fix,15.4940,15.494
2015-05-05,banxico,fx_rate_fix,15.3225,15.3225
2015-05-06,banxico,fx_rate_fix,15.2825,15.2825
2015-05-07,banxico,fx_rate_fix,15.3397,15.3397
2015-05-08,banxico,fx_rate_fix,15.1424,15.1424
2015-05-11,banxico,fx_rate_fix,15.2624,15.2624
2015-05-12,banxico,fx_rate_fix,15.3211,15.3211
2015-05-13,banxico,fx_rate_fix,15.2213,15.2213
2015-05-14,banxico,fx_rate_fix,15.1235,15.1235
2015-05-15,banxico,fx_rate_fix,15.0225,15.0225
2015-05-18,banxico,fx_rate_fix,15.1200,15.12
2015-05-19,banxico,fx_rate_fix,15.2008,15.2008
2015-05-20,banxico,fx_rate_fix,15.2120,15.212
2015-05-21,banxico,fx_rate_fix,15.2326,15.2326
2015-05-22,banxico,fx_rate_fix,15.2918,15.2918
2015-05-25,banxico,fx_rate_fix,15.2635,15.2635
2015-05-26,banxico,fx_rate_fix,15.3235,15.3235
2015-05-27,banxico,fx_rate_fix,15.3581,15.3581
2015-05-28,banxico,fx_rate_fix,15.3737,15.3737
2015-05-29,banxico,fx_rate_fix,15.3815,15.3815
2015-06-01,banxico,fx_rate_fix,15.4845,15.4845
2015-06-02,banxico,fx_rate_fix,15.4128,15.4128
2015-06-03,banxico,fx_rate_fix,15.4833,15.4833
2015-06-04,banxico,fx_rate_fix,15.5347,15.5347
2015-06-05,banxico,fx_rate_fix,15.6958,15.6958
2015-06-08,banxico,fx_rate_fix,15.6715,15.6715
2015-06-09,banxico,fx_rate_fix,15.5645,15.5645
2015-06-10,banxico,fx_rate_fix,15.4779,15.4779
2015-06-11,banxico,fx_rate_fix,15.4409,15.4409
2015-06-12,banxico,fx_rate_fix,15.4129,15.4129
2015-06-15,banxico,fx_rate_fix,15.4327,15.4327
2015-06-16,banxico,fx_rate_fix,15.4192,15.4192
2015-06-17,banxico,fx_rate_fix,15.4199,15.4199
2015-06-18,banxico,fx_rate_fix,15.2828,15.2828
2015-06-19,banxico,fx_rate_fix,15.3274,15.3274
2015-06-22,banxico,fx_rate_fix,15.3072,15.3072
2015-06-23,banxico,fx_rate_fix,15.4088,15.4088
2015-06-24,banxico,fx_rate_fix,15.4555,15.4555
2015-06-25,banxico,fx_rate_fix,15.4816,15.4816
2015-06-26,banxico,fx_rate_fix,15.5676,15.5676
2015-06-29,banxico,fx_rate_fix,15.6599,15.6599
2015-06-30,banxico,fx_rate_fix,15.6854,15.6854
2015-07-01,banxico,fx_rate_fix,15.7829,15.7829
2015-07-02,banxico,fx_rate_fix,15.6821,15.6821
2015-07-03,banxico,fx_rate_fix,15.6918,15.6918
2015-07-06,banxico,fx_rate_fix,15.7530,15.753
2015-07-07,banxico,fx_rate_fix,15.8281,15.8281
2015-07-08,banxico,fx_rate_fix,15.8174,15.8174
2015-07-09,banxico,fx_rate_fix,15.7856,15.7856
2015-07-10,banxico,fx_rate_fix,15.7329,15.7329
2015-07-13,banxico,fx_rate_fix,15.7404,15.7404
2015-07-14,banxico,fx_rate_fix,15.6728,15.6728
2015-07-15,banxico,fx_rate_fix,15.7470,15.747
2015-07-16,banxico,fx_rate_fix,15.8014,15.8014
2015-07-17,banxico,fx_rate_fix,15.9121,15.9121
2015-07-20,banxico,fx_rate_fix,15.9856,15.9856
2015-07-21,banxico,fx_rate_fix,15.9728,15.9728
2015-07-22,banxico,fx_rate_fix,16.0950,16.095
2015-07-23,banxico,fx_rate_fix,16.0988,16.0988
2015-07-24,banxico,fx_rate_fix,16.2364,16.2364
2015-07-27,banxico,fx_rate_fix,16.2681,16.2681
2015-07-28,banxico,fx_rate_fix,16.2638,16.2638
2015-07-29,banxico,fx_rate_fix,16.2140,16.214
2015-07-30,banxico,fx_rate_fix,16.4512,16.4512
2015-07-31,banxico,fx_rate_fix,16.0772,16.0772
2015-08-03,banxico,fx_rate_fix,16.1129,16.1129
2015-08-04,banxico,fx_rate_fix,16.1736,16.1736
2015-08-05,banxico,fx_rate_fix,16.3762,16.3762
2015-08-06,banxico,fx_rate_fix,16.3533,16.3533
2015-08-07,banxico,fx_rate_fix,16.1645,16.1645
2015-08-10,banxico,fx_rate_fix,16.1652,16.1652
2015-08-11,banxico,fx_rate_fix,16.3241,16.3241
2015-08-12,banxico,fx_rate_fix,16.2976,16.2976
2015-08-13,banxico,fx_rate_fix,16.3541,16.3541
2015-08-14,banxico,fx_rate_fix,16.3658,16.3658
2015-08-17,banxico,fx_rate_fix,16.3993,16.3993
2015-08-18,banxico,fx_rate_fix,16.4317,16.4317
2015-08-19,banxico,fx_rate_fix,16.4908,16.4908
2015-08-20,banxico,fx_rate_fix,16.7182,16.7182
2015-08-21,banxico,fx_rate_fix,16.9171,16.9171
2015-08-24,banxico,fx_rate_fix,17.0975,17.0975
2015-08-25,banxico,fx_rate_fix,16.9859,16.9859
2015-08-26,banxico,fx_rate_fix,17.1065,17.1065
2015-08-27,banxico,fx_rate_fix,16.8863,16.8863
2015-08-28,banxico,fx_rate_fix,16.7684,16.7684
2015-08-31,banxico,fx_rate_fix,16.7829,16.7829
2015-09-01,banxico,fx_rate_fix,16.8692,16.8692
2015-09-02,banxico,fx_rate_fix,16.9444,16.9444
2015-09-03,banxico,fx_rate_fix,16.7918,16.7918
2015-09-04,banxico,fx_rate_fix,16.8454,16.8454
2015-09-07,banxico,fx_rate_fix,16.9880,16.988
2015-09-08,banxico,fx_rate_fix,16.7979,16.7979
2015-09-09,banxico,fx_rate_fix,16.7773,16.7773
2015-09-10,banxico,fx_rate_fix,16.8103,16.8103
2015-09-11,banxico,fx_rate_fix,16.8261,16.8261
2015-09-14,banxico,fx_rate_fix,16.8168,16.8168
2015-09-15,banxico,fx_rate_fix,16.7716,16.7716
2015-09-17,banxico,fx_rate_fix,16.5680,16.568
2015-09-18,banxico,fx_rate_fix,16.5390,16.539
2015-09-21,banxico,fx_rate_fix,16.6865,16.6865
2015-09-22,banxico,fx_rate_fix,16.8713,16.8713
2015-09-23,banxico,fx_rate_fix,17.0453,17.0453
2015-09-24,banxico,fx_rate_fix,17.1149,17.1149
2015-09-25,banxico,fx_rate_fix,16.9595,16.9595
2015-09-28,banxico,fx_rate_fix,17.0073,17.0073
2015-09-29,banxico,fx_rate_fix,17.0771,17.0771
2015-09-30,banxico,fx_rate_fix,16.9053,16.9053
2015-10-01,banxico,fx_rate_fix,16.8566,16.8566
2015-10-02,banxico,fx_rate_fix,16.8162,16.8162
2015-10-05,banxico,fx_rate_fix,16.6941,16.6941
2015-10-06,banxico,fx_rate_fix,16.6878,16.6878
2015-10-07,banxico,fx_rate_fix,16.5762,16.5762
2015-10-08,banxico,fx_rate_fix,16.5464,16.5464
2015-10-09,banxico,fx_rate_fix,16.4180,16.418
2015-10-12,banxico,fx_rate_fix,16.4219,16.4219
2015-10-13,banxico,fx_rate_fix,16.5848,16.5848
2015-10-14,banxico,fx_rate_fix,16.5804,16.5804
2015-10-15,banxico,fx_rate_fix,16.4250,16.425
2015-10-16,banxico,fx_rate_fix,16.3959,16.3959
2015-10-19,banxico,fx_rate_fix,16.4899,16.4899
2015-10-20,banxico,fx_rate_fix,16.5618,16.5618
2015-10-21,banxico,fx_rate_fix,16.6600,16.66
2015-10-22,banxico,fx_rate_fix,16.5284,16.5284
2015-10-23,banxico,fx_rate_fix,16.5138,16.5138
2015-10-26,banxico,fx_rate_fix,16.4998,16.4998
2015-10-27,banxico,fx_rate_fix,16.5545,16.5545
2015-10-28,banxico,fx_rate_fix,16.4503,16.4503
2015-10-29,banxico,fx_rate_fix,16.6219,16.6219
2015-10-30,banxico,fx_rate_fix,16.5244,16.5244
2015-11-03,banxico,fx_rate_fix,16.4196,16.4196
2015-11-04,banxico,fx_rate_fix,16.5147,16.5147
2015-11-05,banxico,fx_rate_fix,16.5959,16.5959
2015-11-06,banxico,fx_rate_fix,16.8382,16.8382
2015-11-09,banxico,fx_rate_fix,16.8700,16.87
2015-11-10,banxico,fx_rate_fix,16.7658,16.7658
2015-11-11,banxico,fx_rate_fix,16.7173,16.7173
2015-11-12,banxico,fx_rate_fix,16.7406,16.7406
2015-11-13,banxico,fx_rate_fix,16.7395,16.7395
2015-11-17,banxico,fx_rate_fix,16.7570,16.757
2015-11-18,banxico,fx_rate_fix,16.7636,16.7636
2015-11-19,banxico,fx_rate_fix,16.5748,16.5748
2015-11-20,banxico,fx_rate_fix,16.5120,16.512
2015-11-23,banxico,fx_rate_fix,16.5306,16.5306
2015-11-24,banxico,fx_rate_fix,16.4705,16.4705
2015-11-25,banxico,fx_rate_fix,16.5548,16.5548
2015-11-26,banxico,fx_rate_fix,16.5492,16.5492
2015-11-27,banxico,fx_rate_fix,16.5784,16.5784
2015-11-30,banxico,fx_rate_fix,16.5856,16.5856
2015-12-01,banxico,fx_rate_fix,16.5104,16.5104
2015-12-02,banxico,fx_rate_fix,16.5933,16.5933
2015-12-03,banxico,fx_rate_fix,16.7095,16.7095
2015-12-04,banxico,fx_rate_fix,16.6757,16.6757
2015-12-07,banxico,fx_rate_fix,16.9044,16.9044
2015-12-08,banxico,fx_rate_fix,17.0164,17.0164
2015-12-09,banxico,fx_rate_fix,17.0160,17.016
2015-12-10,banxico,fx_rate_fix,17.0750,17.075
2015-12-11,banxico,fx_rate_fix,17.3592,17.3592
2015-12-14,banxico,fx_rate_fix,17.3776,17.3776
2015-12-15,banxico,fx_rate_fix,17.1529,17.1529
2015-12-16,banxico,fx_rate_fix,17.1360,17.136
2015-12-17,banxico,fx_rate_fix,17.1000,17.1
2015-12-18,banxico,fx_rate_fix,17.0139,17.0139
2015-12-21,banxico,fx_rate_fix,17.1034,17.1034
2015-12-22,banxico,fx_rate_fix,17.1847,17.1847
2015-12-23,banxico,fx_rate_fix,17.1953,17.1953
2015-12-24,banxico,fx_rate_fix,17.2760,17.276
2015-12-28,banxico,fx_rate_fix,17.2710,17.271
2015-12-29,banxico,fx_rate_fix,17.2065,17.2065
2015-12-30,banxico,fx_rate_fix,17.3398,17.3398
2015-12-31,banxico,fx_rate_fix,17.2487,17.2487
2016-01-04,banxico,fx_rate_fix,17.3529,17.3529
2016-01-05,banxico,fx_rate_fix,17.3456,17.3456
2016-01-06,banxico,fx_rate_fix,17.4411,17.4411
2016-01-07,banxico,fx_rate_fix,17.6568,17.6568
2016-01-08,banxico,fx_rate_fix,17.9283,17.9283
2016-01-11,banxico,fx_rate_fix,17.9304,17.9304
2016-01-12,banxico,fx_rate_fix,17.9119,17.9119
2016-01-13,banxico,fx_rate_fix,17.8500,17.85
2016-01-14,banxico,fx_rate_fix,17.9121,17.9121
2016-01-15,banxico,fx_rate_fix,18.2108,18.2108
2016-01-18,banxico,fx_rate_fix,18.2327,18.2327
2016-01-19,banxico,fx_rate_fix,18.1947,18.1947
2016-01-20,banxico,fx_rate_fix,18.6080,18.608
2016-01-21,banxico,fx_rate_fix,18.5084,18.5084
2016-01-22,banxico,fx_rate_fix,18.4280,18.428
2016-01-25,banxico,fx_rate_fix,18.5352,18.5352
2016-01-26,banxico,fx_rate_fix,18.4715,18.4715
2016-01-27,banxico,fx_rate_fix,18.4530,18.453
2016-01-28,banxico,fx_rate_fix,18.2906,18.2906
2016-01-29,banxico,fx_rate_fix,18.1935,18.1935
2016-02-02,banxico,fx_rate_fix,18.4902,18.4902
2016-02-03,banxico,fx_rate_fix,18.4537,18.4537
2016-02-04,banxico,fx_rate_fix,18.1891,18.1891
2016-02-05,banxico,fx_rate_fix,18.3748,18.3748
2016-02-08,banxico,fx_rate_fix,18.6959,18.6959
2016-02-09,banxico,fx_rate_fix,18.7818,18.7818
2016-02-10,banxico,fx_rate_fix,18.8089,18.8089
2016-02-11,banxico,fx_rate_fix,19.1754,19.1754
2016-02-12,banxico,fx_rate_fix,19.0392,19.0392
2016-02-15,banxico,fx_rate_fix,18.8471,18.8471
2016-02-16,banxico,fx_rate_fix,18.8148,18.8148
2016-02-17,banxico,fx_rate_fix,18.3895,18.3895
2016-02-18,banxico,fx_rate_fix,18.1439,18.1439
2016-02-19,banxico,fx_rate_fix,18.2762,18.2762
2016-02-22,banxico,fx_rate_fix,18.0568,18.0568
2016-02-23,banxico,fx_rate_fix,18.1948,18.1948
2016-02-24,banxico,fx_rate_fix,18.2893,18.2893
2016-02-25,banxico,fx_rate_fix,18.1680,18.168
2016-02-26,banxico,fx_rate_fix,18.1706,18.1706
2016-02-29,banxico,fx_rate_fix,18.1020,18.102
2016-03-01,banxico,fx_rate_fix,17.9432,17.9432
2016-03-02,banxico,fx_rate_fix,17.8561,17.8561
2016-03-03,banxico,fx_rate_fix,17.8971,17.8971
2016-03-04,banxico,fx_rate_fix,17.7723,17.7723
2016-03-07,banxico,fx_rate_fix,17.7526,17.7526
2016-03-08,banxico,fx_rate_fix,17.9044,17.9044
2016-03-09,banxico,fx_rate_fix,17.7523,17.7523
2016-03-10,banxico,fx_rate_fix,17.8601,17.8601
2016-03-11,banxico,fx_rate_fix,17.7002,17.7002
2016-03-14,banxico,fx_rate_fix,17.7691,17.7691
2016-03-15,banxico,fx_rate_fix,17.9260,17.926
2016-03-16,banxico,fx_rate_fix,17.9308,17.9308
2016-03-17,banxico,fx_rate_fix,17.4034,17.4034
2016-03-18,banxico,fx_rate_fix,17.2995,17.2995
2016-03-22,banxico,fx_rate_fix,17.3361,17.3361
2016-03-23,banxico,fx_rate_fix,17.5273,17.5273
2016-03-28,banxico,fx_rate_fix,17.4610,17.461
2016-03-29,banxico,fx_rate_fix,17.4015,17.4015
2016-03-30,banxico,fx_rate_fix,17.2509,17.2509
2016-03-31,banxico,fx_rate_fix,17.2370,17.237
2016-04-01,banxico,fx_rate_fix,17.3338,17.3338
2016-04-04,banxico,fx_rate_fix,17.4484,17.4484
2016-04-05,banxico,fx_rate_fix,17.7252,17.7252
2016-04-06,banxico,fx_rate_fix,17.7286,17.7286
2016-04-07,banxico,fx_rate_fix,17.8930,17.893
2016-04-08,banxico,fx_rate_fix,17.7391,17.7391
2016-04-11,banxico,fx_rate_fix,17.6452,17.6452
2016-04-12,banxico,fx_rate_fix,17.5719,17.5719
2016-04-13,banxico,fx_rate_fix,17.4900,17.49
2016-04-14,banxico,fx_rate_fix,17.3880,17.388
2016-04-15,banxico,fx_rate_fix,17.5669,17.5669
2016-04-18,banxico,fx_rate_fix,17.4598,17.4598
2016-04-19,banxico,fx_rate_fix,17.2825,17.2825
2016-04-20,banxico,fx_rate_fix,17.3078,17.3078
2016-04-21,banxico,fx_rate_fix,17.4202,17.4202
2016-04-22,banxico,fx_rate_fix,17.4359,17.4359
2016-04-25,banxico,fx_rate_fix,17.5866,17.5866
2016-04-26,banxico,fx_rate_fix,17.4298,17.4298
2016-04-27,banxico,fx_rate_fix,17.3993,17.3993
2016-04-28,banxico,fx_rate_fix,17.2125,17.2125
2016-04-29,banxico,fx_rate_fix,17.1767,17.1767
2016-05-02,banxico,fx_rate_fix,17.2279,17.2279
2016-05-03,banxico,fx_rate_fix,17.5234,17.5234
2016-05-04,banxico,fx_rate_fix,17.7358,17.7358
2016-05-05,banxico,fx_rate_fix,17.7866,17.7866
2016-05-06,banxico,fx_rate_fix,17.9204,17.9204
2016-05-09,banxico,fx_rate_fix,18.1033,18.1033
2016-05-10,banxico,fx_rate_fix,18.0205,18.0205
2016-05-11,banxico,fx_rate_fix,17.9549,17.9549
2016-05-12,banxico,fx_rate_fix,17.9915,17.9915
2016-05-13,banxico,fx_rate_fix,18.1562,18.1562
2016-05-16,banxico,fx_rate_fix,18.1795,18.1795
2016-05-17,banxico,fx_rate_fix,18.3217,18.3217
2016-05-18,banxico,fx_rate_fix,18.3761,18.3761
2016-05-19,banxico,fx_rate_fix,18.5465,18.5465
2016-05-20,banxico,fx_rate_fix,18.3826,18.3826
2016-05-23,banxico,fx_rate_fix,18.4444,18.4444
2016-05-24,banxico,fx_rate_fix,18.4694,18.4694
2016-05-25,banxico,fx_rate_fix,18.4520,18.452
2016-05-26,banxico,fx_rate_fix,18.4572,18.4572
2016-05-27,banxico,fx_rate_fix,18.4527,18.4527
2016-05-30,banxico,fx_rate_fix,18.4777,18.4777
2016-05-31,banxico,fx_rate_fix,18.4118,18.4118
2016-06-01,banxico,fx_rate_fix,18.5299,18.5299
2016-06-02,banxico,fx_rate_fix,18.6097,18.6097
2016-06-03,banxico,fx_rate_fix,18.6283,18.6283
2016-06-06,banxico,fx_rate_fix,18.5889,18.5889
2016-06-07,banxico,fx_rate_fix,18.5067,18.5067
2016-06-08,banxico,fx_rate_fix,18.1491,18.1491
2016-06-09,banxico,fx_rate_fix,18.2742,18.2742
2016-06-10,banxico,fx_rate_fix,18.5046,18.5046
2016-06-13,banxico,fx_rate_fix,18.7915,18.7915
2016-06-14,banxico,fx_rate_fix,18.9814,18.9814
2016-06-15,banxico,fx_rate_fix,18.8672,18.8672
2016-06-16,banxico,fx_rate_fix,18.9968,18.9968
2016-06-17,banxico,fx_rate_fix,18.8527,18.8527
2016-06-20,banxico,fx_rate_fix,18.6559,18.6559
2016-06-21,banxico,fx_rate_fix,18.6444,18.6444
2016-06-22,banxico,fx_rate_fix,18.5325,18.5325
2016-06-23,banxico,fx_rate_fix,18.3207,18.3207
2016-06-24,banxico,fx_rate_fix,18.8716,18.8716
2016-06-27,banxico,fx_rate_fix,19.1283,19.1283
2016-06-28,banxico,fx_rate_fix,18.9113,18.9113
2016-06-29,banxico,fx_rate_fix,18.5550,18.555
2016-06-30,banxico,fx_rate_fix,18.4646,18.4646
2016-07-01,banxico,fx_rate_fix,18.3090,18.309
2016-07-04,banxico,fx_rate_fix,18.3858,18.3858
2016-07-05,banxico,fx_rate_fix,18.7536,18.7536
2016-07-06,banxico,fx_rate_fix,18.8161,18.8161
2016-07-07,banxico,fx_rate_fix,18.8607,18.8607
2016-07-08,banxico,fx_rate_fix,18.5991,18.5991
2016-07-11,banxico,fx_rate_fix,18.4597,18.4597
2016-07-12,banxico,fx_rate_fix,18.3006,18.3006
2016-07-13,banxico,fx_rate_fix,18.3937,18.3937
2016-07-14,banxico,fx_rate_fix,18.3061,18.3061
2016-07-15,banxico,fx_rate_fix,18.4920,18.492
2016-07-18,banxico,fx_rate_fix,18.4879,18.4879
2016-07-19,banxico,fx_rate_fix,18.5719,18.5719
2016-07-20,banxico,fx_rate_fix,18.5729,18.5729
2016-07-21,banxico,fx_rate_fix,18.6022,18.6022
2016-07-22,banxico,fx_rate_fix,18.6089,18.6089
2016-07-25,banxico,fx_rate_fix,18.7569,18.7569
2016-07-26,banxico,fx_rate_fix,18.8114,18.8114
2016-07-27,banxico,fx_rate_fix,18.8602,18.8602
2016-07-28,banxico,fx_rate_fix,18.8979,18.8979
2016-07-29,banxico,fx_rate_fix,18.7837,18.7837
2016-08-01,banxico,fx_rate_fix,18.8504,18.8504
2016-08-02,banxico,fx_rate_fix,18.8966,18.8966
2016-08-03,banxico,fx_rate_fix,18.9117,18.9117
2016-08-04,banxico,fx_rate_fix,18.8612,18.8612
2016-08-05,banxico,fx_rate_fix,18.8691,18.8691
2016-08-08,banxico,fx_rate_fix,18.5716,18.5716
2016-08-09,banxico,fx_rate_fix,18.3842,18.3842
2016-08-10,banxico,fx_rate_fix,18.3479,18.3479
2016-08-11,banxico,fx_rate_fix,18.2678,18.2678
2016-08-12,banxico,fx_rate_fix,18.2455,18.2455
2016-08-15,banxico,fx_rate_fix,18.0363,18.0363
2016-08-16,banxico,fx_rate_fix,17.9869,17.9869
2016-08-17,banxico,fx_rate_fix,18.2598,18.2598
2016-08-18,banxico,fx_rate_fix,18.0832,18.0832
2016-08-19,banxico,fx_rate_fix,18.2674,18.2674
2016-08-22,banxico,fx_rate_fix,18.3023,18.3023
2016-08-23,banxico,fx_rate_fix,18.3202,18.3202
2016-08-24,banxico,fx_rate_fix,18.4971,18.4971
2016-08-25,banxico,fx_rate_fix,18.4460,18.446
2016-08-26,banxico,fx_rate_fix,18.2830,18.283
2016-08-29,banxico,fx_rate_fix,18.5773,18.5773
2016-08-30,banxico,fx_rate_fix,18.7953,18.7953
2016-08-31,banxico,fx_rate_fix,18.8611,18.8611
2016-09-01,banxico,fx_rate_fix,18.8523,18.8523
2016-09-02,banxico,fx_rate_fix,18.6589,18.6589
2016-09-05,banxico,fx_rate_fix,18.5581,18.5581
2016-09-06,banxico,fx_rate_fix,18.3524,18.3524
2016-09-07,banxico,fx_rate_fix,18.3689,18.3689
2016-09-08,banxico,fx_rate_fix,18.5427,18.5427
2016-09-09,banxico,fx_rate_fix,18.8451,18.8451
2016-09-12,banxico,fx_rate_fix,19.0646,19.0646
2016-09-13,banxico,fx_rate_fix,19.1520,19.152
2016-09-14,banxico,fx_rate_fix,19.2275,19.2275
2016-09-15,banxico,fx_rate_fix,19.2514,19.2514
2016-09-19,banxico,fx_rate_fix,19.6097,19.6097
2016-09-20,banxico,fx_rate_fix,19.7770,19.777
2016-09-21,banxico,fx_rate_fix,19.8394,19.8394
2016-09-22,banxico,fx_rate_fix,19.5965,19.5965
2016-09-23,banxico,fx_rate_fix,19.7211,19.7211
2016-09-26,banxico,fx_rate_fix,19.8322,19.8322
2016-09-27,banxico,fx_rate_fix,19.5044,19.5044
2016-09-28,banxico,fx_rate_fix,19.5002,19.5002
2016-09-29,banxico,fx_rate_fix,19.4086,19.4086
2016-09-30,banxico,fx_rate_fix,19.3776,19.3776
2016-10-03,banxico,fx_rate_fix,19.3211,19.3211
2016-10-04,banxico,fx_rate_fix,19.2138,19.2138
2016-10-05,banxico,fx_rate_fix,19.2554,19.2554
2016-10-06,banxico,fx_rate_fix,19.2433,19.2433
2016-10-07,banxico,fx_rate_fix,19.2994,19.2994
2016-10-10,banxico,fx_rate_fix,18.8786,18.8786
2016-10-11,banxico,fx_rate_fix,18.9531,18.9531
2016-10-12,banxico,fx_rate_fix,18.9622,18.9622
2016-10-13,banxico,fx_rate_fix,19.0399,19.0399
2016-10-14,banxico,fx_rate_fix,19.0046,19.0046
2016-10-17,banxico,fx_rate_fix,18.8723,18.8723
2016-10-18,banxico,fx_rate_fix,18.6726,18.6726
2016-10-19,banxico,fx_rate_fix,18.5894,18.5894
2016-10-20,banxico,fx_rate_fix,18.5945,18.5945
2016-10-21,banxico,fx_rate_fix,18.6481,18.6481
2016-10-24,banxico,fx_rate_fix,18.5658,18.5658
2016-10-25,banxico,fx_rate_fix,18.5147,18.5147
2016-10-26,banxico,fx_rate_fix,18.6485,18.6485
2016-10-27,banxico,fx_rate_fix,18.8443,18.8443
2016-10-28,banxico,fx_rate_fix,18.7304,18.7304
2016-10-31,banxico,fx_rate_fix,18.8887,18.8887
2016-11-01,banxico,fx_rate_fix,19.1306,19.1306
2016-11-03,banxico,fx_rate_fix,19.2014,19.2014
2016-11-04,banxico,fx_rate_fix,19.0792,19.0792
2016-11-07,banxico,fx_rate_fix,18.6192,18.6192
2016-11-08,banxico,fx_rate_fix,18.5089,18.5089
2016-11-09,banxico,fx_rate_fix,19.9250,19.925
2016-11-10,banxico,fx_rate_fix,20.4812,20.4812
2016-11-11,banxico,fx_rate_fix,21.0511,21.0511
2016-11-14,banxico,fx_rate_fix,20.8729,20.8729
2016-11-15,banxico,fx_rate_fix,20.3490,20.349
2016-11-16,banxico,fx_rate_fix,20.2884,20.2884
2016-11-17,banxico,fx_rate_fix,20.1898,20.1898
2016-11-18,banxico,fx_rate_fix,20.4193,20.4193
2016-11-22,banxico,fx_rate_fix,20.5205,20.5205
2016-11-23,banxico,fx_rate_fix,20.6901,20.6901
2016-11-24,banxico,fx_rate_fix,20.7051,20.7051
2016-11-25,banxico,fx_rate_fix,20.6475,20.6475
2016-11-28,banxico,fx_rate_fix,20.5521,20.5521
2016-11-29,banxico,fx_rate_fix,20.6225,20.6225
2016-11-30,banxico,fx_rate_fix,20.5155,20.5155
2016-12-01,banxico,fx_rate_fix,20.7488,20.7488
2016-12-02,banxico,fx_rate_fix,20.6149,20.6149
2016-12-05,banxico,fx_rate_fix,20.5927,20.5927
2016-12-06,banxico,fx_rate_fix,20.3863,20.3863
2016-12-07,banxico,fx_rate_fix,20.2967,20.2967
2016-12-08,banxico,fx_rate_fix,20.4162,20.4162
2016-12-09,banxico,fx_rate_fix,20.3305,20.3305
2016-12-13,banxico,fx_rate_fix,20.2567,20.2567
2016-12-14,banxico,fx_rate_fix,20.2226,20.2226
2016-12-15,banxico,fx_rate_fix,20.5973,20.5973
2016-12-16,banxico,fx_rate_fix,20.4280,20.428
2016-12-19,banxico,fx_rate_fix,20.4098,20.4098
2016-12-20,banxico,fx_rate_fix,20.4300,20.43
2016-12-21,banxico,fx_rate_fix,20.4921,20.4921
2016-12-22,banxico,fx_rate_fix,20.7179,20.7179
2016-12-23,banxico,fx_rate_fix,20.6271,20.6271
2016-12-26,banxico,fx_rate_fix,20.6445,20.6445
2016-12-27,banxico,fx_rate_fix,20.7052,20.7052
2016-12-28,banxico,fx_rate_fix,20.7314,20.7314
2016-12-29,banxico,fx_rate_fix,20.6640,20.664
2016-12-30,banxico,fx_rate_fix,20.6194,20.6194
2017-01-02,banxico,fx_rate_fix,20.7323,20.7323
2017-01-03,banxico,fx_rate_fix,20.8520,20.852
2017-01-04,banxico,fx_rate_fix,21.3799,21.3799
2017-01-05,banxico,fx_rate_fix,21.3661,21.3661
2017-01-06,banxico,fx_rate_fix,21.3144,21.3144
2017-01-09,banxico,fx_rate_fix,21.3219,21.3219
2017-01-10,banxico,fx_rate_fix,21.6168,21.6168
2017-01-11,banxico,fx_rate_fix,21.9076,21.9076
2017-01-12,banxico,fx_rate_fix,21.7204,21.7204
2017-01-13,banxico,fx_rate_fix,21.6330,21.633
2017-01-16,banxico,fx_rate_fix,21.6643,21.6643
2017-01-17,banxico,fx_rate_fix,21.5738,21.5738
2017-01-18,banxico,fx_rate_fix,21.8514,21.8514
2017-01-19,banxico,fx_rate_fix,21.9044,21.9044
2017-01-20,banxico,fx_rate_fix,21.7002,21.7002
2017-01-23,banxico,fx_rate_fix,21.4512,21.4512
2017-01-24,banxico,fx_rate_fix,21.3692,21.3692
2017-01-25,banxico,fx_rate_fix,21.3439,21.3439
2017-01-26,banxico,fx_rate_fix,21.2024,21.2024
2017-01-27,banxico,fx_rate_fix,21.0212,21.0212
2017-01-30,banxico,fx_rate_fix,20.7588,20.7588
2017-01-31,banxico,fx_rate_fix,20.7908,20.7908
2017-02-01,banxico,fx_rate_fix,20.7752,20.7752
2017-02-02,banxico,fx_rate_fix,20.5757,20.5757
2017-02-03,banxico,fx_rate_fix,20.3439,20.3439
2017-02-07,banxico,fx_rate_fix,20.6370,20.637
2017-02-08,banxico,fx_rate_fix,20.4994,20.4994
2017-02-09,banxico,fx_rate_fix,20.4163,20.4163
2017-02-10,banxico,fx_rate_fix,20.3535,20.3535
2017-02-13,banxico,fx_rate_fix,20.3280,20.328
2017-02-14,banxico,fx_rate_fix,20.3507,20.3507
2017-02-15,banxico,fx_rate_fix,20.3254,20.3254
2017-02-16,banxico,fx_rate_fix,20.3325,20.3325
2017-02-17,banxico,fx_rate_fix,20.4526,20.4526
2017-02-20,banxico,fx_rate_fix,20.4059,20.4059
2017-02-21,banxico,fx_rate_fix,20.4489,20.4489
2017-02-22,banxico,fx_rate_fix,19.9127,19.9127
2017-02-23,banxico,fx_rate_fix,19.7011,19.7011
2017-02-24,banxico,fx_rate_fix,19.8335,19.8335
2017-02-27,banxico,fx_rate_fix,19.8322,19.8322
2017-02-28,banxico,fx_rate_fix,19.9957,19.9957
2017-03-01,banxico,fx_rate_fix,19.9007,19.9007
2017-03-02,banxico,fx_rate_fix,19.9373,19.9373
2017-03-03,banxico,fx_rate_fix,19.6147,19.6147
2017-03-06,banxico,fx_rate_fix,19.5538,19.5538
2017-03-07,banxico,fx_rate_fix,19.5210,19.521
2017-03-08,banxico,fx_rate_fix,19.6007,19.6007
2017-03-09,banxico,fx_rate_fix,19.7974,19.7974
2017-03-10,banxico,fx_rate_fix,19.6279,19.6279
2017-03-13,banxico,fx_rate_fix,19.5803,19.5803
2017-03-14,banxico,fx_rate_fix,19.6543,19.6543
2017-03-15,banxico,fx_rate_fix,19.4493,19.4493
2017-03-16,banxico,fx_rate_fix,19.1730,19.173
2017-03-17,banxico,fx_rate_fix,19.1170,19.117
2017-03-21,banxico,fx_rate_fix,19.1070,19.107
2017-03-22,banxico,fx_rate_fix,19.0837,19.0837
2017-03-23,banxico,fx_rate_fix,18.9877,18.9877
2017-03-24,banxico,fx_rate_fix,18.8528,18.8528
2017-03-27,banxico,fx_rate_fix,18.8661,18.8661
2017-03-28,banxico,fx_rate_fix,18.8853,18.8853
2017-03-29,banxico,fx_rate_fix,18.8092,18.8092
2017-03-30,banxico,fx_rate_fix,18.7079,18.7079
2017-03-31,banxico,fx_rate_fix,18.7955,18.7955
2017-04-03,banxico,fx_rate_fix,18.7320,18.732
2017-04-04,banxico,fx_rate_fix,18.8334,18.8334
2017-04-05,banxico,fx_rate_fix,18.7192,18.7192
2017-04-06,banxico,fx_rate_fix,18.7696,18.7696
2017-04-07,banxico,fx_rate_fix,18.6560,18.656
2017-04-10,banxico,fx_rate_fix,18.6923,18.6923
2017-04-11,banxico,fx_rate_fix,18.7646,18.7646
2017-04-12,banxico,fx_rate_fix,18.7528,18.7528
2017-04-17,banxico,fx_rate_fix,18.5582,18.5582
2017-04-18,banxico,fx_rate_fix,18.4863,18.4863
2017-04-19,banxico,fx_rate_fix,18.8374,18.8374
2017-04-20,banxico,fx_rate_fix,18.8187,18.8187
2017-04-21,banxico,fx_rate_fix,18.8413,18.8413
2017-04-24,banxico,fx_rate_fix,18.6521,18.6521
2017-04-25,banxico,fx_rate_fix,18.9225,18.9225
2017-04-26,banxico,fx_rate_fix,19.1119,19.1119
2017-04-27,banxico,fx_rate_fix,19.0670,19.067
2017-04-28,banxico,fx_rate_fix,18.9594,18.9594
2017-05-02,banxico,fx_rate_fix,18.7731,18.7731
2017-05-03,banxico,fx_rate_fix,18.8031,18.8031
2017-05-04,banxico,fx_rate_fix,19.0019,19.0019
2017-05-05,banxico,fx_rate_fix,19.0137,19.0137
2017-05-08,banxico,fx_rate_fix,19.1164,19.1164
2017-05-09,banxico,fx_rate_fix,19.1364,19.1364
2017-05-10,banxico,fx_rate_fix,18.9587,18.9587
2017-05-11,banxico,fx_rate_fix,18.9039,18.9039
2017-05-12,banxico,fx_rate_fix,18.7594,18.7594
2017-05-15,banxico,fx_rate_fix,18.6700,18.67
2017-05-16,banxico,fx_rate_fix,18.6183,18.6183
2017-05-17,banxico,fx_rate_fix,18.6761,18.6761
2017-05-18,banxico,fx_rate_fix,18.8898,18.8898
2017-05-19,banxico,fx_rate_fix,18.6859,18.6859
2017-05-22,banxico,fx_rate_fix,18.6633,18.6633
2017-05-23,banxico,fx_rate_fix,18.6150,18.615
2017-05-24,banxico,fx_rate_fix,18.5689,18.5689
2017-05-25,banxico,fx_rate_fix,18.4185,18.4185
2017-05-26,banxico,fx_rate_fix,18.4849,18.4849
2017-05-29,banxico,fx_rate_fix,18.5121,18.5121
2017-05-30,banxico,fx_rate_fix,18.6643,18.6643
2017-05-31,banxico,fx_rate_fix,18.6909,18.6909
2017-06-01,banxico,fx_rate_fix,18.5941,18.5941
2017-06-02,banxico,fx_rate_fix,18.6204,18.6204
2017-06-05,banxico,fx_rate_fix,18.3819,18.3819
2017-06-06,banxico,fx_rate_fix,18.2762,18.2762
2017-06-07,banxico,fx_rate_fix,18.2278,18.2278
2017-06-08,banxico,fx_rate_fix,18.1946,18.1946
2017-06-09,banxico,fx_rate_fix,18.1939,18.1939
2017-06-12,banxico,fx_rate_fix,18.1802,18.1802
2017-06-13,banxico,fx_rate_fix,18.0725,18.0725
2017-06-14,banxico,fx_rate_fix,17.9343,17.9343
2017-06-15,banxico,fx_rate_fix,18.1154,18.1154
2017-06-16,banxico,fx_rate_fix,17.9321,17.9321
2017-06-19,banxico,fx_rate_fix,17.9519,17.9519
2017-06-20,banxico,fx_rate_fix,18.1167,18.1167
2017-06-21,banxico,fx_rate_fix,18.1570,18.157
2017-06-22,banxico,fx_rate_fix,18.1270,18.127
2017-06-23,banxico,fx_rate_fix,17.9900,17.99
2017-06-26,banxico,fx_rate_fix,17.8775,17.8775
2017-06-27,banxico,fx_rate_fix,17.9862,17.9862
2017-06-28,banxico,fx_rate_fix,17.8973,17.8973
2017-06-29,banxico,fx_rate_fix,18.0279,18.0279
2017-06-30,banxico,fx_rate_fix,18.0626,18.0626
2017-07-03,banxico,fx_rate_fix,18.2064,18.2064
2017-07-04,banxico,fx_rate_fix,18.2036,18.2036
2017-07-05,banxico,fx_rate_fix,18.3556,18.3556
2017-07-06,banxico,fx_rate_fix,18.3227,18.3227
2017-07-07,banxico,fx_rate_fix,18.1394,18.1394
2017-07-10,banxico,fx_rate_fix,17.9751,17.9751
2017-07-11,banxico,fx_rate_fix,17.9482,17.9482
2017-07-12,banxico,fx_rate_fix,17.7708,17.7708
2017-07-13,banxico,fx_rate_fix,17.7422,17.7422
2017-07-14,banxico,fx_rate_fix,17.5613,17.5613
2017-07-17,banxico,fx_rate_fix,17.5836,17.5836
2017-07-18,banxico,fx_rate_fix,17.5134,17.5134
2017-07-19,banxico,fx_rate_fix,17.4937,17.4937
2017-07-20,banxico,fx_rate_fix,17.5260,17.526
2017-07-21,banxico,fx_rate_fix,17.5618,17.5618
2017-07-24,banxico,fx_rate_fix,17.6893,17.6893
2017-07-25,banxico,fx_rate_fix,17.7492,17.7492
2017-07-26,banxico,fx_rate_fix,17.7561,17.7561
2017-07-27,banxico,fx_rate_fix,17.6886,17.6886
2017-07-28,banxico,fx_rate_fix,17.7435,17.7435
2017-07-31,banxico,fx_rate_fix,17.8646,17.8646
2017-08-01,banxico,fx_rate_fix,17.8108,17.8108
2017-08-02,banxico,fx_rate_fix,17.8696,17.8696
2017-08-03,banxico,fx_rate_fix,17.8733,17.8733
2017-08-04,banxico,fx_rate_fix,17.8798,17.8798
2017-08-07,banxico,fx_rate_fix,17.9641,17.9641
2017-08-08,banxico,fx_rate_fix,17.9160,17.916
2017-08-09,banxico,fx_rate_fix,17.9671,17.9671
2017-08-10,banxico,fx_rate_fix,17.9073,17.9073
2017-08-11,banxico,fx_rate_fix,17.8470,17.847
2017-08-14,banxico,fx_rate_fix,17.7755,17.7755
2017-08-15,banxico,fx_rate_fix,17.8483,17.8483
2017-08-16,banxico,fx_rate_fix,17.7160,17.716
2017-08-17,banxico,fx_rate_fix,17.7324,17.7324
2017-08-18,banxico,fx_rate_fix,17.8584,17.8584
2017-08-21,banxico,fx_rate_fix,17.6501,17.6501
2017-08-22,banxico,fx_rate_fix,17.6458,17.6458
2017-08-23,banxico,fx_rate_fix,17.7113,17.7113
2017-08-24,banxico,fx_rate_fix,17.6977,17.6977
2017-08-25,banxico,fx_rate_fix,17.6205,17.6205
2017-08-28,banxico,fx_rate_fix,17.8049,17.8049
2017-08-29,banxico,fx_rate_fix,17.8760,17.876
2017-08-30,banxico,fx_rate_fix,17.7753,17.7753
2017-08-31,banxico,fx_rate_fix,17.8145,17.8145
2017-09-01,banxico,fx_rate_fix,17.7861,17.7861
2017-09-04,banxico,fx_rate_fix,17.8683,17.8683
2017-09-05,banxico,fx_rate_fix,17.8360,17.836
2017-09-06,banxico,fx_rate_fix,17.8136,17.8136
2017-09-07,banxico,fx_rate_fix,17.6965,17.6965
2017-09-08,banxico,fx_rate_fix,17.7331,17.7331
2017-09-11,banxico,fx_rate_fix,17.6443,17.6443
2017-09-12,banxico,fx_rate_fix,17.7810,17.781
2017-09-13,banxico,fx_rate_fix,17.7836,17.7836
2017-09-14,banxico,fx_rate_fix,17.7278,17.7278
2017-09-15,banxico,fx_rate_fix,17.6857,17.6857
2017-09-18,banxico,fx_rate_fix,17.7610,17.761
2017-09-19,banxico,fx_rate_fix,17.7643,17.7643
2017-09-20,banxico,fx_rate_fix,17.7009,17.7009
2017-09-21,banxico,fx_rate_fix,17.8545,17.8545
2017-09-22,banxico,fx_rate_fix,17.7487,17.7487
2017-09-25,banxico,fx_rate_fix,17.8831,17.8831
2017-09-26,banxico,fx_rate_fix,17.9933,17.9933
2017-09-27,banxico,fx_rate_fix,18.1300,18.13
2017-09-28,banxico,fx_rate_fix,18.1979,18.1979
2017-09-29,banxico,fx_rate_fix,18.1590,18.159
2017-10-02,banxico,fx_rate_fix,18.2337,18.2337
2017-10-03,banxico,fx_rate_fix,18.2113,18.2113
2017-10-04,banxico,fx_rate_fix,18.2282,18.2282
2017-10-05,banxico,fx_rate_fix,18.3060,18.306
2017-10-06,banxico,fx_rate_fix,18.5522,18.5522
2017-10-09,banxico,fx_rate_fix,18.6646,18.6646
2017-10-10,banxico,fx_rate_fix,18.6327,18.6327
2017-10-11,banxico,fx_rate_fix,18.7180,18.718
2017-10-12,banxico,fx_rate_fix,18.7631,18.7631
2017-10-13,banxico,fx_rate_fix,18.9008,18.9008
2017-10-16,banxico,fx_rate_fix,19.0753,19.0753
2017-10-17,banxico,fx_rate_fix,19.0117,19.0117
2017-10-18,banxico,fx_rate_fix,18.8869,18.8869
2017-10-19,banxico,fx_rate_fix,18.8248,18.8248
2017-10-20,banxico,fx_rate_fix,19.0080,19.008
2017-10-23,banxico,fx_rate_fix,19.0489,19.0489
2017-10-24,banxico,fx_rate_fix,19.2009,19.2009
2017-10-25,banxico,fx_rate_fix,19.0770,19.077
2017-10-26,banxico,fx_rate_fix,19.0960,19.096
2017-10-27,banxico,fx_rate_fix,19.1474,19.1474
2017-10-30,banxico,fx_rate_fix,19.2188,19.2188
2017-10-31,banxico,fx_rate_fix,19.1478,19.1478
2017-11-01,banxico,fx_rate_fix,19.1241,19.1241
2017-11-03,banxico,fx_rate_fix,19.1850,19.185
2017-11-06,banxico,fx_rate_fix,19.0814,19.0814
2017-11-07,banxico,fx_rate_fix,19.1349,19.1349
2017-11-08,banxico,fx_rate_fix,19.0718,19.0718
2017-11-09,banxico,fx_rate_fix,19.0900,19.09
2017-11-10,banxico,fx_rate_fix,19.0526,19.0526
2017-11-13,banxico,fx_rate_fix,19.1680,19.168
2017-11-14,banxico,fx_rate_fix,19.1334,19.1334
2017-11-15,banxico,fx_rate_fix,19.2268,19.2268
2017-11-16,banxico,fx_rate_fix,19.1224,19.1224
2017-11-17,banxico,fx_rate_fix,18.9724,18.9724
2017-11-21,banxico,fx_rate_fix,18.8242,18.8242
2017-11-22,banxico,fx_rate_fix,18.7400,18.74
2017-11-23,banxico,fx_rate_fix,18.6041,18.6041
2017-11-24,banxico,fx_rate_fix,18.5379,18.5379
2017-11-27,banxico,fx_rate_fix,18.5200,18.52
2017-11-28,banxico,fx_rate_fix,18.5848,18.5848
2017-11-29,banxico,fx_rate_fix,18.5190,18.519
2017-11-30,banxico,fx_rate_fix,18.6229,18.6229
2017-12-01,banxico,fx_rate_fix,18.6399,18.6399
2017-12-04,banxico,fx_rate_fix,18.6420,18.642
2017-12-05,banxico,fx_rate_fix,18.6958,18.6958
2017-12-06,banxico,fx_rate_fix,18.8897,18.8897
2017-12-07,banxico,fx_rate_fix,18.9315,18.9315
2017-12-08,banxico,fx_rate_fix,18.9445,18.9445
2017-12-11,banxico,fx_rate_fix,18.9740,18.974
2017-12-13,banxico,fx_rate_fix,19.1391,19.1391
2017-12-14,banxico,fx_rate_fix,19.1202,19.1202
2017-12-15,banxico,fx_rate_fix,19.1289,19.1289
2017-12-18,banxico,fx_rate_fix,19.0289,19.0289
2017-12-19,banxico,fx_rate_fix,19.1913,19.1913
2017-12-20,banxico,fx_rate_fix,19.2291,19.2291
2017-12-21,banxico,fx_rate_fix,19.3962,19.3962
2017-12-22,banxico,fx_rate_fix,19.5848,19.5848
2017-12-26,banxico,fx_rate_fix,19.7223,19.7223
2017-12-27,banxico,fx_rate_fix,19.7867,19.7867
2017-12-28,banxico,fx_rate_fix,19.7354,19.7354
2017-12-29,banxico,fx_rate_fix,19.6629,19.6629
2018-01-02,banxico,fx_rate_fix,19.4899,19.4899
2018-01-03,banxico,fx_rate_fix,19.3717,19.3717
2018-01-04,banxico,fx_rate_fix,19.2427,19.2427
2018-01-05,banxico,fx_rate_fix,19.2737,19.2737
2018-01-08,banxico,fx_rate_fix,19.2323,19.2323
2018-01-09,banxico,fx_rate_fix,19.3065,19.3065
2018-01-10,banxico,fx_rate_fix,19.2405,19.2405
2018-01-11,banxico,fx_rate_fix,19.3433,19.3433
2018-01-12,banxico,fx_rate_fix,19.0446,19.0446
2018-01-15,banxico,fx_rate_fix,18.8113,18.8113
2018-01-16,banxico,fx_rate_fix,18.8362,18.8362
2018-01-17,banxico,fx_rate_fix,18.6550,18.655
2018-01-18,banxico,fx_rate_fix,18.6361,18.6361
2018-01-19,banxico,fx_rate_fix,18.5813,18.5813
2018-01-22,banxico,fx_rate_fix,18.7118,18.7118
2018-01-23,banxico,fx_rate_fix,18.7980,18.798
2018-01-24,banxico,fx_rate_fix,18.5178,18.5178
2018-01-25,banxico,fx_rate_fix,18.4780,18.478
2018-01-26,banxico,fx_rate_fix,18.4672,18.4672
2018-01-29,banxico,fx_rate_fix,18.6196,18.6196
2018-01-30,banxico,fx_rate_fix,18.6982,18.6982
2018-01-31,banxico,fx_rate_fix,18.6069,18.6069
2018-02-01,banxico,fx_rate_fix,18.4004,18.4004
2018-02-02,banxico,fx_rate_fix,18.5248,18.5248
2018-02-06,banxico,fx_rate_fix,18.7009,18.7009
2018-02-07,banxico,fx_rate_fix,18.6492,18.6492
2018-02-08,banxico,fx_rate_fix,18.8815,18.8815
2018-02-09,banxico,fx_rate_fix,18.8623,18.8623
2018-02-12,banxico,fx_rate_fix,18.6703,18.6703
2018-02-13,banxico,fx_rate_fix,18.6269,18.6269
2018-02-14,banxico,fx_rate_fix,18.6025,18.6025
2018-02-15,banxico,fx_rate_fix,18.5159,18.5159
2018-02-16,banxico,fx_rate_fix,18.4797,18.4797
2018-02-19,banxico,fx_rate_fix,18.5360,18.536
2018-02-20,banxico,fx_rate_fix,18.6594,18.6594
2018-02-21,banxico,fx_rate_fix,18.6518,18.6518
2018-02-22,banxico,fx_rate_fix,18.6574,18.6574
2018-02-23,banxico,fx_rate_fix,18.5659,18.5659
2018-02-26,banxico,fx_rate_fix,18.6456,18.6456
2018-02-27,banxico,fx_rate_fix,18.7902,18.7902
2018-02-28,banxico,fx_rate_fix,18.8331,18.8331
2018-03-01,banxico,fx_rate_fix,18.8610,18.861
2018-03-02,banxico,fx_rate_fix,18.8909,18.8909
2018-03-05,banxico,fx_rate_fix,18.8838,18.8838
2018-03-06,banxico,fx_rate_fix,18.7246,18.7246
2018-03-07,banxico,fx_rate_fix,18.7922,18.7922
2018-03-08,banxico,fx_rate_fix,18.7148,18.7148
2018-03-09,banxico,fx_rate_fix,18.5812,18.5812
2018-03-12,banxico,fx_rate_fix,18.6199,18.6199
2018-03-13,banxico,fx_rate_fix,18.5604,18.5604
2018-03-14,banxico,fx_rate_fix,18.5854,18.5854
2018-03-15,banxico,fx_rate_fix,18.7023,18.7023
2018-03-16,banxico,fx_rate_fix,18.7216,18.7216
2018-03-20,banxico,fx_rate_fix,18.7614,18.7614
2018-03-21,banxico,fx_rate_fix,18.6001,18.6001
2018-03-22,banxico,fx_rate_fix,18.5078,18.5078
2018-03-23,banxico,fx_rate_fix,18.5364,18.5364
2018-03-26,banxico,fx_rate_fix,18.3268,18.3268
2018-03-27,banxico,fx_rate_fix,18.3445,18.3445
2018-03-28,banxico,fx_rate_fix,18.2709,18.2709
2018-04-02,banxico,fx_rate_fix,18.2967,18.2967
2018-04-03,banxico,fx_rate_fix,18.2044,18.2044
2018-04-04,banxico,fx_rate_fix,18.2244,18.2244
2018-04-05,banxico,fx_rate_fix,18.1081,18.1081
2018-04-06,banxico,fx_rate_fix,18.2888,18.2888
2018-04-09,banxico,fx_rate_fix,18.2753,18.2753
2018-04-10,banxico,fx_rate_fix,18.2882,18.2882
2018-04-11,banxico,fx_rate_fix,18.2018,18.2018
2018-04-12,banxico,fx_rate_fix,18.1353,18.1353
2018-04-13,banxico,fx_rate_fix,18.0870,18.087
2018-04-16,banxico,fx_rate_fix,18.0394,18.0394
2018-04-17,banxico,fx_rate_fix,17.9787,17.9787
2018-04-18,banxico,fx_rate_fix,18.0333,18.0333
2018-04-19,banxico,fx_rate_fix,18.2819,18.2819
2018-04-20,banxico,fx_rate_fix,18.6210,18.621
2018-04-23,banxico,fx_rate_fix,18.8628,18.8628
2018-04-24,banxico,fx_rate_fix,18.8139,18.8139
2018-04-25,banxico,fx_rate_fix,19.0530,19.053
2018-04-26,banxico,fx_rate_fix,18.8644,18.8644
2018-04-27,banxico,fx_rate_fix,18.6847,18.6847
2018-04-30,banxico,fx_rate_fix,18.7878,18.7878
2018-05-02,banxico,fx_rate_fix,19.0943,19.0943
2018-05-03,banxico,fx_rate_fix,19.1223,19.1223
2018-05-04,banxico,fx_rate_fix,19.2017,19.2017
2018-05-07,banxico,fx_rate_fix,19.4232,19.4232
2018-05-08,banxico,fx_rate_fix,19.5781,19.5781
2018-05-09,banxico,fx_rate_fix,19.5387,19.5387
2018-05-10,banxico,fx_rate_fix,19.2989,19.2989
2018-05-11,banxico,fx_rate_fix,19.3539,19.3539
2018-05-14,banxico,fx_rate_fix,19.5214,19.5214
2018-05-15,banxico,fx_rate_fix,19.7854,19.7854
2018-05-16,banxico,fx_rate_fix,19.7094,19.7094
2018-05-17,banxico,fx_rate_fix,19.7033,19.7033
2018-05-18,banxico,fx_rate_fix,19.9319,19.9319
2018-05-21,banxico,fx_rate_fix,19.9054,19.9054
2018-05-22,banxico,fx_rate_fix,19.7528,19.7528
2018-05-23,banxico,fx_rate_fix,19.7661,19.7661
2018-05-24,banxico,fx_rate_fix,19.7048,19.7048
2018-05-25,banxico,fx_rate_fix,19.5608,19.5608
2018-05-28,banxico,fx_rate_fix,19.5915,19.5915
2018-05-29,banxico,fx_rate_fix,19.7499,19.7499
2018-05-30,banxico,fx_rate_fix,19.7322,19.7322
2018-05-31,banxico,fx_rate_fix,19.9759,19.9759
2018-06-01,banxico,fx_rate_fix,19.8662,19.8662
2018-06-04,banxico,fx_rate_fix,19.9934,19.9934
2018-06-05,banxico,fx_rate_fix,20.3863,20.3863
2018-06-06,banxico,fx_rate_fix,20.3129,20.3129
2018-06-07,banxico,fx_rate_fix,20.4600,20.46
2018-06-08,banxico,fx_rate_fix,20.5281,20.5281
2018-06-11,banxico,fx_rate_fix,20.4722,20.4722
2018-06-12,banxico,fx_rate_fix,20.5960,20.596
2018-06-13,banxico,fx_rate_fix,20.6259,20.6259
2018-06-14,banxico,fx_rate_fix,20.6953,20.6953
2018-06-15,banxico,fx_rate_fix,20.7160,20.716
2018-06-18,banxico,fx_rate_fix,20.6968,20.6968
2018-06-19,banxico,fx_rate_fix,20.5531,20.5531
2018-06-20,banxico,fx_rate_fix,20.3937,20.3937
2018-06-21,banxico,fx_rate_fix,20.3689,20.3689
2018-06-22,banxico,fx_rate_fix,20.1264,20.1264
2018-06-25,banxico,fx_rate_fix,20.0908,20.0908
2018-06-26,banxico,fx_rate_fix,19.8754,19.8754
2018-06-27,banxico,fx_rate_fix,20.0553,20.0553
2018-06-28,banxico,fx_rate_fix,19.8633,19.8633
2018-06-29,banxico,fx_rate_fix,19.6912,19.6912
2018-07-02,banxico,fx_rate_fix,20.1453,20.1453
2018-07-03,banxico,fx_rate_fix,19.5974,19.5974
2018-07-04,banxico,fx_rate_fix,19.4284,19.4284
2018-07-05,banxico,fx_rate_fix,19.2513,19.2513
2018-07-06,banxico,fx_rate_fix,19.0719,19.0719
2018-07-09,banxico,fx_rate_fix,19.1563,19.1563
2018-07-10,banxico,fx_rate_fix,19.0559,19.0559
2018-07-11,banxico,fx_rate_fix,18.9632,18.9632
2018-07-12,banxico,fx_rate_fix,18.8241,18.8241
2018-07-13,banxico,fx_rate_fix,18.8854,18.8854
2018-07-16,banxico,fx_rate_fix,18.8360,18.836
2018-07-17,banxico,fx_rate_fix,18.8763,18.8763
2018-07-18,banxico,fx_rate_fix,18.9100,18.91
2018-07-19,banxico,fx_rate_fix,19.0790,19.079
2018-07-20,banxico,fx_rate_fix,19.0694,19.0694
2018-07-23,banxico,fx_rate_fix,19.0761,19.0761
2018-07-24,banxico,fx_rate_fix,18.8506,18.8506
2018-07-25,banxico,fx_rate_fix,18.7709,18.7709
2018-07-26,banxico,fx_rate_fix,18.6234,18.6234
2018-07-27,banxico,fx_rate_fix,18.5515,18.5515
2018-07-30,banxico,fx_rate_fix,18.5413,18.5413
2018-07-31,banxico,fx_rate_fix,18.6457,18.6457
2018-08-01,banxico,fx_rate_fix,18.5899,18.5899
2018-08-02,banxico,fx_rate_fix,18.6349,18.6349
2018-08-03,banxico,fx_rate_fix,18.5725,18.5725
2018-08-06,banxico,fx_rate_fix,18.5433,18.5433
2018-08-07,banxico,fx_rate_fix,18.4631,18.4631
2018-08-08,banxico,fx_rate_fix,18.4542,18.4542
2018-08-09,banxico,fx_rate_fix,18.6511,18.6511
2018-08-10,banxico,fx_rate_fix,18.9273,18.9273
2018-08-13,banxico,fx_rate_fix,19.1801,19.1801
2018-08-14,banxico,fx_rate_fix,18.9973,18.9973
2018-08-15,banxico,fx_rate_fix,19.2339,19.2339
2018-08-16,banxico,fx_rate_fix,19.0100,19.01
2018-08-17,banxico,fx_rate_fix,19.0615,19.0615
2018-08-20,banxico,fx_rate_fix,19.0305,19.0305
2018-08-21,banxico,fx_rate_fix,18.8784,18.8784
2018-08-22,banxico,fx_rate_fix,18.8176,18.8176
2018-08-23,banxico,fx_rate_fix,18.8672,18.8672
2018-08-24,banxico,fx_rate_fix,18.8339,18.8339
2018-08-27,banxico,fx_rate_fix,18.6697,18.6697
2018-08-28,banxico,fx_rate_fix,18.9354,18.9354
2018-08-29,banxico,fx_rate_fix,19.0659,19.0659
2018-08-30,banxico,fx_rate_fix,19.1258,19.1258
2018-08-31,banxico,fx_rate_fix,19.1792,19.1792
2018-09-03,banxico,fx_rate_fix,19.2137,19.2137
2018-09-04,banxico,fx_rate_fix,19.3609,19.3609
2018-09-05,banxico,fx_rate_fix,19.4433,19.4433
2018-09-06,banxico,fx_rate_fix,19.3546,19.3546
2018-09-07,banxico,fx_rate_fix,19.2394,19.2394
2018-09-10,banxico,fx_rate_fix,19.2989,19.2989
2018-09-11,banxico,fx_rate_fix,19.2680,19.268
2018-09-12,banxico,fx_rate_fix,19.0511,19.0511
2018-09-13,banxico,fx_rate_fix,18.8775,18.8775
2018-09-14,banxico,fx_rate_fix,18.8689,18.8689
2018-09-17,banxico,fx_rate_fix,18.8399,18.8399
2018-09-18,banxico,fx_rate_fix,18.7694,18.7694
2018-09-19,banxico,fx_rate_fix,18.7672,18.7672
2018-09-20,banxico,fx_rate_fix,18.8296,18.8296
2018-09-21,banxico,fx_rate_fix,18.8539,18.8539
2018-09-24,banxico,fx_rate_fix,18.8516,18.8516
2018-09-25,banxico,fx_rate_fix,18.9870,18.987
2018-09-26,banxico,fx_rate_fix,18.8986,18.8986
2018-09-27,banxico,fx_rate_fix,18.8120,18.812
2018-09-28,banxico,fx_rate_fix,18.7231,18.7231
2018-10-01,banxico,fx_rate_fix,18.6531,18.6531
2018-10-02,banxico,fx_rate_fix,18.7503,18.7503
2018-10-03,banxico,fx_rate_fix,18.8014,18.8014
2018-10-04,banxico,fx_rate_fix,19.1328,19.1328
2018-10-05,banxico,fx_rate_fix,18.9444,18.9444
2018-10-08,banxico,fx_rate_fix,18.9234,18.9234
2018-10-09,banxico,fx_rate_fix,19.0000,19.0
2018-10-10,banxico,fx_rate_fix,19.1183,19.1183
2018-10-11,banxico,fx_rate_fix,19.0217,19.0217
2018-10-12,banxico,fx_rate_fix,18.9202,18.9202
2018-10-15,banxico,fx_rate_fix,18.8096,18.8096
2018-10-16,banxico,fx_rate_fix,18.7693,18.7693
2018-10-17,banxico,fx_rate_fix,18.8012,18.8012
2018-10-18,banxico,fx_rate_fix,19.1018,19.1018
2018-10-19,banxico,fx_rate_fix,19.2183,19.2183
2018-10-22,banxico,fx_rate_fix,19.3669,19.3669
2018-10-23,banxico,fx_rate_fix,19.4169,19.4169
2018-10-24,banxico,fx_rate_fix,19.4623,19.4623
2018-10-25,banxico,fx_rate_fix,19.4383,19.4383
2018-10-26,banxico,fx_rate_fix,19.4790,19.479
2018-10-29,banxico,fx_rate_fix,19.8022,19.8022
2018-10-30,banxico,fx_rate_fix,20.0258,20.0258
2018-10-31,banxico,fx_rate_fix,20.3177,20.3177
2018-11-01,banxico,fx_rate_fix,20.1329,20.1329
2018-11-05,banxico,fx_rate_fix,19.9636,19.9636
2018-11-06,banxico,fx_rate_fix,19.8609,19.8609
2018-11-07,banxico,fx_rate_fix,19.8245,19.8245
2018-11-08,banxico,fx_rate_fix,20.0438,20.0438
2018-11-09,banxico,fx_rate_fix,20.3614,20.3614
2018-11-12,banxico,fx_rate_fix,20.3179,20.3179
2018-11-13,banxico,fx_rate_fix,20.5158,20.5158
2018-11-14,banxico,fx_rate_fix,20.3979,20.3979
2018-11-15,banxico,fx_rate_fix,20.3371,20.3371
2018-11-16,banxico,fx_rate_fix,20.1550,20.155
2018-11-20,banxico,fx_rate_fix,20.4123,20.4123
2018-11-21,banxico,fx_rate_fix,20.2023,20.2023
2018-11-22,banxico,fx_rate_fix,20.2984,20.2984
2018-11-23,banxico,fx_rate_fix,20.3935,20.3935
2018-11-26,banxico,fx_rate_fix,20.5304,20.5304
2018-11-27,banxico,fx_rate_fix,20.4977,20.4977
2018-11-28,banxico,fx_rate_fix,20.4108,20.4108
2018-11-29,banxico,fx_rate_fix,20.2217,20.2217
2018-11-30,banxico,fx_rate_fix,20.3455,20.3455
2018-12-03,banxico,fx_rate_fix,20.2346,20.2346
2018-12-04,banxico,fx_rate_fix,20.5123,20.5123
2018-12-05,banxico,fx_rate_fix,20.5672,20.5672
2018-12-06,banxico,fx_rate_fix,20.4705,20.4705
2018-12-07,banxico,fx_rate_fix,20.2609,20.2609
2018-12-10,banxico,fx_rate_fix,20.3621,20.3621
2018-12-11,banxico,fx_rate_fix,20.2889,20.2889
2018-12-13,banxico,fx_rate_fix,20.2566,20.2566
2018-12-14,banxico,fx_rate_fix,20.3337,20.3337
2018-12-17,banxico,fx_rate_fix,20.1126,20.1126
2018-12-18,banxico,fx_rate_fix,20.1277,20.1277
2018-12-19,banxico,fx_rate_fix,20.0293,20.0293
2018-12-20,banxico,fx_rate_fix,19.9082,19.9082
2018-12-21,banxico,fx_rate_fix,19.9275,19.9275
2018-12-24,banxico,fx_rate_fix,19.8473,19.8473
2018-12-26,banxico,fx_rate_fix,19.8823,19.8823
2018-12-27,banxico,fx_rate_fix,19.6829,19.6829
2018-12-28,banxico,fx_rate_fix,19.6566,19.6566
2018-12-31,banxico,fx_rate_fix,19.6512,19.6512
2019-01-02,banxico,fx_rate_fix,19.5878,19.5878
2019-01-03,banxico,fx_rate_fix,19.6073,19.6073
2019-01-04,banxico,fx_rate_fix,19.4902,19.4902
2019-01-07,banxico,fx_rate_fix,19.3208,19.3208
2019-01-08,banxico,fx_rate_fix,19.3479,19.3479
2019-01-09,banxico,fx_rate_fix,19.2456,19.2456
2019-01-10,banxico,fx_rate_fix,19.1714,19.1714
2019-01-11,banxico,fx_rate_fix,19.1236,19.1236
2019-01-14,banxico,fx_rate_fix,19.0064,19.0064
2019-01-15,banxico,fx_rate_fix,19.0457,19.0457
2019-01-16,banxico,fx_rate_fix,18.9908,18.9908
2019-01-17,banxico,fx_rate_fix,19.0630,19.063
2019-01-18,banxico,fx_rate_fix,19.0844,19.0844
2019-01-21,banxico,fx_rate_fix,19.1902,19.1902
2019-01-22,banxico,fx_rate_fix,19.1297,19.1297
2019-01-23,banxico,fx_rate_fix,19.0771,19.0771
2019-01-24,banxico,fx_rate_fix,18.9859,18.9859
2019-01-25,banxico,fx_rate_fix,18.9280,18.928
2019-01-28,banxico,fx_rate_fix,19.0381,19.0381
2019-01-29,banxico,fx_rate_fix,18.9972,18.9972
2019-01-30,banxico,fx_rate_fix,19.1623,19.1623
2019-01-31,banxico,fx_rate_fix,19.0388,19.0388
2019-02-01,banxico,fx_rate_fix,19.1098,19.1098
2019-02-05,banxico,fx_rate_fix,19.0824,19.0824
2019-02-06,banxico,fx_rate_fix,19.1058,19.1058
2019-02-07,banxico,fx_rate_fix,19.0800,19.08
2019-02-08,banxico,fx_rate_fix,19.0893,19.0893
2019-02-11,banxico,fx_rate_fix,19.2524,19.2524
2019-02-12,banxico,fx_rate_fix,19.2592,19.2592
2019-02-13,banxico,fx_rate_fix,19.4084,19.4084
2019-02-14,banxico,fx_rate_fix,19.3569,19.3569
2019-02-15,banxico,fx_rate_fix,19.3625,19.3625
2019-02-18,banxico,fx_rate_fix,19.2578,19.2578
2019-02-19,banxico,fx_rate_fix,19.1778,19.1778
2019-02-20,banxico,fx_rate_fix,19.1835,19.1835
2019-02-21,banxico,fx_rate_fix,19.2652,19.2652
2019-02-22,banxico,fx_rate_fix,19.1394,19.1394
2019-02-25,banxico,fx_rate_fix,19.1185,19.1185
2019-02-26,banxico,fx_rate_fix,19.1630,19.163
2019-02-27,banxico,fx_rate_fix,19.2201,19.2201
2019-02-28,banxico,fx_rate_fix,19.2607,19.2607
2019-03-01,banxico,fx_rate_fix,19.2978,19.2978
2019-03-04,banxico,fx_rate_fix,19.3039,19.3039
2019-03-05,banxico,fx_rate_fix,19.2597,19.2597
2019-03-06,banxico,fx_rate_fix,19.3708,19.3708
2019-03-07,banxico,fx_rate_fix,19.5225,19.5225
2019-03-08,banxico,fx_rate_fix,19.4902,19.4902
2019-03-11,banxico,fx_rate_fix,19.4243,19.4243
2019-03-12,banxico,fx_rate_fix,19.3049,19.3049
2019-03-13,banxico,fx_rate_fix,19.3320,19.332
2019-03-14,banxico,fx_rate_fix,19.3233,19.3233
2019-03-15,banxico,fx_rate_fix,19.2176,19.2176
2019-03-19,banxico,fx_rate_fix,19.0004,19.0004
2019-03-20,banxico,fx_rate_fix,18.9098,18.9098
2019-03-21,banxico,fx_rate_fix,18.8694,18.8694
2019-03-22,banxico,fx_rate_fix,19.1369,19.1369
2019-03-25,banxico,fx_rate_fix,19.0151,19.0151
2019-03-26,banxico,fx_rate_fix,19.0989,19.0989
2019-03-27,banxico,fx_rate_fix,19.3201,19.3201
2019-03-28,banxico,fx_rate_fix,19.3793,19.3793
2019-03-29,banxico,fx_rate_fix,19.3779,19.3779
2019-04-01,banxico,fx_rate_fix,19.2169,19.2169
2019-04-02,banxico,fx_rate_fix,19.2279,19.2279
2019-04-03,banxico,fx_rate_fix,19.1805,19.1805
2019-04-04,banxico,fx_rate_fix,19.1728,19.1728
2019-04-05,banxico,fx_rate_fix,19.0805,19.0805
2019-04-08,banxico,fx_rate_fix,18.9701,18.9701
2019-04-09,banxico,fx_rate_fix,18.9229,18.9229
2019-04-10,banxico,fx_rate_fix,18.8360,18.836
2019-04-11,banxico,fx_rate_fix,18.8432,18.8432
2019-04-12,banxico,fx_rate_fix,18.7719,18.7719
2019-04-15,banxico,fx_rate_fix,18.8489,18.8489
2019-04-16,banxico,fx_rate_fix,18.9516,18.9516
2019-04-17,banxico,fx_rate_fix,18.8480,18.848
2019-04-22,banxico,fx_rate_fix,18.8359,18.8359
2019-04-23,banxico,fx_rate_fix,18.9578,18.9578
2019-04-24,banxico,fx_rate_fix,19.0046,19.0046
2019-04-25,banxico,fx_rate_fix,19.0942,19.0942
2019-04-26,banxico,fx_rate_fix,18.9414,18.9414
2019-04-29,banxico,fx_rate_fix,19.0120,19.012
2019-04-30,banxico,fx_rate_fix,19.0099,19.0099
2019-05-02,banxico,fx_rate_fix,19.1014,19.1014
2019-05-03,banxico,fx_rate_fix,19.0012,19.0012
2019-05-06,banxico,fx_rate_fix,18.9781,18.9781
2019-05-07,banxico,fx_rate_fix,19.0499,19.0499
2019-05-08,banxico,fx_rate_fix,19.0837,19.0837
2019-05-09,banxico,fx_rate_fix,19.2623,19.2623
2019-05-10,banxico,fx_rate_fix,19.1374,19.1374
2019-05-13,banxico,fx_rate_fix,19.1928,19.1928
2019-05-14,banxico,fx_rate_fix,19.1427,19.1427
2019-05-15,banxico,fx_rate_fix,19.1236,19.1236
2019-05-16,banxico,fx_rate_fix,19.0710,19.071
2019-05-17,banxico,fx_rate_fix,19.1454,19.1454
2019-05-20,banxico,fx_rate_fix,19.0908,19.0908
2019-05-21,banxico,fx_rate_fix,19.0309,19.0309
2019-05-22,banxico,fx_rate_fix,18.9755,18.9755
2019-05-23,banxico,fx_rate_fix,19.0122,19.0122
2019-05-24,banxico,fx_rate_fix,19.0658,19.0658
2019-05-27,banxico,fx_rate_fix,19.0521,19.0521
2019-05-28,banxico,fx_rate_fix,19.1652,19.1652
2019-05-29,banxico,fx_rate_fix,19.2395,19.2395
2019-05-30,banxico,fx_rate_fix,19.0683,19.0683
2019-05-31,banxico,fx_rate_fix,19.6426,19.6426
2019-06-03,banxico,fx_rate_fix,19.7609,19.7609
2019-06-04,banxico,fx_rate_fix,19.6007,19.6007
2019-06-05,banxico,fx_rate_fix,19.5418,19.5418
2019-06-06,banxico,fx_rate_fix,19.7084,19.7084
2019-06-07,banxico,fx_rate_fix,19.6528,19.6528
2019-06-10,banxico,fx_rate_fix,19.2040,19.204
2019-06-11,banxico,fx_rate_fix,19.1222,19.1222
2019-06-12,banxico,fx_rate_fix,19.1383,19.1383
2019-06-13,banxico,fx_rate_fix,19.1645,19.1645
2019-06-14,banxico,fx_rate_fix,19.1487,19.1487
2019-06-17,banxico,fx_rate_fix,19.1924,19.1924
2019-06-18,banxico,fx_rate_fix,19.1011,19.1011
2019-06-19,banxico,fx_rate_fix,19.1753,19.1753
2019-06-20,banxico,fx_rate_fix,18.9804,18.9804
2019-06-21,banxico,fx_rate_fix,19.0661,19.0661
2019-06-24,banxico,fx_rate_fix,19.1833,19.1833
2019-06-25,banxico,fx_rate_fix,19.2271,19.2271
2019-06-26,banxico,fx_rate_fix,19.1442,19.1442
2019-06-27,banxico,fx_rate_fix,19.1685,19.1685
2019-06-28,banxico,fx_rate_fix,19.2087,19.2087
2019-07-01,banxico,fx_rate_fix,19.0760,19.076
2019-07-02,banxico,fx_rate_fix,19.0694,19.0694
2019-07-03,banxico,fx_rate_fix,19.0502,19.0502
2019-07-04,banxico,fx_rate_fix,18.9947,18.9947
2019-07-05,banxico,fx_rate_fix,19.0446,19.0446
2019-07-08,banxico,fx_rate_fix,18.9116,18.9116
2019-07-09,banxico,fx_rate_fix,19.0043,19.0043
2019-07-10,banxico,fx_rate_fix,19.2425,19.2425
2019-07-11,banxico,fx_rate_fix,19.1227,19.1227
2019-07-12,banxico,fx_rate_fix,19.0307,19.0307
2019-07-15,banxico,fx_rate_fix,18.9803,18.9803
2019-07-16,banxico,fx_rate_fix,19.0781,19.0781
2019-07-17,banxico,fx_rate_fix,19.0233,19.0233
2019-07-18,banxico,fx_rate_fix,19.0108,19.0108
2019-07-19,banxico,fx_rate_fix,19.0123,19.0123
2019-07-22,banxico,fx_rate_fix,19.0659,19.0659
2019-07-23,banxico,fx_rate_fix,19.1315,19.1315
2019-07-24,banxico,fx_rate_fix,19.0894,19.0894
2019-07-25,banxico,fx_rate_fix,19.0623,19.0623
2019-07-26,banxico,fx_rate_fix,19.0699,19.0699
2019-07-29,banxico,fx_rate_fix,19.0900,19.09
2019-07-30,banxico,fx_rate_fix,19.0747,19.0747
2019-07-31,banxico,fx_rate_fix,18.9929,18.9929
2019-08-01,banxico,fx_rate_fix,19.1627,19.1627
2019-08-02,banxico,fx_rate_fix,19.3116,19.3116
2019-08-05,banxico,fx_rate_fix,19.5731,19.5731
2019-08-06,banxico,fx_rate_fix,19.6291,19.6291
2019-08-07,banxico,fx_rate_fix,19.6953,19.6953
2019-08-08,banxico,fx_rate_fix,19.5118,19.5118
2019-08-09,banxico,fx_rate_fix,19.4283,19.4283
2019-08-12,banxico,fx_rate_fix,19.5803,19.5803
2019-08-13,banxico,fx_rate_fix,19.4630,19.463
2019-08-14,banxico,fx_rate_fix,19.5763,19.5763
2019-08-15,banxico,fx_rate_fix,19.6365,19.6365
2019-08-16,banxico,fx_rate_fix,19.5669,19.5669
2019-08-19,banxico,fx_rate_fix,19.8153,19.8153
2019-08-20,banxico,fx_rate_fix,19.7522,19.7522
2019-08-21,banxico,fx_rate_fix,19.6798,19.6798
2019-08-22,banxico,fx_rate_fix,19.7467,19.7467
2019-08-23,banxico,fx_rate_fix,19.8402,19.8402
2019-08-26,banxico,fx_rate_fix,19.9086,19.9086
2019-08-27,banxico,fx_rate_fix,19.9934,19.9934
2019-08-28,banxico,fx_rate_fix,20.0314,20.0314
2019-08-29,banxico,fx_rate_fix,20.0988,20.0988
2019-08-30,banxico,fx_rate_fix,20.0696,20.0696
2019-09-02,banxico,fx_rate_fix,20.1253,20.1253
2019-09-03,banxico,fx_rate_fix,20.0039,20.0039
2019-09-04,banxico,fx_rate_fix,19.7806,19.7806
2019-09-05,banxico,fx_rate_fix,19.6834,19.6834
2019-09-06,banxico,fx_rate_fix,19.5623,19.5623
2019-09-09,banxico,fx_rate_fix,19.5398,19.5398
2019-09-10,banxico,fx_rate_fix,19.5354,19.5354
2019-09-11,banxico,fx_rate_fix,19.5478,19.5478
2019-09-12,banxico,fx_rate_fix,19.4265,19.4265
2019-09-13,banxico,fx_rate_fix,19.3665,19.3665
2019-09-17,banxico,fx_rate_fix,19.4262,19.4262
2019-09-18,banxico,fx_rate_fix,19.3528,19.3528
2019-09-19,banxico,fx_rate_fix,19.3981,19.3981
2019-09-20,banxico,fx_rate_fix,19.4478,19.4478
2019-09-23,banxico,fx_rate_fix,19.4459,19.4459
2019-09-24,banxico,fx_rate_fix,19.4587,19.4587
2019-09-25,banxico,fx_rate_fix,19.5775,19.5775
2019-09-26,banxico,fx_rate_fix,19.6363,19.6363
2019-09-27,banxico,fx_rate_fix,19.6808,19.6808
2019-09-30,banxico,fx_rate_fix,19.7345,19.7345
2019-10-01,banxico,fx_rate_fix,19.7792,19.7792
2019-10-02,banxico,fx_rate_fix,19.7985,19.7985
2019-10-03,banxico,fx_rate_fix,19.7368,19.7368
2019-10-04,banxico,fx_rate_fix,19.5255,19.5255
2019-10-07,banxico,fx_rate_fix,19.5522,19.5522
2019-10-08,banxico,fx_rate_fix,19.5840,19.584
2019-10-09,banxico,fx_rate_fix,19.5689,19.5689
2019-10-10,banxico,fx_rate_fix,19.4764,19.4764
2019-10-11,banxico,fx_rate_fix,19.3217,19.3217
2019-10-14,banxico,fx_rate_fix,19.2652,19.2652
2019-10-15,banxico,fx_rate_fix,19.2520,19.252
2019-10-16,banxico,fx_rate_fix,19.2135,19.2135
2019-10-17,banxico,fx_rate_fix,19.1602,19.1602
2019-10-18,banxico,fx_rate_fix,19.1492,19.1492
2019-10-21,banxico,fx_rate_fix,19.1422,19.1422
2019-10-22,banxico,fx_rate_fix,19.1050,19.105
2019-10-23,banxico,fx_rate_fix,19.1258,19.1258
2019-10-24,banxico,fx_rate_fix,19.0878,19.0878
2019-10-25,banxico,fx_rate_fix,19.0820,19.082
2019-10-28,banxico,fx_rate_fix,19.0543,19.0543
2019-10-29,banxico,fx_rate_fix,19.1167,19.1167
2019-10-30,banxico,fx_rate_fix,19.1643,19.1643
2019-10-31,banxico,fx_rate_fix,19.1948,19.1948
2019-11-01,banxico,fx_rate_fix,19.1058,19.1058
2019-11-04,banxico,fx_rate_fix,19.1525,19.1525
2019-11-05,banxico,fx_rate_fix,19.2125,19.2125
2019-11-06,banxico,fx_rate_fix,19.1953,19.1953
2019-11-07,banxico,fx_rate_fix,19.1327,19.1327
2019-11-08,banxico,fx_rate_fix,19.1068,19.1068
2019-11-11,banxico,fx_rate_fix,19.1090,19.109
2019-11-12,banxico,fx_rate_fix,19.2178,19.2178
2019-11-13,banxico,fx_rate_fix,19.4543,19.4543
2019-11-14,banxico,fx_rate_fix,19.4228,19.4228
2019-11-15,banxico,fx_rate_fix,19.2063,19.2063
2019-11-19,banxico,fx_rate_fix,19.3687,19.3687
2019-11-20,banxico,fx_rate_fix,19.4800,19.48
2019-11-21,banxico,fx_rate_fix,19.4138,19.4138
2019-11-22,banxico,fx_rate_fix,19.3987,19.3987
2019-11-25,banxico,fx_rate_fix,19.4468,19.4468
2019-11-26,banxico,fx_rate_fix,19.5185,19.5185
2019-11-27,banxico,fx_rate_fix,19.5607,19.5607
2019-11-28,banxico,fx_rate_fix,19.6113,19.6113
2019-11-29,banxico,fx_rate_fix,19.5352,19.5352
2019-12-02,banxico,fx_rate_fix,19.5717,19.5717
2019-12-03,banxico,fx_rate_fix,19.5678,19.5678
2019-12-04,banxico,fx_rate_fix,19.4707,19.4707
2019-12-05,banxico,fx_rate_fix,19.3688,19.3688
2019-12-06,banxico,fx_rate_fix,19.3247,19.3247
2019-12-09,banxico,fx_rate_fix,19.2302,19.2302
2019-12-10,banxico,fx_rate_fix,19.2362,19.2362
2019-12-11,banxico,fx_rate_fix,19.1785,19.1785
2019-12-13,banxico,fx_rate_fix,19.0455,19.0455
2019-12-16,banxico,fx_rate_fix,18.9702,18.9702
2019-12-17,banxico,fx_rate_fix,18.9165,18.9165
2019-12-18,banxico,fx_rate_fix,18.9542,18.9542
2019-12-19,banxico,fx_rate_fix,18.9640,18.964
2019-12-20,banxico,fx_rate_fix,18.9133,18.9133
2019-12-23,banxico,fx_rate_fix,18.9385,18.9385
2019-12-24,banxico,fx_rate_fix,18.9643,18.9643
2019-12-26,banxico,fx_rate_fix,18.9445,18.9445
2019-12-27,banxico,fx_rate_fix,18.8452,18.8452
2019-12-30,banxico,fx_rate_fix,18.8727,18.8727
2019-12-31,banxico,fx_rate_fix,18.8642,18.8642
2020-01-02,banxico,fx_rate_fix,18.8817,18.8817
2020-01-03,banxico,fx_rate_fix,18.8673,18.8673
2020-01-06,banxico,fx_rate_fix,18.8270,18.827
2020-01-07,banxico,fx_rate_fix,18.8852,18.8852
2020-01-08,banxico,fx_rate_fix,18.7980,18.798
2020-01-09,banxico,fx_rate_fix,18.8453,18.8453
2020-01-10,banxico,fx_rate_fix,18.7732,18.7732
2020-01-13,banxico,fx_rate_fix,18.8215,18.8215
2020-01-14,banxico,fx_rate_fix,18.8120,18.812
2020-01-15,banxico,fx_rate_fix,18.8077,18.8077
2020-01-16,banxico,fx_rate_fix,18.7930,18.793
2020-01-17,banxico,fx_rate_fix,18.7388,18.7388
2020-01-20,banxico,fx_rate_fix,18.6725,18.6725
2020-01-21,banxico,fx_rate_fix,18.7007,18.7007
2020-01-22,banxico,fx_rate_fix,18.6883,18.6883
2020-01-23,banxico,fx_rate_fix,18.8018,18.8018
2020-01-24,banxico,fx_rate_fix,18.8313,18.8313
2020-01-27,banxico,fx_rate_fix,18.9407,18.9407
2020-01-28,banxico,fx_rate_fix,18.8022,18.8022
2020-01-29,banxico,fx_rate_fix,18.7067,18.7067
2020-01-30,banxico,fx_rate_fix,18.7853,18.7853
2020-01-31,banxico,fx_rate_fix,18.9082,18.9082
2020-02-04,banxico,fx_rate_fix,18.6797,18.6797
2020-02-05,banxico,fx_rate_fix,18.6245,18.6245
2020-02-06,banxico,fx_rate_fix,18.6645,18.6645
2020-02-07,banxico,fx_rate_fix,18.7763,18.7763
2020-02-10,banxico,fx_rate_fix,18.7653,18.7653
2020-02-11,banxico,fx_rate_fix,18.6740,18.674
2020-02-12,banxico,fx_rate_fix,18.6308,18.6308
2020-02-13,banxico,fx_rate_fix,18.6458,18.6458
2020-02-14,banxico,fx_rate_fix,18.5712,18.5712
2020-02-17,banxico,fx_rate_fix,18.5715,18.5715
2020-02-18,banxico,fx_rate_fix,18.5952,18.5952
2020-02-19,banxico,fx_rate_fix,18.5910,18.591
2020-02-20,banxico,fx_rate_fix,18.7992,18.7992
2020-02-21,banxico,fx_rate_fix,18.9138,18.9138
2020-02-24,banxico,fx_rate_fix,19.1197,19.1197
2020-02-25,banxico,fx_rate_fix,19.0878,19.0878
2020-02-26,banxico,fx_rate_fix,19.1585,19.1585
2020-02-27,banxico,fx_rate_fix,19.3973,19.3973
2020-02-28,banxico,fx_rate_fix,19.7760,19.776
2020-03-02,banxico,fx_rate_fix,19.6985,19.6985
2020-03-03,banxico,fx_rate_fix,19.2837,19.2837
2020-03-04,banxico,fx_rate_fix,19.5335,19.5335
2020-03-05,banxico,fx_rate_fix,19.8095,19.8095
2020-03-06,banxico,fx_rate_fix,20.1623,20.1623
2020-03-09,banxico,fx_rate_fix,21.1117,21.1117
2020-03-10,banxico,fx_rate_fix,21.0267,21.0267
2020-03-11,banxico,fx_rate_fix,21.2130,21.213
2020-03-12,banxico,fx_rate_fix,22.1518,22.1518
2020-03-13,banxico,fx_rate_fix,21.9288,21.9288
2020-03-17,banxico,fx_rate_fix,23.0573,23.0573
2020-03-18,banxico,fx_rate_fix,23.9008,23.9008
2020-03-19,banxico,fx_rate_fix,24.0868,24.0868
2020-03-20,banxico,fx_rate_fix,24.1113,24.1113
2020-03-23,banxico,fx_rate_fix,25.0782,25.0782
2020-03-24,banxico,fx_rate_fix,25.1185,25.1185
2020-03-25,banxico,fx_rate_fix,24.2948,24.2948
2020-03-26,banxico,fx_rate_fix,23.0970,23.097
2020-03-27,banxico,fx_rate_fix,23.5122,23.5122
2020-03-30,banxico,fx_rate_fix,24.2853,24.2853
2020-03-31,banxico,fx_rate_fix,23.4847,23.4847
2020-04-01,banxico,fx_rate_fix,24.4918,24.4918
2020-04-02,banxico,fx_rate_fix,24.1087,24.1087
2020-04-03,banxico,fx_rate_fix,24.6938,24.6938
2020-04-06,banxico,fx_rate_fix,24.6895,24.6895
2020-04-07,banxico,fx_rate_fix,24.0388,24.0388
2020-04-08,banxico,fx_rate_fix,24.0925,24.0925
2020-04-13,banxico,fx_rate_fix,23.7427,23.7427
2020-04-14,banxico,fx_rate_fix,23.5645,23.5645
2020-04-15,banxico,fx_rate_fix,24.1155,24.1155
2020-04-16,banxico,fx_rate_fix,24.2098,24.2098
2020-04-17,banxico,fx_rate_fix,23.9012,23.9012
2020-04-20,banxico,fx_rate_fix,24.0077,24.0077
2020-04-21,banxico,fx_rate_fix,24.4248,24.4248
2020-04-22,banxico,fx_rate_fix,24.5883,24.5883
2020-04-23,banxico,fx_rate_fix,24.6230,24.623
2020-04-24,banxico,fx_rate_fix,24.8583,24.8583
2020-04-27,banxico,fx_rate_fix,24.8492,24.8492
2020-04-28,banxico,fx_rate_fix,24.3882,24.3882
2020-04-29,banxico,fx_rate_fix,24.0002,24.0002
2020-04-30,banxico,fx_rate_fix,23.9283,23.9283
2020-05-04,banxico,fx_rate_fix,24.3812,24.3812
2020-05-05,banxico,fx_rate_fix,23.8343,23.8343
2020-05-06,banxico,fx_rate_fix,24.2942,24.2942
2020-05-07,banxico,fx_rate_fix,24.0563,24.0563
2020-05-08,banxico,fx_rate_fix,23.6805,23.6805
2020-05-11,banxico,fx_rate_fix,23.8693,23.8693
2020-05-12,banxico,fx_rate_fix,24.0487,24.0487
2020-05-13,banxico,fx_rate_fix,24.2113,24.2113
2020-05-14,banxico,fx_rate_fix,24.2708,24.2708
2020-05-15,banxico,fx_rate_fix,23.9580,23.958
2020-05-18,banxico,fx_rate_fix,23.6032,23.6032
2020-05-19,banxico,fx_rate_fix,23.6023,23.6023
2020-05-20,banxico,fx_rate_fix,23.2962,23.2962
2020-05-21,banxico,fx_rate_fix,22.9600,22.96
2020-05-22,banxico,fx_rate_fix,22.7928,22.7928
2020-05-25,banxico,fx_rate_fix,22.5630,22.563
2020-05-26,banxico,fx_rate_fix,22.2932,22.2932
2020-05-27,banxico,fx_rate_fix,22.3633,22.3633
2020-05-28,banxico,fx_rate_fix,22.2040,22.204
2020-05-29,banxico,fx_rate_fix,22.1778,22.1778
2020-06-01,banxico,fx_rate_fix,22.0168,22.0168
2020-06-02,banxico,fx_rate_fix,21.6827,21.6827
2020-06-03,banxico,fx_rate_fix,21.6043,21.6043
2020-06-04,banxico,fx_rate_fix,21.8388,21.8388
2020-06-05,banxico,fx_rate_fix,21.5837,21.5837
2020-06-08,banxico,fx_rate_fix,21.6552,21.6552
2020-06-09,banxico,fx_rate_fix,21.7252,21.7252
2020-06-10,banxico,fx_rate_fix,21.9230,21.923
2020-06-11,banxico,fx_rate_fix,22.4252,22.4252
2020-06-12,banxico,fx_rate_fix,22.3347,22.3347
2020-06-15,banxico,fx_rate_fix,22.5435,22.5435
2020-06-16,banxico,fx_rate_fix,22.2168,22.2168
2020-06-17,banxico,fx_rate_fix,22.2783,22.2783
2020-06-18,banxico,fx_rate_fix,22.6088,22.6088
2020-06-19,banxico,fx_rate_fix,22.6300,22.63
2020-06-22,banxico,fx_rate_fix,22.4413,22.4413
2020-06-23,banxico,fx_rate_fix,22.4130,22.413
2020-06-24,banxico,fx_rate_fix,22.6662,22.6662
2020-06-25,banxico,fx_rate_fix,22.7963,22.7963
2020-06-26,banxico,fx_rate_fix,22.9715,22.9715
2020-06-29,banxico,fx_rate_fix,23.1325,23.1325
2020-06-30,banxico,fx_rate_fix,23.0893,23.0893
2020-07-01,banxico,fx_rate_fix,22.8078,22.8078
2020-07-02,banxico,fx_rate_fix,22.5225,22.5225
2020-07-03,banxico,fx_rate_fix,22.4147,22.4147
2020-07-06,banxico,fx_rate_fix,22.2808,22.2808
2020-07-07,banxico,fx_rate_fix,22.6213,22.6213
2020-07-08,banxico,fx_rate_fix,22.8225,22.8225
2020-07-09,banxico,fx_rate_fix,22.6945,22.6945
2020-07-10,banxico,fx_rate_fix,22.5342,22.5342
2020-07-13,banxico,fx_rate_fix,22.4633,22.4633
2020-07-14,banxico,fx_rate_fix,22.6173,22.6173
2020-07-15,banxico,fx_rate_fix,22.3647,22.3647
2020-07-16,banxico,fx_rate_fix,22.3032,22.3032
2020-07-17,banxico,fx_rate_fix,22.4897,22.4897
2020-07-20,banxico,fx_rate_fix,22.6278,22.6278
2020-07-21,banxico,fx_rate_fix,22.3597,22.3597
2020-07-22,banxico,fx_rate_fix,22.2510,22.251
2020-07-23,banxico,fx_rate_fix,22.3627,22.3627
2020-07-24,banxico,fx_rate_fix,22.3842,22.3842
2020-07-27,banxico,fx_rate_fix,22.0275,22.0275
2020-07-28,banxico,fx_rate_fix,21.9615,21.9615
2020-07-29,banxico,fx_rate_fix,21.9907,21.9907
2020-07-30,banxico,fx_rate_fix,22.1727,22.1727
2020-07-31,banxico,fx_rate_fix,22.2012,22.2012
2020-08-03,banxico,fx_rate_fix,22.6140,22.614
2020-08-04,banxico,fx_rate_fix,22.7845,22.7845
2020-08-05,banxico,fx_rate_fix,22.4068,22.4068
2020-08-06,banxico,fx_rate_fix,22.3652,22.3652
2020-08-07,banxico,fx_rate_fix,22.4892,22.4892
2020-08-10,banxico,fx_rate_fix,22.4850,22.485
2020-08-11,banxico,fx_rate_fix,22.3490,22.349
2020-08-12,banxico,fx_rate_fix,22.3457,22.3457
2020-08-13,banxico,fx_rate_fix,22.2628,22.2628
2020-08-14,banxico,fx_rate_fix,22.0313,22.0313
2020-08-17,banxico,fx_rate_fix,22.0570,22.057
2020-08-18,banxico,fx_rate_fix,22.1535,22.1535
2020-08-19,banxico,fx_rate_fix,22.0527,22.0527
2020-08-20,banxico,fx_rate_fix,22.1760,22.176
2020-08-21,banxico,fx_rate_fix,22.0362,22.0362
2020-08-24,banxico,fx_rate_fix,21.9840,21.984
2020-08-25,banxico,fx_rate_fix,21.9723,21.9723
2020-08-26,banxico,fx_rate_fix,21.9202,21.9202
2020-08-27,banxico,fx_rate_fix,22.1168,22.1168
2020-08-28,banxico,fx_rate_fix,21.8602,21.8602
2020-08-31,banxico,fx_rate_fix,21.8880,21.888
2020-09-01,banxico,fx_rate_fix,21.7445,21.7445
2020-09-02,banxico,fx_rate_fix,21.8393,21.8393
2020-09-03,banxico,fx_rate_fix,21.6383,21.6383
2020-09-04,banxico,fx_rate_fix,21.6115,21.6115
2020-09-07,banxico,fx_rate_fix,21.5887,21.5887
2020-09-08,banxico,fx_rate_fix,21.7138,21.7138
2020-09-09,banxico,fx_rate_fix,21.5377,21.5377
2020-09-10,banxico,fx_rate_fix,21.2773,21.2773
2020-09-11,banxico,fx_rate_fix,21.3210,21.321
2020-09-14,banxico,fx_rate_fix,21.0728,21.0728
2020-09-15,banxico,fx_rate_fix,21.0692,21.0692
2020-09-17,banxico,fx_rate_fix,20.9850,20.985
2020-09-18,banxico,fx_rate_fix,20.9697,20.9697
2020-09-21,banxico,fx_rate_fix,21.5050,21.505
2020-09-22,banxico,fx_rate_fix,21.5682,21.5682
2020-09-23,banxico,fx_rate_fix,22.0897,22.0897
2020-09-24,banxico,fx_rate_fix,22.3678,22.3678
2020-09-25,banxico,fx_rate_fix,22.4402,22.4402
2020-09-28,banxico,fx_rate_fix,22.4573,22.4573
2020-09-29,banxico,fx_rate_fix,22.3598,22.3598
2020-09-30,banxico,fx_rate_fix,22.1438,22.1438
2020-10-01,banxico,fx_rate_fix,21.9562,21.9562
2020-10-02,banxico,fx_rate_fix,21.7025,21.7025
2020-10-05,banxico,fx_rate_fix,21.3960,21.396
2020-10-06,banxico,fx_rate_fix,21.4507,21.4507
2020-10-07,banxico,fx_rate_fix,21.4930,21.493
2020-10-08,banxico,fx_rate_fix,21.4318,21.4318
2020-10-09,banxico,fx_rate_fix,21.1822,21.1822
2020-10-12,banxico,fx_rate_fix,21.2183,21.2183
2020-10-13,banxico,fx_rate_fix,21.3677,21.3677
2020-10-14,banxico,fx_rate_fix,21.2998,21.2998
2020-10-15,banxico,fx_rate_fix,21.3832,21.3832
2020-10-16,banxico,fx_rate_fix,21.1765,21.1765
2020-10-19,banxico,fx_rate_fix,21.1342,21.1342
2020-10-20,banxico,fx_rate_fix,21.0902,21.0902
2020-10-21,banxico,fx_rate_fix,21.0640,21.064
2020-10-22,banxico,fx_rate_fix,21.0300,21.03
2020-10-23,banxico,fx_rate_fix,20.9205,20.9205
2020-10-26,banxico,fx_rate_fix,20.9818,20.9818
2020-10-27,banxico,fx_rate_fix,20.8798,20.8798
2020-10-28,banxico,fx_rate_fix,21.1648,21.1648
2020-10-29,banxico,fx_rate_fix,21.3770,21.377
2020-10-30,banxico,fx_rate_fix,21.2508,21.2508
2020-11-03,banxico,fx_rate_fix,21.1555,21.1555
2020-11-04,banxico,fx_rate_fix,21.0345,21.0345
2020-11-05,banxico,fx_rate_fix,20.7612,20.7612
2020-11-06,banxico,fx_rate_fix,20.6200,20.62
2020-11-09,banxico,fx_rate_fix,20.3600,20.36
2020-11-10,banxico,fx_rate_fix,20.4018,20.4018
2020-11-11,banxico,fx_rate_fix,20.5772,20.5772
2020-11-12,banxico,fx_rate_fix,20.5303,20.5303
2020-11-13,banxico,fx_rate_fix,20.4833,20.4833
2020-11-17,banxico,fx_rate_fix,20.3212,20.3212
2020-11-18,banxico,fx_rate_fix,20.2388,20.2388
2020-11-19,banxico,fx_rate_fix,20.1858,20.1858
2020-11-20,banxico,fx_rate_fix,20.1172,20.1172
2020-11-23,banxico,fx_rate_fix,20.1012,20.1012
2020-11-24,banxico,fx_rate_fix,20.0577,20.0577
2020-11-25,banxico,fx_rate_fix,20.0465,20.0465
2020-11-26,banxico,fx_rate_fix,20.0467,20.0467
2020-11-27,banxico,fx_rate_fix,20.0777,20.0777
2020-11-30,banxico,fx_rate_fix,20.1398,20.1398
2020-12-01,banxico,fx_rate_fix,20.0508,20.0508
2020-12-02,banxico,fx_rate_fix,20.0497,20.0497
2020-12-03,banxico,fx_rate_fix,19.9083,19.9083
2020-12-04,banxico,fx_rate_fix,19.7838,19.7838
2020-12-07,banxico,fx_rate_fix,19.8213,19.8213
2020-12-08,banxico,fx_rate_fix,19.7537,19.7537
2020-12-09,banxico,fx_rate_fix,19.8368,19.8368
2020-12-10,banxico,fx_rate_fix,19.9572,19.9572
2020-12-11,banxico,fx_rate_fix,20.1075,20.1075
2020-12-14,banxico,fx_rate_fix,20.1778,20.1778
2020-12-15,banxico,fx_rate_fix,20.1113,20.1113
2020-12-16,banxico,fx_rate_fix,19.9513,19.9513
2020-12-17,banxico,fx_rate_fix,19.8173,19.8173
2020-12-18,banxico,fx_rate_fix,19.9487,19.9487
2020-12-21,banxico,fx_rate_fix,20.0905,20.0905
2020-12-22,banxico,fx_rate_fix,20.0562,20.0562
2020-12-23,banxico,fx_rate_fix,20.1175,20.1175
2020-12-24,banxico,fx_rate_fix,19.8517,19.8517
2020-12-28,banxico,fx_rate_fix,20.0477,20.0477
2020-12-29,banxico,fx_rate_fix,19.9487,19.9487
2020-12-30,banxico,fx_rate_fix,19.9352,19.9352
2020-12-31,banxico,fx_rate_fix,19.9087,19.9087
2021-01-04,banxico,fx_rate_fix,19.8457,19.8457
2021-01-05,banxico,fx_rate_fix,19.9437,19.9437
2021-01-06,banxico,fx_rate_fix,19.7250,19.725
2021-01-07,banxico,fx_rate_fix,19.9100,19.91
2021-01-08,banxico,fx_rate_fix,19.9705,19.9705
2021-01-11,banxico,fx_rate_fix,20.1130,20.113
2021-01-12,banxico,fx_rate_fix,19.9373,19.9373
2021-01-13,banxico,fx_rate_fix,19.7935,19.7935
2021-01-14,banxico,fx_rate_fix,19.7793,19.7793
2021-01-15,banxico,fx_rate_fix,19.7875,19.7875
2021-01-18,banxico,fx_rate_fix,19.7570,19.757
2021-01-19,banxico,fx_rate_fix,19.6788,19.6788
2021-01-20,banxico,fx_rate_fix,19.5793,19.5793
2021-01-21,banxico,fx_rate_fix,19.7393,19.7393
2021-01-22,banxico,fx_rate_fix,19.9833,19.9833
2021-01-25,banxico,fx_rate_fix,20.1598,20.1598
2021-01-26,banxico,fx_rate_fix,20.0152,20.0152
2021-01-27,banxico,fx_rate_fix,20.2168,20.2168
2021-01-28,banxico,fx_rate_fix,20.2697,20.2697
2021-01-29,banxico,fx_rate_fix,20.2248,20.2248
2021-02-02,banxico,fx_rate_fix,20.1722,20.1722
2021-02-03,banxico,fx_rate_fix,20.1953,20.1953
2021-02-04,banxico,fx_rate_fix,20.4435,20.4435
2021-02-05,banxico,fx_rate_fix,20.1388,20.1388
2021-02-08,banxico,fx_rate_fix,20.1227,20.1227
2021-02-09,banxico,fx_rate_fix,20.0913,20.0913
2021-02-10,banxico,fx_rate_fix,20.0588,20.0588
2021-02-11,banxico,fx_rate_fix,19.9535,19.9535
2021-02-12,banxico,fx_rate_fix,19.9622,19.9622
2021-02-15,banxico,fx_rate_fix,19.9518,19.9518
2021-02-16,banxico,fx_rate_fix,20.2023,20.2023
2021-02-17,banxico,fx_rate_fix,20.2257,20.2257
2021-02-18,banxico,fx_rate_fix,20.4165,20.4165
2021-02-19,banxico,fx_rate_fix,20.4222,20.4222
2021-02-22,banxico,fx_rate_fix,20.6783,20.6783
2021-02-23,banxico,fx_rate_fix,20.5833,20.5833
2021-02-24,banxico,fx_rate_fix,20.4752,20.4752
2021-02-25,banxico,fx_rate_fix,20.8523,20.8523
2021-02-26,banxico,fx_rate_fix,20.9390,20.939
2021-03-01,banxico,fx_rate_fix,20.6123,20.6123
2021-03-02,banxico,fx_rate_fix,20.6903,20.6903
2021-03-03,banxico,fx_rate_fix,20.8957,20.8957
2021-03-04,banxico,fx_rate_fix,20.8498,20.8498
2021-03-05,banxico,fx_rate_fix,21.2635,21.2635
2021-03-08,banxico,fx_rate_fix,21.4177,21.4177
2021-03-09,banxico,fx_rate_fix,21.2575,21.2575
2021-03-10,banxico,fx_rate_fix,20.9853,20.9853
2021-03-11,banxico,fx_rate_fix,20.7133,20.7133
2021-03-12,banxico,fx_rate_fix,20.7637,20.7637
2021-03-16,banxico,fx_rate_fix,20.5753,20.5753
2021-03-17,banxico,fx_rate_fix,20.6828,20.6828
2021-03-18,banxico,fx_rate_fix,20.4415,20.4415
2021-03-19,banxico,fx_rate_fix,20.4823,20.4823
2021-03-22,banxico,fx_rate_fix,20.5788,20.5788
2021-03-23,banxico,fx_rate_fix,20.6408,20.6408
2021-03-24,banxico,fx_rate_fix,20.7882,20.7882
2021-03-25,banxico,fx_rate_fix,20.7662,20.7662
2021-03-26,banxico,fx_rate_fix,20.5677,20.5677
2021-03-29,banxico,fx_rate_fix,20.6047,20.6047
2021-03-30,banxico,fx_rate_fix,20.6025,20.6025
2021-03-31,banxico,fx_rate_fix,20.4400,20.44
2021-04-05,banxico,fx_rate_fix,20.2483,20.2483
2021-04-06,banxico,fx_rate_fix,20.1612,20.1612
2021-04-07,banxico,fx_rate_fix,20.1765,20.1765
2021-04-08,banxico,fx_rate_fix,20.0890,20.089
2021-04-09,banxico,fx_rate_fix,20.1630,20.163
2021-04-12,banxico,fx_rate_fix,20.0950,20.095
2021-04-13,banxico,fx_rate_fix,20.0735,20.0735
2021-04-14,banxico,fx_rate_fix,20.0583,20.0583
2021-04-15,banxico,fx_rate_fix,19.9270,19.927
2021-04-16,banxico,fx_rate_fix,19.9158,19.9158
2021-04-19,banxico,fx_rate_fix,19.8145,19.8145
2021-04-20,banxico,fx_rate_fix,19.8877,19.8877
2021-04-21,banxico,fx_rate_fix,19.8740,19.874
2021-04-22,banxico,fx_rate_fix,19.8865,19.8865
2021-04-23,banxico,fx_rate_fix,19.8695,19.8695
2021-04-26,banxico,fx_rate_fix,19.8362,19.8362
2021-04-27,banxico,fx_rate_fix,19.9785,19.9785
2021-04-28,banxico,fx_rate_fix,19.9712,19.9712
2021-04-29,banxico,fx_rate_fix,20.0978,20.0978
2021-04-30,banxico,fx_rate_fix,20.1822,20.1822
2021-05-03,banxico,fx_rate_fix,20.1902,20.1902
2021-05-04,banxico,fx_rate_fix,20.2235,20.2235
2021-05-05,banxico,fx_rate_fix,20.2077,20.2077
2021-05-06,banxico,fx_rate_fix,20.1838,20.1838
2021-05-07,banxico,fx_rate_fix,19.9223,19.9223
2021-05-10,banxico,fx_rate_fix,19.8860,19.886
2021-05-11,banxico,fx_rate_fix,19.8848,19.8848
2021-05-12,banxico,fx_rate_fix,20.0940,20.094
2021-05-13,banxico,fx_rate_fix,20.0495,20.0495
2021-05-14,banxico,fx_rate_fix,19.8487,19.8487
2021-05-17,banxico,fx_rate_fix,19.8028,19.8028
2021-05-18,banxico,fx_rate_fix,19.8313,19.8313
2021-05-19,banxico,fx_rate_fix,19.8143,19.8143
2021-05-20,banxico,fx_rate_fix,19.8810,19.881
2021-05-21,banxico,fx_rate_fix,19.9510,19.951
2021-05-24,banxico,fx_rate_fix,19.8720,19.872
2021-05-25,banxico,fx_rate_fix,19.8903,19.8903
2021-05-26,banxico,fx_rate_fix,19.8783,19.8783
2021-05-27,banxico,fx_rate_fix,19.9487,19.9487
2021-05-28,banxico,fx_rate_fix,19.9442,19.9442
2021-05-31,banxico,fx_rate_fix,19.9213,19.9213
2021-06-01,banxico,fx_rate_fix,19.8927,19.8927
2021-06-02,banxico,fx_rate_fix,19.9277,19.9277
2021-06-03,banxico,fx_rate_fix,20.0605,20.0605
2021-06-04,banxico,fx_rate_fix,19.9328,19.9328
2021-06-07,banxico,fx_rate_fix,19.7970,19.797
2021-06-08,banxico,fx_rate_fix,19.7728,19.7728
2021-06-09,banxico,fx_rate_fix,19.6897,19.6897
2021-06-10,banxico,fx_rate_fix,19.7002,19.7002
2021-06-11,banxico,fx_rate_fix,19.8823,19.8823
2021-06-14,banxico,fx_rate_fix,19.9065,19.9065
2021-06-15,banxico,fx_rate_fix,20.1235,20.1235
2021-06-16,banxico,fx_rate_fix,20.0588,20.0588
2021-06-17,banxico,fx_rate_fix,20.4292,20.4292
2021-06-18,banxico,fx_rate_fix,20.7002,20.7002
2021-06-21,banxico,fx_rate_fix,20.6000,20.6
2021-06-22,banxico,fx_rate_fix,20.5712,20.5712
2021-06-23,banxico,fx_rate_fix,20.2505,20.2505
2021-06-24,banxico,fx_rate_fix,20.0483,20.0483
2021-06-25,banxico,fx_rate_fix,19.7930,19.793
2021-06-28,banxico,fx_rate_fix,19.8027,19.8027
2021-06-29,banxico,fx_rate_fix,19.8157,19.8157
2021-06-30,banxico,fx_rate_fix,19.9062,19.9062
2021-07-01,banxico,fx_rate_fix,20.0368,20.0368
2021-07-02,banxico,fx_rate_fix,19.8817,19.8817
2021-07-05,banxico,fx_rate_fix,19.8532,19.8532
2021-07-06,banxico,fx_rate_fix,19.9658,19.9658
2021-07-07,banxico,fx_rate_fix,19.9915,19.9915
2021-07-08,banxico,fx_rate_fix,20.0070,20.007
2021-07-09,banxico,fx_rate_fix,19.8800,19.88
2021-07-12,banxico,fx_rate_fix,19.8577,19.8577
2021-07-13,banxico,fx_rate_fix,19.9988,19.9988
2021-07-14,banxico,fx_rate_fix,19.8992,19.8992
2021-07-15,banxico,fx_rate_fix,19.9412,19.9412
2021-07-16,banxico,fx_rate_fix,19.8537,19.8537
2021-07-19,banxico,fx_rate_fix,20.0000,20.0
2021-07-20,banxico,fx_rate_fix,20.1348,20.1348
2021-07-21,banxico,fx_rate_fix,20.1907,20.1907
2021-07-22,banxico,fx_rate_fix,20.1812,20.1812
2021-07-23,banxico,fx_rate_fix,20.0238,20.0238
2021-07-26,banxico,fx_rate_fix,20.0245,20.0245
2021-07-27,banxico,fx_rate_fix,19.9770,19.977
2021-07-28,banxico,fx_rate_fix,19.9535,19.9535
2021-07-29,banxico,fx_rate_fix,19.8448,19.8448
2021-07-30,banxico,fx_rate_fix,19.8455,19.8455
2021-08-02,banxico,fx_rate_fix,19.8520,19.852
2021-08-03,banxico,fx_rate_fix,19.8920,19.892
2021-08-04,banxico,fx_rate_fix,19.9547,19.9547
2021-08-05,banxico,fx_rate_fix,19.9293,19.9293
2021-08-06,banxico,fx_rate_fix,20.0037,20.0037
2021-08-09,banxico,fx_rate_fix,20.0648,20.0648
2021-08-10,banxico,fx_rate_fix,20.1038,20.1038
2021-08-11,banxico,fx_rate_fix,19.9530,19.953
2021-08-12,banxico,fx_rate_fix,19.8907,19.8907
2021-08-13,banxico,fx_rate_fix,19.8603,19.8603
2021-08-16,banxico,fx_rate_fix,19.8863,19.8863
2021-08-17,banxico,fx_rate_fix,19.9912,19.9912
2021-08-18,banxico,fx_rate_fix,20.0107,20.0107
2021-08-19,banxico,fx_rate_fix,20.1175,20.1175
2021-08-20,banxico,fx_rate_fix,20.4020,20.402
2021-08-23,banxico,fx_rate_fix,20.3907,20.3907
2021-08-24,banxico,fx_rate_fix,20.2967,20.2967
2021-08-25,banxico,fx_rate_fix,20.2933,20.2933
2021-08-26,banxico,fx_rate_fix,20.3522,20.3522
2021-08-27,banxico,fx_rate_fix,20.2293,20.2293
2021-08-30,banxico,fx_rate_fix,20.1403,20.1403
2021-08-31,banxico,fx_rate_fix,20.0605,20.0605
2021-09-01,banxico,fx_rate_fix,19.9615,19.9615
2021-09-02,banxico,fx_rate_fix,19.9703,19.9703
2021-09-03,banxico,fx_rate_fix,19.8992,19.8992
2021-09-06,banxico,fx_rate_fix,19.8878,19.8878
2021-09-07,banxico,fx_rate_fix,19.9440,19.944
2021-09-08,banxico,fx_rate_fix,19.9383,19.9383
2021-09-09,banxico,fx_rate_fix,19.9318,19.9318
2021-09-10,banxico,fx_rate_fix,19.8717,19.8717
2021-09-13,banxico,fx_rate_fix,19.8677,19.8677
2021-09-14,banxico,fx_rate_fix,19.9035,19.9035
2021-09-15,banxico,fx_rate_fix,19.9003,19.9003
2021-09-17,banxico,fx_rate_fix,19.9853,19.9853
2021-09-20,banxico,fx_rate_fix,20.1735,20.1735
2021-09-21,banxico,fx_rate_fix,20.1438,20.1438
2021-09-22,banxico,fx_rate_fix,20.0328,20.0328
2021-09-23,banxico,fx_rate_fix,20.0280,20.028
2021-09-24,banxico,fx_rate_fix,20.1118,20.1118
2021-09-27,banxico,fx_rate_fix,20.1052,20.1052
2021-09-28,banxico,fx_rate_fix,20.3060,20.306
2021-09-29,banxico,fx_rate_fix,20.4977,20.4977
2021-09-30,banxico,fx_rate_fix,20.5623,20.5623
2021-10-01,banxico,fx_rate_fix,20.5103,20.5103
2021-10-04,banxico,fx_rate_fix,20.5747,20.5747
2021-10-05,banxico,fx_rate_fix,20.5818,20.5818
2021-10-06,banxico,fx_rate_fix,20.6947,20.6947
2021-10-07,banxico,fx_rate_fix,20.6040,20.604
2021-10-08,banxico,fx_rate_fix,20.7293,20.7293
2021-10-11,banxico,fx_rate_fix,20.8017,20.8017
2021-10-12,banxico,fx_rate_fix,20.7767,20.7767
2021-10-13,banxico,fx_rate_fix,20.6827,20.6827
2021-10-14,banxico,fx_rate_fix,20.6075,20.6075
2021-10-15,banxico,fx_rate_fix,20.4672,20.4672
2021-10-18,banxico,fx_rate_fix,20.3587,20.3587
2021-10-19,banxico,fx_rate_fix,20.2647,20.2647
2021-10-20,banxico,fx_rate_fix,20.1850,20.185
2021-10-21,banxico,fx_rate_fix,20.2643,20.2643
2021-10-22,banxico,fx_rate_fix,20.1837,20.1837
2021-10-25,banxico,fx_rate_fix,20.1897,20.1897
2021-10-26,banxico,fx_rate_fix,20.1888,20.1888
2021-10-27,banxico,fx_rate_fix,20.1930,20.193
2021-10-28,banxico,fx_rate_fix,20.3255,20.3255
2021-10-29,banxico,fx_rate_fix,20.5297,20.5297
2021-11-01,banxico,fx_rate_fix,20.8598,20.8598
2021-11-03,banxico,fx_rate_fix,20.8352,20.8352
2021-11-04,banxico,fx_rate_fix,20.6242,20.6242
2021-11-05,banxico,fx_rate_fix,20.3925,20.3925
2021-11-08,banxico,fx_rate_fix,20.3265,20.3265
2021-11-09,banxico,fx_rate_fix,20.2833,20.2833
2021-11-10,banxico,fx_rate_fix,20.4702,20.4702
2021-11-11,banxico,fx_rate_fix,20.4652,20.4652
2021-11-12,banxico,fx_rate_fix,20.5072,20.5072
2021-11-16,banxico,fx_rate_fix,20.8092,20.8092
2021-11-17,banxico,fx_rate_fix,20.6912,20.6912
2021-11-18,banxico,fx_rate_fix,20.7628,20.7628
2021-11-19,banxico,fx_rate_fix,20.8283,20.8283
2021-11-22,banxico,fx_rate_fix,20.9632,20.9632
2021-11-23,banxico,fx_rate_fix,21.2107,21.2107
2021-11-24,banxico,fx_rate_fix,21.4357,21.4357
2021-11-25,banxico,fx_rate_fix,21.5462,21.5462
2021-11-26,banxico,fx_rate_fix,21.8185,21.8185
2021-11-29,banxico,fx_rate_fix,21.7333,21.7333
2021-11-30,banxico,fx_rate_fix,21.4453,21.4453
2021-12-01,banxico,fx_rate_fix,21.2710,21.271
2021-12-02,banxico,fx_rate_fix,21.3033,21.3033
2021-12-03,banxico,fx_rate_fix,21.4177,21.4177
2021-12-06,banxico,fx_rate_fix,21.2047,21.2047
2021-12-07,banxico,fx_rate_fix,21.0907,21.0907
2021-12-08,banxico,fx_rate_fix,20.9330,20.933
2021-12-09,banxico,fx_rate_fix,21.0328,21.0328
2021-12-10,banxico,fx_rate_fix,20.8922,20.8922
2021-12-13,banxico,fx_rate_fix,20.9383,20.9383
2021-12-14,banxico,fx_rate_fix,21.1650,21.165
2021-12-15,banxico,fx_rate_fix,21.2393,21.2393
2021-12-16,banxico,fx_rate_fix,20.9238,20.9238
2021-12-17,banxico,fx_rate_fix,20.7337,20.7337
2021-12-20,banxico,fx_rate_fix,20.7363,20.7363
2021-12-21,banxico,fx_rate_fix,20.7823,20.7823
2021-12-22,banxico,fx_rate_fix,20.7527,20.7527
2021-12-23,banxico,fx_rate_fix,20.6582,20.6582
2021-12-24,banxico,fx_rate_fix,20.6112,20.6112
2021-12-27,banxico,fx_rate_fix,20.6828,20.6828
2021-12-28,banxico,fx_rate_fix,20.5770,20.577
2021-12-29,banxico,fx_rate_fix,20.5835,20.5835
2021-12-30,banxico,fx_rate_fix,20.5157,20.5157
2021-12-31,banxico,fx_rate_fix,20.4672,20.4672
2022-01-03,banxico,fx_rate_fix,20.5890,20.589
2022-01-04,banxico,fx_rate_fix,20.4742,20.4742
2022-01-05,banxico,fx_rate_fix,20.3977,20.3977
2022-01-06,banxico,fx_rate_fix,20.4588,20.4588
2022-01-07,banxico,fx_rate_fix,20.4237,20.4237
2022-01-10,banxico,fx_rate_fix,20.4453,20.4453
2022-01-11,banxico,fx_rate_fix,20.3785,20.3785
2022-01-12,banxico,fx_rate_fix,20.3660,20.366
2022-01-13,banxico,fx_rate_fix,20.3607,20.3607
2022-01-14,banxico,fx_rate_fix,20.3118,20.3118
2022-01-17,banxico,fx_rate_fix,20.3002,20.3002
2022-01-18,banxico,fx_rate_fix,20.4030,20.403
2022-01-19,banxico,fx_rate_fix,20.4600,20.46
2022-01-20,banxico,fx_rate_fix,20.4507,20.4507
2022-01-21,banxico,fx_rate_fix,20.4598,20.4598
2022-01-24,banxico,fx_rate_fix,20.6308,20.6308
2022-01-25,banxico,fx_rate_fix,20.6683,20.6683
2022-01-26,banxico,fx_rate_fix,20.6415,20.6415
2022-01-27,banxico,fx_rate_fix,20.7383,20.7383
2022-01-28,banxico,fx_rate_fix,20.8597,20.8597
2022-01-31,banxico,fx_rate_fix,20.6352,20.6352
2022-02-01,banxico,fx_rate_fix,20.5800,20.58
2022-02-02,banxico,fx_rate_fix,20.6003,20.6003
2022-02-03,banxico,fx_rate_fix,20.5562,20.5562
2022-02-04,banxico,fx_rate_fix,20.7325,20.7325
2022-02-08,banxico,fx_rate_fix,20.6413,20.6413
2022-02-09,banxico,fx_rate_fix,20.5008,20.5008
2022-02-10,banxico,fx_rate_fix,20.4148,20.4148
2022-02-11,banxico,fx_rate_fix,20.4188,20.4188
2022-02-14,banxico,fx_rate_fix,20.4110,20.411
2022-02-15,banxico,fx_rate_fix,20.3992,20.3992
2022-02-16,banxico,fx_rate_fix,20.3335,20.3335
2022-02-17,banxico,fx_rate_fix,20.2978,20.2978
2022-02-18,banxico,fx_rate_fix,20.3063,20.3063
2022-02-21,banxico,fx_rate_fix,20.2825,20.2825
2022-02-22,banxico,fx_rate_fix,20.2977,20.2977
2022-02-23,banxico,fx_rate_fix,20.2435,20.2435
2022-02-24,banxico,fx_rate_fix,20.6525,20.6525
2022-02-25,banxico,fx_rate_fix,20.4465,20.4465
2022-02-28,banxico,fx_rate_fix,20.4257,20.4257
2022-03-01,banxico,fx_rate_fix,20.5272,20.5272
2022-03-02,banxico,fx_rate_fix,20.7193,20.7193
2022-03-03,banxico,fx_rate_fix,20.7033,20.7033
2022-03-04,banxico,fx_rate_fix,20.9262,20.9262
2022-03-07,banxico,fx_rate_fix,21.1947,21.1947
2022-03-08,banxico,fx_rate_fix,21.3775,21.3775
2022-03-09,banxico,fx_rate_fix,20.9677,20.9677
2022-03-10,banxico,fx_rate_fix,20.9743,20.9743
2022-03-11,banxico,fx_rate_fix,20.9695,20.9695
2022-03-14,banxico,fx_rate_fix,20.8908,20.8908
2022-03-15,banxico,fx_rate_fix,20.8743,20.8743
2022-03-16,banxico,fx_rate_fix,20.7035,20.7035
2022-03-17,banxico,fx_rate_fix,20.5585,20.5585
2022-03-18,banxico,fx_rate_fix,20.4145,20.4145
2022-03-22,banxico,fx_rate_fix,20.2782,20.2782
2022-03-23,banxico,fx_rate_fix,20.1800,20.18
2022-03-24,banxico,fx_rate_fix,20.1313,20.1313
2022-03-25,banxico,fx_rate_fix,19.9577,19.9577
2022-03-28,banxico,fx_rate_fix,20.1195,20.1195
2022-03-29,banxico,fx_rate_fix,19.9942,19.9942
2022-03-30,banxico,fx_rate_fix,19.8632,19.8632
2022-03-31,banxico,fx_rate_fix,19.9112,19.9112
2022-04-01,banxico,fx_rate_fix,19.8432,19.8432
2022-04-04,banxico,fx_rate_fix,19.7443,19.7443
2022-04-05,banxico,fx_rate_fix,19.9012,19.9012
2022-04-06,banxico,fx_rate_fix,20.0665,20.0665
2022-04-07,banxico,fx_rate_fix,20.1605,20.1605
2022-04-08,banxico,fx_rate_fix,20.1200,20.12
2022-04-11,banxico,fx_rate_fix,20.0093,20.0093
2022-04-12,banxico,fx_rate_fix,19.8407,19.8407
2022-04-13,banxico,fx_rate_fix,19.7967,19.7967
2022-04-18,banxico,fx_rate_fix,19.9377,19.9377
2022-04-19,banxico,fx_rate_fix,20.0447,20.0447
2022-04-20,banxico,fx_rate_fix,20.0383,20.0383
2022-04-21,banxico,fx_rate_fix,20.1802,20.1802
2022-04-22,banxico,fx_rate_fix,20.3183,20.3183
2022-04-25,banxico,fx_rate_fix,20.2992,20.2992
2022-04-26,banxico,fx_rate_fix,20.3560,20.356
2022-04-27,banxico,fx_rate_fix,20.4707,20.4707
2022-04-28,banxico,fx_rate_fix,20.5670,20.567
2022-04-29,banxico,fx_rate_fix,20.3728,20.3728
2022-05-02,banxico,fx_rate_fix,20.4075,20.4075
2022-05-03,banxico,fx_rate_fix,20.3350,20.335
2022-05-04,banxico,fx_rate_fix,20.2535,20.2535
2022-05-05,banxico,fx_rate_fix,20.2218,20.2218
2022-05-06,banxico,fx_rate_fix,20.1085,20.1085
2022-05-09,banxico,fx_rate_fix,20.3172,20.3172
2022-05-10,banxico,fx_rate_fix,20.3720,20.372
2022-05-11,banxico,fx_rate_fix,20.2592,20.2592
2022-05-12,banxico,fx_rate_fix,20.3200,20.32
2022-05-13,banxico,fx_rate_fix,20.1443,20.1443
2022-05-16,banxico,fx_rate_fix,20.0782,20.0782
2022-05-17,banxico,fx_rate_fix,19.9637,19.9637
2022-05-18,banxico,fx_rate_fix,19.9663,19.9663
2022-05-19,banxico,fx_rate_fix,19.9267,19.9267
2022-05-20,banxico,fx_rate_fix,19.8657,19.8657
2022-05-23,banxico,fx_rate_fix,19.8282,19.8282
2022-05-24,banxico,fx_rate_fix,19.8870,19.887
2022-05-25,banxico,fx_rate_fix,19.8377,19.8377
2022-05-26,banxico,fx_rate_fix,19.7933,19.7933
2022-05-27,banxico,fx_rate_fix,19.5965,19.5965
2022-05-30,banxico,fx_rate_fix,19.4953,19.4953
2022-05-31,banxico,fx_rate_fix,19.6940,19.694
2022-06-01,banxico,fx_rate_fix,19.7388,19.7388
2022-06-02,banxico,fx_rate_fix,19.5585,19.5585
2022-06-03,banxico,fx_rate_fix,19.5742,19.5742
2022-06-06,banxico,fx_rate_fix,19.5547,19.5547
2022-06-07,banxico,fx_rate_fix,19.5998,19.5998
2022-06-08,banxico,fx_rate_fix,19.5900,19.59
2022-06-09,banxico,fx_rate_fix,19.6128,19.6128
2022-06-10,banxico,fx_rate_fix,19.9297,19.9297
2022-06-13,banxico,fx_rate_fix,20.4527,20.4527
2022-06-14,banxico,fx_rate_fix,20.6583,20.6583
2022-06-15,banxico,fx_rate_fix,20.6675,20.6675
2022-06-16,banxico,fx_rate_fix,20.5728,20.5728
2022-06-17,banxico,fx_rate_fix,20.4760,20.476
2022-06-20,banxico,fx_rate_fix,20.2442,20.2442
2022-06-21,banxico,fx_rate_fix,20.1963,20.1963
2022-06-22,banxico,fx_rate_fix,20.0465,20.0465
2022-06-23,banxico,fx_rate_fix,20.0365,20.0365
2022-06-24,banxico,fx_rate_fix,19.8707,19.8707
2022-06-27,banxico,fx_rate_fix,19.8797,19.8797
2022-06-28,banxico,fx_rate_fix,19.9847,19.9847
2022-06-29,banxico,fx_rate_fix,20.1443,20.1443
2022-06-30,banxico,fx_rate_fix,20.1335,20.1335
2022-07-01,banxico,fx_rate_fix,20.3817,20.3817
2022-07-04,banxico,fx_rate_fix,20.2877,20.2877
2022-07-05,banxico,fx_rate_fix,20.5598,20.5598
2022-07-06,banxico,fx_rate_fix,20.7228,20.7228
2022-07-07,banxico,fx_rate_fix,20.6022,20.6022
2022-07-08,banxico,fx_rate_fix,20.4423,20.4423
2022-07-11,banxico,fx_rate_fix,20.7473,20.7473
2022-07-12,banxico,fx_rate_fix,20.7882,20.7882
2022-07-13,banxico,fx_rate_fix,20.7613,20.7613
2022-07-14,banxico,fx_rate_fix,20.9415,20.9415
2022-07-15,banxico,fx_rate_fix,20.6110,20.611
2022-07-18,banxico,fx_rate_fix,20.3957,20.3957
2022-07-19,banxico,fx_rate_fix,20.4407,20.4407
2022-07-20,banxico,fx_rate_fix,20.4913,20.4913
2022-07-21,banxico,fx_rate_fix,20.6562,20.6562
2022-07-22,banxico,fx_rate_fix,20.5150,20.515
2022-07-25,banxico,fx_rate_fix,20.4652,20.4652
2022-07-26,banxico,fx_rate_fix,20.4330,20.433
2022-07-27,banxico,fx_rate_fix,20.5120,20.512
2022-07-28,banxico,fx_rate_fix,20.3778,20.3778
2022-07-29,banxico,fx_rate_fix,20.3485,20.3485
2022-08-01,banxico,fx_rate_fix,20.2633,20.2633
2022-08-02,banxico,fx_rate_fix,20.5152,20.5152
2022-08-03,banxico,fx_rate_fix,20.6305,20.6305
2022-08-04,banxico,fx_rate_fix,20.3358,20.3358
2022-08-05,banxico,fx_rate_fix,20.4010,20.401
2022-08-08,banxico,fx_rate_fix,20.2789,20.2789
2022-08-09,banxico,fx_rate_fix,20.2715,20.2715
2022-08-10,banxico,fx_rate_fix,19.9562,19.9562
2022-08-11,banxico,fx_rate_fix,19.9595,19.9595
2022-08-12,banxico,fx_rate_fix,19.8740,19.874
2022-08-15,banxico,fx_rate_fix,19.8618,19.8618
2022-08-16,banxico,fx_rate_fix,19.9303,19.9303
2022-08-17,banxico,fx_rate_fix,20.0387,20.0387
2022-08-18,banxico,fx_rate_fix,20.0835,20.0835
2022-08-19,banxico,fx_rate_fix,20.1957,20.1957
2022-08-22,banxico,fx_rate_fix,20.1598,20.1598
2022-08-23,banxico,fx_rate_fix,19.9982,19.9982
2022-08-24,banxico,fx_rate_fix,19.9198,19.9198
2022-08-25,banxico,fx_rate_fix,19.9437,19.9437
2022-08-26,banxico,fx_rate_fix,19.9268,19.9268
2022-08-29,banxico,fx_rate_fix,19.9945,19.9945
2022-08-30,banxico,fx_rate_fix,20.1465,20.1465
2022-08-31,banxico,fx_rate_fix,20.0962,20.0962
2022-09-01,banxico,fx_rate_fix,20.2473,20.2473
2022-09-02,banxico,fx_rate_fix,19.9753,19.9753
2022-09-05,banxico,fx_rate_fix,19.9620,19.962
2022-09-06,banxico,fx_rate_fix,20.1380,20.138
2022-09-07,banxico,fx_rate_fix,20.0297,20.0297
2022-09-08,banxico,fx_rate_fix,20.0203,20.0203
2022-09-09,banxico,fx_rate_fix,19.9027,19.9027
2022-09-12,banxico,fx_rate_fix,19.7957,19.7957
2022-09-13,banxico,fx_rate_fix,20.0550,20.055
2022-09-14,banxico,fx_rate_fix,19.9768,19.9768
2022-09-15,banxico,fx_rate_fix,20.0525,20.0525
2022-09-19,banxico,fx_rate_fix,19.9943,19.9943
2022-09-20,banxico,fx_rate_fix,20.0000,20.0
2022-09-21,banxico,fx_rate_fix,20.0027,20.0027
2022-09-22,banxico,fx_rate_fix,19.9608,19.9608
2022-09-23,banxico,fx_rate_fix,20.1627,20.1627
2022-09-26,banxico,fx_rate_fix,20.3517,20.3517
2022-09-27,banxico,fx_rate_fix,20.3570,20.357
2022-09-28,banxico,fx_rate_fix,20.3058,20.3058
2022-09-29,banxico,fx_rate_fix,20.1927,20.1927
2022-09-30,banxico,fx_rate_fix,20.0925,20.0925
2022-10-03,banxico,fx_rate_fix,20.0008,20.0008
2022-10-04,banxico,fx_rate_fix,19.9698,19.9698
2022-10-05,banxico,fx_rate_fix,20.1267,20.1267
2022-10-06,banxico,fx_rate_fix,20.1087,20.1087
2022-10-07,banxico,fx_rate_fix,20.0502,20.0502
2022-10-10,banxico,fx_rate_fix,19.9752,19.9752
2022-10-11,banxico,fx_rate_fix,19.9652,19.9652
2022-10-12,banxico,fx_rate_fix,20.0352,20.0352
2022-10-13,banxico,fx_rate_fix,20.0398,20.0398
2022-10-14,banxico,fx_rate_fix,20.0838,20.0838
2022-10-17,banxico,fx_rate_fix,19.9913,19.9913
2022-10-18,banxico,fx_rate_fix,20.0207,20.0207
2022-10-19,banxico,fx_rate_fix,20.1272,20.1272
2022-10-20,banxico,fx_rate_fix,20.0448,20.0448
2022-10-21,banxico,fx_rate_fix,19.9647,19.9647
2022-10-24,banxico,fx_rate_fix,19.9535,19.9535
2022-10-25,banxico,fx_rate_fix,19.8712,19.8712
2022-10-26,banxico,fx_rate_fix,19.8553,19.8553
2022-10-27,banxico,fx_rate_fix,19.8365,19.8365
2022-10-28,banxico,fx_rate_fix,19.8303,19.8303
2022-10-31,banxico,fx_rate_fix,19.8245,19.8245
2022-11-01,banxico,fx_rate_fix,19.7463,19.7463
2022-11-03,banxico,fx_rate_fix,19.6673,19.6673
2022-11-04,banxico,fx_rate_fix,19.5202,19.5202
2022-11-07,banxico,fx_rate_fix,19.4647,19.4647
2022-11-08,banxico,fx_rate_fix,19.4775,19.4775
2022-11-09,banxico,fx_rate_fix,19.5887,19.5887
2022-11-10,banxico,fx_rate_fix,19.3940,19.394
2022-11-11,banxico,fx_rate_fix,19.5353,19.5353
2022-11-14,banxico,fx_rate_fix,19.4015,19.4015
2022-11-15,banxico,fx_rate_fix,19.3818,19.3818
2022-11-16,banxico,fx_rate_fix,19.3137,19.3137
2022-11-17,banxico,fx_rate_fix,19.4333,19.4333
2022-11-18,banxico,fx_rate_fix,19.4930,19.493
2022-11-22,banxico,fx_rate_fix,19.4667,19.4667
2022-11-23,banxico,fx_rate_fix,19.3683,19.3683
2022-11-24,banxico,fx_rate_fix,19.3692,19.3692
2022-11-25,banxico,fx_rate_fix,19.3393,19.3393
2022-11-28,banxico,fx_rate_fix,19.3250,19.325
2022-11-29,banxico,fx_rate_fix,19.2160,19.216
2022-11-30,banxico,fx_rate_fix,19.3965,19.3965
2022-12-01,banxico,fx_rate_fix,19.1433,19.1433
2022-12-02,banxico,fx_rate_fix,19.3422,19.3422
2022-12-05,banxico,fx_rate_fix,19.7567,19.7567
2022-12-06,banxico,fx_rate_fix,19.8030,19.803
2022-12-07,banxico,fx_rate_fix,19.6977,19.6977
2022-12-08,banxico,fx_rate_fix,19.6732,19.6732
2022-12-09,banxico,fx_rate_fix,19.8192,19.8192
2022-12-13,banxico,fx_rate_fix,19.6458,19.6458
2022-12-14,banxico,fx_rate_fix,19.6955,19.6955
2022-12-15,banxico,fx_rate_fix,19.7963,19.7963
2022-12-16,banxico,fx_rate_fix,19.7932,19.7932
2022-12-19,banxico,fx_rate_fix,19.7557,19.7557
2022-12-20,banxico,fx_rate_fix,19.7482,19.7482
2022-12-21,banxico,fx_rate_fix,19.6932,19.6932
2022-12-22,banxico,fx_rate_fix,19.5740,19.574
2022-12-23,banxico,fx_rate_fix,19.4287,19.4287
2022-12-26,banxico,fx_rate_fix,19.3983,19.3983
2022-12-27,banxico,fx_rate_fix,19.4407,19.4407
2022-12-28,banxico,fx_rate_fix,19.4143,19.4143
2022-12-29,banxico,fx_rate_fix,19.3615,19.3615
2022-12-30,banxico,fx_rate_fix,19.4715,19.4715
2023-01-02,banxico,fx_rate_fix,19.4883,19.4883
2023-01-03,banxico,fx_rate_fix,19.4220,19.422
2023-01-04,banxico,fx_rate_fix,19.3568,19.3568
2023-01-05,banxico,fx_rate_fix,19.3672,19.3672
2023-01-06,banxico,fx_rate_fix,19.1753,19.1753
2023-01-09,banxico,fx_rate_fix,19.1648,19.1648
2023-01-10,banxico,fx_rate_fix,19.1108,19.1108
2023-01-11,banxico,fx_rate_fix,19.0260,19.026
2023-01-12,banxico,fx_rate_fix,18.8735,18.8735
2023-01-13,banxico,fx_rate_fix,18.7922,18.7922
2023-01-16,banxico,fx_rate_fix,18.7913,18.7913
2023-01-17,banxico,fx_rate_fix,18.7493,18.7493
2023-01-18,banxico,fx_rate_fix,18.7493,18.7493
2023-01-19,banxico,fx_rate_fix,19.0327,19.0327
2023-01-20,banxico,fx_rate_fix,18.9257,18.9257
2023-01-23,banxico,fx_rate_fix,18.8267,18.8267
2023-01-24,banxico,fx_rate_fix,18.8318,18.8318
2023-01-25,banxico,fx_rate_fix,18.8200,18.82
2023-01-26,banxico,fx_rate_fix,18.8355,18.8355
2023-01-27,banxico,fx_rate_fix,18.7872,18.7872
2023-01-30,banxico,fx_rate_fix,18.7793,18.7793
2023-01-31,banxico,fx_rate_fix,18.7937,18.7937
2023-02-01,banxico,fx_rate_fix,18.7390,18.739
2023-02-02,banxico,fx_rate_fix,18.6232,18.6232
2023-02-03,banxico,fx_rate_fix,18.8895,18.8895
2023-02-07,banxico,fx_rate_fix,19.0517,19.0517
2023-02-08,banxico,fx_rate_fix,18.9435,18.9435
2023-02-09,banxico,fx_rate_fix,18.9543,18.9543
2023-02-10,banxico,fx_rate_fix,18.6893,18.6893
2023-02-13,banxico,fx_rate_fix,18.6327,18.6327
2023-02-14,banxico,fx_rate_fix,18.5383,18.5383
2023-02-15,banxico,fx_rate_fix,18.6428,18.6428
2023-02-16,banxico,fx_rate_fix,18.5497,18.5497
2023-02-17,banxico,fx_rate_fix,18.4142,18.4142
2023-02-20,banxico,fx_rate_fix,18.3970,18.397
2023-02-21,banxico,fx_rate_fix,18.3938,18.3938
2023-02-22,banxico,fx_rate_fix,18.3483,18.3483
2023-02-23,banxico,fx_rate_fix,18.4107,18.4107
2023-02-24,banxico,fx_rate_fix,18.4023,18.4023
2023-02-27,banxico,fx_rate_fix,18.4077,18.4077
2023-02-28,banxico,fx_rate_fix,18.3448,18.3448
2023-03-01,banxico,fx_rate_fix,18.1700,18.17
2023-03-02,banxico,fx_rate_fix,18.1260,18.126
2023-03-03,banxico,fx_rate_fix,18.0123,18.0123
2023-03-06,banxico,fx_rate_fix,18.0122,18.0122
2023-03-07,banxico,fx_rate_fix,18.1155,18.1155
2023-03-08,banxico,fx_rate_fix,17.9662,17.9662
2023-03-09,banxico,fx_rate_fix,18.0577,18.0577
2023-03-10,banxico,fx_rate_fix,18.4083,18.4083
2023-03-13,banxico,fx_rate_fix,18.8302,18.8302
2023-03-14,banxico,fx_rate_fix,18.6427,18.6427
2023-03-15,banxico,fx_rate_fix,18.9972,18.9972
2023-03-16,banxico,fx_rate_fix,18.9095,18.9095
2023-03-17,banxico,fx_rate_fix,18.8977,18.8977
2023-03-21,banxico,fx_rate_fix,18.6755,18.6755
2023-03-22,banxico,fx_rate_fix,18.5437,18.5437
2023-03-23,banxico,fx_rate_fix,18.4902,18.4902
2023-03-24,banxico,fx_rate_fix,18.5178,18.5178
2023-03-27,banxico,fx_rate_fix,18.3830,18.383
2023-03-28,banxico,fx_rate_fix,18.2523,18.2523
2023-03-29,banxico,fx_rate_fix,18.1052,18.1052
2023-03-30,banxico,fx_rate_fix,18.0932,18.0932
2023-03-31,banxico,fx_rate_fix,18.0415,18.0415
2023-04-03,banxico,fx_rate_fix,18.1070,18.107
2023-04-04,banxico,fx_rate_fix,18.1185,18.1185
2023-04-05,banxico,fx_rate_fix,18.3323,18.3323
2023-04-10,banxico,fx_rate_fix,18.1765,18.1765
2023-04-11,banxico,fx_rate_fix,18.1870,18.187
2023-04-12,banxico,fx_rate_fix,18.0660,18.066
2023-04-13,banxico,fx_rate_fix,18.0152,18.0152
2023-04-14,banxico,fx_rate_fix,18.0638,18.0638
2023-04-17,banxico,fx_rate_fix,18.0868,18.0868
2023-04-18,banxico,fx_rate_fix,18.0630,18.063
2023-04-19,banxico,fx_rate_fix,18.0448,18.0448
2023-04-20,banxico,fx_rate_fix,18.0090,18.009
2023-04-21,banxico,fx_rate_fix,17.9988,17.9988
2023-04-24,banxico,fx_rate_fix,18.0082,18.0082
2023-04-25,banxico,fx_rate_fix,18.0892,18.0892
2023-04-26,banxico,fx_rate_fix,18.1030,18.103
2023-04-27,banxico,fx_rate_fix,18.0723,18.0723
2023-04-28,banxico,fx_rate_fix,17.9975,17.9975
2023-05-02,banxico,fx_rate_fix,18.0325,18.0325
2023-05-03,banxico,fx_rate_fix,17.9060,17.906
2023-05-04,banxico,fx_rate_fix,17.9575,17.9575
2023-05-05,banxico,fx_rate_fix,17.7863,17.7863
2023-05-08,banxico,fx_rate_fix,17.8213,17.8213
2023-05-09,banxico,fx_rate_fix,17.7608,17.7608
2023-05-10,banxico,fx_rate_fix,17.5845,17.5845
2023-05-11,banxico,fx_rate_fix,17.6287,17.6287
2023-05-12,banxico,fx_rate_fix,17.6142,17.6142
2023-05-15,banxico,fx_rate_fix,17.5380,17.538
2023-05-16,banxico,fx_rate_fix,17.4672,17.4672
2023-05-17,banxico,fx_rate_fix,17.5872,17.5872
2023-05-18,banxico,fx_rate_fix,17.7342,17.7342
2023-05-19,banxico,fx_rate_fix,17.6930,17.693
2023-05-22,banxico,fx_rate_fix,17.8680,17.868
2023-05-23,banxico,fx_rate_fix,17.9687,17.9687
2023-05-24,banxico,fx_rate_fix,17.8195,17.8195
2023-05-25,banxico,fx_rate_fix,17.8252,17.8252
2023-05-26,banxico,fx_rate_fix,17.6723,17.6723
2023-05-29,banxico,fx_rate_fix,17.5605,17.5605
2023-05-30,banxico,fx_rate_fix,17.6532,17.6532
2023-05-31,banxico,fx_rate_fix,17.7418,17.7418
2023-06-01,banxico,fx_rate_fix,17.5673,17.5673
2023-06-02,banxico,fx_rate_fix,17.5063,17.5063
2023-06-05,banxico,fx_rate_fix,17.4732,17.4732
2023-06-06,banxico,fx_rate_fix,17.4192,17.4192
2023-06-07,banxico,fx_rate_fix,17.3608,17.3608
2023-06-08,banxico,fx_rate_fix,17.4085,17.4085
2023-06-09,banxico,fx_rate_fix,17.2840,17.284
2023-06-12,banxico,fx_rate_fix,17.3120,17.312
2023-06-13,banxico,fx_rate_fix,17.2185,17.2185
2023-06-14,banxico,fx_rate_fix,17.1247,17.1247
2023-06-15,banxico,fx_rate_fix,17.1762,17.1762
2023-06-16,banxico,fx_rate_fix,17.0792,17.0792
2023-06-19,banxico,fx_rate_fix,17.0945,17.0945
2023-06-20,banxico,fx_rate_fix,17.2043,17.2043
2023-06-21,banxico,fx_rate_fix,17.1547,17.1547
2023-06-22,banxico,fx_rate_fix,17.1713,17.1713
2023-06-23,banxico,fx_rate_fix,17.1795,17.1795
2023-06-26,banxico,fx_rate_fix,17.1445,17.1445
2023-06-27,banxico,fx_rate_fix,17.1013,17.1013
2023-06-28,banxico,fx_rate_fix,17.0720,17.072
2023-06-29,banxico,fx_rate_fix,17.1187,17.1187
2023-06-30,banxico,fx_rate_fix,17.1358,17.1358
2023-07-03,banxico,fx_rate_fix,17.0517,17.0517
2023-07-04,banxico,fx_rate_fix,17.0260,17.026
2023-07-05,banxico,fx_rate_fix,17.0040,17.004
2023-07-06,banxico,fx_rate_fix,17.2825,17.2825
2023-07-07,banxico,fx_rate_fix,17.1012,17.1012
2023-07-10,banxico,fx_rate_fix,17.0605,17.0605
2023-07-11,banxico,fx_rate_fix,17.0783,17.0783
2023-07-12,banxico,fx_rate_fix,16.8537,16.8537
2023-07-13,banxico,fx_rate_fix,16.8905,16.8905
2023-07-14,banxico,fx_rate_fix,16.7892,16.7892
2023-07-17,banxico,fx_rate_fix,16.7858,16.7858
2023-07-18,banxico,fx_rate_fix,16.7480,16.748
2023-07-19,banxico,fx_rate_fix,16.7667,16.7667
2023-07-20,banxico,fx_rate_fix,16.8460,16.846
2023-07-21,banxico,fx_rate_fix,16.9393,16.9393
2023-07-24,banxico,fx_rate_fix,16.8367,16.8367
2023-07-25,banxico,fx_rate_fix,16.9075,16.9075
2023-07-26,banxico,fx_rate_fix,16.8825,16.8825
2023-07-27,banxico,fx_rate_fix,16.7338,16.7338
2023-07-28,banxico,fx_rate_fix,16.6895,16.6895
2023-07-31,banxico,fx_rate_fix,16.7303,16.7303
2023-08-01,banxico,fx_rate_fix,16.8533,16.8533
2023-08-02,banxico,fx_rate_fix,17.0193,17.0193
2023-08-03,banxico,fx_rate_fix,17.2892,17.2892
2023-08-04,banxico,fx_rate_fix,17.0555,17.0555
2023-08-07,banxico,fx_rate_fix,17.0608,17.0608
2023-08-08,banxico,fx_rate_fix,17.1122,17.1122
2023-08-09,banxico,fx_rate_fix,17.0767,17.0767
2023-08-10,banxico,fx_rate_fix,16.9548,16.9548
2023-08-11,banxico,fx_rate_fix,17.0045,17.0045
2023-08-14,banxico,fx_rate_fix,17.0672,17.0672
2023-08-15,banxico,fx_rate_fix,17.1388,17.1388
2023-08-16,banxico,fx_rate_fix,17.0768,17.0768
2023-08-17,banxico,fx_rate_fix,17.1225,17.1225
2023-08-18,banxico,fx_rate_fix,17.0477,17.0477
2023-08-21,banxico,fx_rate_fix,17.0202,17.0202
2023-08-22,banxico,fx_rate_fix,16.9267,16.9267
2023-08-23,banxico,fx_rate_fix,16.8077,16.8077
2023-08-24,banxico,fx_rate_fix,16.8090,16.809
2023-08-25,banxico,fx_rate_fix,16.7718,16.7718
2023-08-28,banxico,fx_rate_fix,16.7432,16.7432
2023-08-29,banxico,fx_rate_fix,16.8402,16.8402
2023-08-30,banxico,fx_rate_fix,16.7477,16.7477
2023-08-31,banxico,fx_rate_fix,16.9170,16.917
2023-09-01,banxico,fx_rate_fix,17.1113,17.1113
2023-09-04,banxico,fx_rate_fix,17.1750,17.175
2023-09-05,banxico,fx_rate_fix,17.3492,17.3492
2023-09-06,banxico,fx_rate_fix,17.5805,17.5805
2023-09-07,banxico,fx_rate_fix,17.5543,17.5543
2023-09-08,banxico,fx_rate_fix,17.5767,17.5767
2023-09-11,banxico,fx_rate_fix,17.3813,17.3813
2023-09-12,banxico,fx_rate_fix,17.2553,17.2553
2023-09-13,banxico,fx_rate_fix,17.1235,17.1235
2023-09-14,banxico,fx_rate_fix,17.1042,17.1042
2023-09-15,banxico,fx_rate_fix,17.0807,17.0807
2023-09-18,banxico,fx_rate_fix,17.1307,17.1307
2023-09-19,banxico,fx_rate_fix,17.0805,17.0805
2023-09-20,banxico,fx_rate_fix,17.0240,17.024
2023-09-21,banxico,fx_rate_fix,17.1675,17.1675
2023-09-22,banxico,fx_rate_fix,17.1568,17.1568
2023-09-25,banxico,fx_rate_fix,17.3733,17.3733
2023-09-26,banxico,fx_rate_fix,17.4758,17.4758
2023-09-27,banxico,fx_rate_fix,17.7287,17.7287
2023-09-28,banxico,fx_rate_fix,17.6195,17.6195
2023-09-29,banxico,fx_rate_fix,17.4127,17.4127
2023-10-02,banxico,fx_rate_fix,17.5920,17.592
2023-10-03,banxico,fx_rate_fix,17.9025,17.9025
2023-10-04,banxico,fx_rate_fix,18.0170,18.017
2023-10-05,banxico,fx_rate_fix,18.2407,18.2407
2023-10-06,banxico,fx_rate_fix,18.1837,18.1837
2023-10-09,banxico,fx_rate_fix,18.3482,18.3482
2023-10-10,banxico,fx_rate_fix,17.9917,17.9917
2023-10-11,banxico,fx_rate_fix,17.8420,17.842
2023-10-12,banxico,fx_rate_fix,17.9132,17.9132
2023-10-13,banxico,fx_rate_fix,18.0362,18.0362
2023-10-16,banxico,fx_rate_fix,17.9568,17.9568
2023-10-17,banxico,fx_rate_fix,17.9097,17.9097
2023-10-18,banxico,fx_rate_fix,18.2440,18.244
2023-10-19,banxico,fx_rate_fix,18.2873,18.2873
2023-10-20,banxico,fx_rate_fix,18.2343,18.2343
2023-10-23,banxico,fx_rate_fix,18.1218,18.1218
2023-10-24,banxico,fx_rate_fix,18.2842,18.2842
2023-10-25,banxico,fx_rate_fix,18.3122,18.3122
2023-10-26,banxico,fx_rate_fix,18.2178,18.2178
2023-10-27,banxico,fx_rate_fix,18.0752,18.0752
2023-10-30,banxico,fx_rate_fix,18.0640,18.064
2023-10-31,banxico,fx_rate_fix,18.0368,18.0368
2023-11-01,banxico,fx_rate_fix,17.9305,17.9305
2023-11-03,banxico,fx_rate_fix,17.4117,17.4117
2023-11-06,banxico,fx_rate_fix,17.5308,17.5308
2023-11-07,banxico,fx_rate_fix,17.5097,17.5097
2023-11-08,banxico,fx_rate_fix,17.5017,17.5017
2023-11-09,banxico,fx_rate_fix,17.4888,17.4888
2023-11-10,banxico,fx_rate_fix,17.7480,17.748
2023-11-13,banxico,fx_rate_fix,17.6138,17.6138
2023-11-14,banxico,fx_rate_fix,17.3917,17.3917
2023-11-15,banxico,fx_rate_fix,17.3387,17.3387
2023-11-16,banxico,fx_rate_fix,17.2708,17.2708
2023-11-17,banxico,fx_rate_fix,17.2175,17.2175
2023-11-21,banxico,fx_rate_fix,17.2102,17.2102
2023-11-22,banxico,fx_rate_fix,17.2133,17.2133
2023-11-23,banxico,fx_rate_fix,17.1787,17.1787
2023-11-24,banxico,fx_rate_fix,17.1268,17.1268
2023-11-27,banxico,fx_rate_fix,17.1555,17.1555
2023-11-28,banxico,fx_rate_fix,17.1357,17.1357
2023-11-29,banxico,fx_rate_fix,17.1870,17.187
2023-11-30,banxico,fx_rate_fix,17.3730,17.373
2023-12-01,banxico,fx_rate_fix,17.2143,17.2143
2023-12-04,banxico,fx_rate_fix,17.4060,17.406
2023-12-05,banxico,fx_rate_fix,17.4215,17.4215
2023-12-06,banxico,fx_rate_fix,17.2685,17.2685
2023-12-07,banxico,fx_rate_fix,17.4197,17.4197
2023-12-08,banxico,fx_rate_fix,17.3688,17.3688
2023-12-11,banxico,fx_rate_fix,17.4470,17.447
2023-12-13,banxico,fx_rate_fix,17.3980,17.398
2023-12-14,banxico,fx_rate_fix,17.2990,17.299
2023-12-15,banxico,fx_rate_fix,17.1908,17.1908
2023-12-18,banxico,fx_rate_fix,17.2277,17.2277
2023-12-19,banxico,fx_rate_fix,17.0652,17.0652
2023-12-20,banxico,fx_rate_fix,17.0673,17.0673
2023-12-21,banxico,fx_rate_fix,17.0590,17.059
2023-12-22,banxico,fx_rate_fix,16.9738,16.9738
2023-12-26,banxico,fx_rate_fix,16.9727,16.9727
2023-12-27,banxico,fx_rate_fix,16.9220,16.922
2023-12-28,banxico,fx_rate_fix,16.8935,16.8935
2023-12-29,banxico,fx_rate_fix,16.9190,16.919
2024-01-02,banxico,fx_rate_fix,17.0297,17.0297
2024-01-03,banxico,fx_rate_fix,17.0492,17.0492
2024-01-04,banxico,fx_rate_fix,17.0458,17.0458
2024-01-05,banxico,fx_rate_fix,16.8987,16.8987
2024-01-08,banxico,fx_rate_fix,16.8133,16.8133
2024-01-09,banxico,fx_rate_fix,16.9347,16.9347
2024-01-10,banxico,fx_rate_fix,16.9912,16.9912
2024-01-11,banxico,fx_rate_fix,16.9898,16.9898
2024-01-12,banxico,fx_rate_fix,16.8580,16.858
2024-01-15,banxico,fx_rate_fix,16.8983,16.8983
2024-01-16,banxico,fx_rate_fix,17.1598,17.1598
2024-01-17,banxico,fx_rate_fix,17.2957,17.2957
2024-01-18,banxico,fx_rate_fix,17.1995,17.1995
2024-01-19,banxico,fx_rate_fix,17.1325,17.1325
2024-01-22,banxico,fx_rate_fix,17.1125,17.1125
2024-01-23,banxico,fx_rate_fix,17.3520,17.352
2024-01-24,banxico,fx_rate_fix,17.1673,17.1673
2024-01-25,banxico,fx_rate_fix,17.2375,17.2375
2024-01-26,banxico,fx_rate_fix,17.1657,17.1657
2024-01-29,banxico,fx_rate_fix,17.2333,17.2333
2024-01-30,banxico,fx_rate_fix,17.1932,17.1932
2024-01-31,banxico,fx_rate_fix,17.1633,17.1633
2024-02-01,banxico,fx_rate_fix,17.1335,17.1335
2024-02-02,banxico,fx_rate_fix,17.1447,17.1447
2024-02-06,banxico,fx_rate_fix,17.0357,17.0357
2024-02-07,banxico,fx_rate_fix,17.0398,17.0398
2024-02-08,banxico,fx_rate_fix,17.1023,17.1023
2024-02-09,banxico,fx_rate_fix,17.0855,17.0855
2024-02-12,banxico,fx_rate_fix,17.0680,17.068
2024-02-13,banxico,fx_rate_fix,17.1982,17.1982
2024-02-14,banxico,fx_rate_fix,17.1105,17.1105
2024-02-15,banxico,fx_rate_fix,17.0680,17.068
2024-02-16,banxico,fx_rate_fix,17.0602,17.0602
2024-02-19,banxico,fx_rate_fix,17.0500,17.05
2024-02-20,banxico,fx_rate_fix,17.0458,17.0458
2024-02-21,banxico,fx_rate_fix,17.0603,17.0603
2024-02-22,banxico,fx_rate_fix,17.1210,17.121
2024-02-23,banxico,fx_rate_fix,17.1260,17.126
2024-02-26,banxico,fx_rate_fix,17.1260,17.126
2024-02-27,banxico,fx_rate_fix,17.0605,17.0605
2024-02-28,banxico,fx_rate_fix,17.0962,17.0962
2024-02-29,banxico,fx_rate_fix,17.0633,17.0633
2024-03-01,banxico,fx_rate_fix,17.0217,17.0217
2024-03-04,banxico,fx_rate_fix,16.9828,16.9828
2024-03-05,banxico,fx_rate_fix,16.9257,16.9257
2024-03-06,banxico,fx_rate_fix,16.8728,16.8728
2024-03-07,banxico,fx_rate_fix,16.8770,16.877
2024-03-08,banxico,fx_rate_fix,16.7985,16.7985
2024-03-11,banxico,fx_rate_fix,16.8083,16.8083
2024-03-12,banxico,fx_rate_fix,16.8272,16.8272
2024-03-13,banxico,fx_rate_fix,16.7127,16.7127
2024-03-14,banxico,fx_rate_fix,16.6920,16.692
2024-03-15,banxico,fx_rate_fix,16.7100,16.71
2024-03-19,banxico,fx_rate_fix,16.8523,16.8523
2024-03-20,banxico,fx_rate_fix,16.7590,16.759
2024-03-21,banxico,fx_rate_fix,16.7620,16.762
2024-03-22,banxico,fx_rate_fix,16.7367,16.7367
2024-03-25,banxico,fx_rate_fix,16.7032,16.7032
2024-03-26,banxico,fx_rate_fix,16.6780,16.678
2024-03-27,banxico,fx_rate_fix,16.5323,16.5323
2024-04-01,banxico,fx_rate_fix,16.6578,16.6578
2024-04-02,banxico,fx_rate_fix,16.5673,16.5673
2024-04-03,banxico,fx_rate_fix,16.5415,16.5415
2024-04-04,banxico,fx_rate_fix,16.5173,16.5173
2024-04-05,banxico,fx_rate_fix,16.4758,16.4758
2024-04-08,banxico,fx_rate_fix,16.3357,16.3357
2024-04-09,banxico,fx_rate_fix,16.3932,16.3932
2024-04-10,banxico,fx_rate_fix,16.4883,16.4883
2024-04-11,banxico,fx_rate_fix,16.4583,16.4583
2024-04-12,banxico,fx_rate_fix,16.6693,16.6693
2024-04-15,banxico,fx_rate_fix,16.6815,16.6815
2024-04-16,banxico,fx_rate_fix,17.0252,17.0252
2024-04-17,banxico,fx_rate_fix,16.9948,16.9948
2024-04-18,banxico,fx_rate_fix,17.1145,17.1145
2024-04-19,banxico,fx_rate_fix,17.2120,17.212
2024-04-22,banxico,fx_rate_fix,17.1243,17.1243
2024-04-23,banxico,fx_rate_fix,16.9995,16.9995
2024-04-24,banxico,fx_rate_fix,17.1098,17.1098
2024-04-25,banxico,fx_rate_fix,17.1883,17.1883
2024-04-26,banxico,fx_rate_fix,17.1552,17.1552
2024-04-29,banxico,fx_rate_fix,17.0243,17.0243
2024-04-30,banxico,fx_rate_fix,17.0958,17.0958
2024-05-02,banxico,fx_rate_fix,16.9393,16.9393
2024-05-03,banxico,fx_rate_fix,17.0042,17.0042
2024-05-06,banxico,fx_rate_fix,16.8947,16.8947
2024-05-07,banxico,fx_rate_fix,16.9083,16.9083
2024-05-08,banxico,fx_rate_fix,16.9087,16.9087
2024-05-09,banxico,fx_rate_fix,16.8660,16.866
2024-05-10,banxico,fx_rate_fix,16.7690,16.769
2024-05-13,banxico,fx_rate_fix,16.8072,16.8072
2024-05-14,banxico,fx_rate_fix,16.8460,16.846
2024-05-15,banxico,fx_rate_fix,16.6782,16.6782
2024-05-16,banxico,fx_rate_fix,16.6893,16.6893
2024-05-17,banxico,fx_rate_fix,16.6217,16.6217
2024-05-20,banxico,fx_rate_fix,16.5668,16.5668
2024-05-21,banxico,fx_rate_fix,16.6138,16.6138
2024-05-22,banxico,fx_rate_fix,16.6405,16.6405
2024-05-23,banxico,fx_rate_fix,16.6945,16.6945
2024-05-24,banxico,fx_rate_fix,16.7023,16.7023
2024-05-27,banxico,fx_rate_fix,16.6568,16.6568
2024-05-28,banxico,fx_rate_fix,16.7457,16.7457
2024-05-29,banxico,fx_rate_fix,16.9500,16.95
2024-05-30,banxico,fx_rate_fix,16.9377,16.9377
2024-05-31,banxico,fx_rate_fix,17.0177,17.0177
2024-06-03,banxico,fx_rate_fix,17.6338,17.6338
2024-06-04,banxico,fx_rate_fix,17.8607,17.8607
2024-06-05,banxico,fx_rate_fix,17.5592,17.5592
2024-06-06,banxico,fx_rate_fix,17.5335,17.5335
2024-06-07,banxico,fx_rate_fix,18.2622,18.2622
2024-06-10,banxico,fx_rate_fix,18.3848,18.3848
2024-06-11,banxico,fx_rate_fix,18.4457,18.4457
2024-06-12,banxico,fx_rate_fix,18.7832,18.7832
2024-06-13,banxico,fx_rate_fix,18.5385,18.5385
2024-06-14,banxico,fx_rate_fix,18.4512,18.4512
2024-06-17,banxico,fx_rate_fix,18.5248,18.5248
2024-06-18,banxico,fx_rate_fix,18.4128,18.4128
2024-06-19,banxico,fx_rate_fix,18.4230,18.423
2024-06-20,banxico,fx_rate_fix,18.4027,18.4027
2024-06-21,banxico,fx_rate_fix,18.1848,18.1848
2024-06-24,banxico,fx_rate_fix,17.9627,17.9627
2024-06-25,banxico,fx_rate_fix,18.1372,18.1372
2024-06-26,banxico,fx_rate_fix,18.2215,18.2215
2024-06-27,banxico,fx_rate_fix,18.3773,18.3773
2024-06-28,banxico,fx_rate_fix,18.2478,18.2478
2024-07-01,banxico,fx_rate_fix,18.3897,18.3897
2024-07-02,banxico,fx_rate_fix,18.2485,18.2485
2024-07-03,banxico,fx_rate_fix,18.1355,18.1355
2024-07-04,banxico,fx_rate_fix,18.0958,18.0958
2024-07-05,banxico,fx_rate_fix,18.0977,18.0977
2024-07-08,banxico,fx_rate_fix,18.0095,18.0095
2024-07-09,banxico,fx_rate_fix,17.9428,17.9428
2024-07-10,banxico,fx_rate_fix,17.8288,17.8288
2024-07-11,banxico,fx_rate_fix,17.8192,17.8192
2024-07-12,banxico,fx_rate_fix,17.6502,17.6502
2024-07-15,banxico,fx_rate_fix,17.7837,17.7837
2024-07-16,banxico,fx_rate_fix,17.6795,17.6795
2024-07-17,banxico,fx_rate_fix,17.7438,17.7438
2024-07-18,banxico,fx_rate_fix,17.8907,17.8907
2024-07-19,banxico,fx_rate_fix,17.9970,17.997
2024-07-22,banxico,fx_rate_fix,17.9107,17.9107
2024-07-23,banxico,fx_rate_fix,18.0987,18.0987
2024-07-24,banxico,fx_rate_fix,18.3458,18.3458
2024-07-25,banxico,fx_rate_fix,18.3850,18.385
2024-07-26,banxico,fx_rate_fix,18.4475,18.4475
2024-07-29,banxico,fx_rate_fix,18.6818,18.6818
2024-07-30,banxico,fx_rate_fix,18.7900,18.79
2024-07-31,banxico,fx_rate_fix,18.5970,18.597
2024-08-01,banxico,fx_rate_fix,18.7060,18.706
2024-08-02,banxico,fx_rate_fix,19.0442,19.0442
2024-08-05,banxico,fx_rate_fix,19.3905,19.3905
2024-08-06,banxico,fx_rate_fix,19.3300,19.33
2024-08-07,banxico,fx_rate_fix,19.1890,19.189
2024-08-08,banxico,fx_rate_fix,19.0900,19.09
2024-08-09,banxico,fx_rate_fix,18.8368,18.8368
2024-08-12,banxico,fx_rate_fix,19.0320,19.032
2024-08-13,banxico,fx_rate_fix,19.0387,19.0387
2024-08-14,banxico,fx_rate_fix,18.8478,18.8478
2024-08-15,banxico,fx_rate_fix,18.6513,18.6513
2024-08-16,banxico,fx_rate_fix,18.6228,18.6228
2024-08-19,banxico,fx_rate_fix,18.7357,18.7357
2024-08-20,banxico,fx_rate_fix,18.9448,18.9448
2024-08-21,banxico,fx_rate_fix,19.2535,19.2535
2024-08-22,banxico,fx_rate_fix,19.4235,19.4235
2024-08-23,banxico,fx_rate_fix,19.0708,19.0708
2024-08-26,banxico,fx_rate_fix,19.3820,19.382
2024-08-27,banxico,fx_rate_fix,19.6692,19.6692
2024-08-28,banxico,fx_rate_fix,19.6037,19.6037
2024-08-29,banxico,fx_rate_fix,19.8168,19.8168
2024-08-30,banxico,fx_rate_fix,19.6535,19.6535
2024-09-02,banxico,fx_rate_fix,19.7980,19.798
2024-09-03,banxico,fx_rate_fix,19.8335,19.8335
2024-09-04,banxico,fx_rate_fix,19.8460,19.846
2024-09-05,banxico,fx_rate_fix,20.0028,20.0028
2024-09-06,banxico,fx_rate_fix,20.0172,20.0172
2024-09-09,banxico,fx_rate_fix,19.8798,19.8798
2024-09-10,banxico,fx_rate_fix,20.0583,20.0583
2024-09-11,banxico,fx_rate_fix,19.8390,19.839
2024-09-12,banxico,fx_rate_fix,19.5887,19.5887
2024-09-13,banxico,fx_rate_fix,19.2483,19.2483
2024-09-17,banxico,fx_rate_fix,19.2670,19.267
2024-09-18,banxico,fx_rate_fix,19.3033,19.3033
2024-09-19,banxico,fx_rate_fix,19.2773,19.2773
2024-09-20,banxico,fx_rate_fix,19.3725,19.3725
2024-09-23,banxico,fx_rate_fix,19.4150,19.415
2024-09-24,banxico,fx_rate_fix,19.3562,19.3562
2024-09-25,banxico,fx_rate_fix,19.5870,19.587
2024-09-26,banxico,fx_rate_fix,19.6290,19.629
2024-09-27,banxico,fx_rate_fix,19.6697,19.6697
2024-09-30,banxico,fx_rate_fix,19.6440,19.644
2024-10-02,banxico,fx_rate_fix,19.3885,19.3885
2024-10-03,banxico,fx_rate_fix,19.4678,19.4678
2024-10-04,banxico,fx_rate_fix,19.2127,19.2127
2024-10-07,banxico,fx_rate_fix,19.3388,19.3388
2024-10-08,banxico,fx_rate_fix,19.3532,19.3532
2024-10-09,banxico,fx_rate_fix,19.4175,19.4175
2024-10-10,banxico,fx_rate_fix,19.5113,19.5113
2024-10-11,banxico,fx_rate_fix,19.3983,19.3983
2024-10-14,banxico,fx_rate_fix,19.3420,19.342
2024-10-15,banxico,fx_rate_fix,19.6200,19.62
2024-10-16,banxico,fx_rate_fix,19.8925,19.8925
2024-10-17,banxico,fx_rate_fix,19.9313,19.9313
2024-10-18,banxico,fx_rate_fix,19.8325,19.8325
2024-10-21,banxico,fx_rate_fix,20.0075,20.0075
2024-10-22,banxico,fx_rate_fix,19.8985,19.8985
2024-10-23,banxico,fx_rate_fix,19.9338,19.9338
2024-10-24,banxico,fx_rate_fix,19.8385,19.8385
2024-10-25,banxico,fx_rate_fix,19.9303,19.9303
2024-10-28,banxico,fx_rate_fix,20.0007,20.0007
2024-10-29,banxico,fx_rate_fix,20.0208,20.0208
2024-10-30,banxico,fx_rate_fix,20.1617,20.1617
2024-10-31,banxico,fx_rate_fix,20.0378,20.0378
2024-11-01,banxico,fx_rate_fix,20.0908,20.0908
2024-11-04,banxico,fx_rate_fix,20.0367,20.0367
2024-11-05,banxico,fx_rate_fix,20.2695,20.2695
2024-11-06,banxico,fx_rate_fix,20.3093,20.3093
2024-11-07,banxico,fx_rate_fix,19.8277,19.8277
2024-11-08,banxico,fx_rate_fix,20.1332,20.1332
2024-11-11,banxico,fx_rate_fix,20.4502,20.4502
2024-11-12,banxico,fx_rate_fix,20.5693,20.5693
2024-11-13,banxico,fx_rate_fix,20.6025,20.6025
2024-11-14,banxico,fx_rate_fix,20.4940,20.494
2024-11-15,banxico,fx_rate_fix,20.3887,20.3887
2024-11-19,banxico,fx_rate_fix,20.1848,20.1848
2024-11-20,banxico,fx_rate_fix,20.2903,20.2903
2024-11-21,banxico,fx_rate_fix,20.3775,20.3775
2024-11-22,banxico,fx_rate_fix,20.4872,20.4872
2024-11-25,banxico,fx_rate_fix,20.2993,20.2993
2024-11-26,banxico,fx_rate_fix,20.7185,20.7185
2024-11-27,banxico,fx_rate_fix,20.6418,20.6418
2024-11-28,banxico,fx_rate_fix,20.4173,20.4173
2024-11-29,banxico,fx_rate_fix,20.3212,20.3212
2024-12-02,banxico,fx_rate_fix,20.4357,20.4357
2024-12-03,banxico,fx_rate_fix,20.3233,20.3233
2024-12-04,banxico,fx_rate_fix,20.2830,20.283
2024-12-05,banxico,fx_rate_fix,20.1963,20.1963
2024-12-06,banxico,fx_rate_fix,20.2275,20.2275
2024-12-09,banxico,fx_rate_fix,20.1547,20.1547
2024-12-10,banxico,fx_rate_fix,20.2485,20.2485
2024-12-11,banxico,fx_rate_fix,20.1647,20.1647
2024-12-13,banxico,fx_rate_fix,20.1420,20.142
2024-12-16,banxico,fx_rate_fix,20.1448,20.1448
2024-12-17,banxico,fx_rate_fix,20.2363,20.2363
2024-12-18,banxico,fx_rate_fix,20.1395,20.1395
2024-12-19,banxico,fx_rate_fix,20.4402,20.4402
2024-12-20,banxico,fx_rate_fix,20.1035,20.1035
2024-12-23,banxico,fx_rate_fix,20.1948,20.1948
2024-12-24,banxico,fx_rate_fix,20.1558,20.1558
2024-12-26,banxico,fx_rate_fix,20.1657,20.1657
2024-12-27,banxico,fx_rate_fix,20.2683,20.2683
2024-12-30,banxico,fx_rate_fix,20.5103,20.5103
2024-12-31,banxico,fx_rate_fix,20.7862,20.7862
2025-01-02,banxico,fx_rate_fix,20.6917,20.6917
2025-01-03,banxico,fx_rate_fix,20.6708,20.6708
2025-01-06,banxico,fx_rate_fix,20.3195,20.3195
2025-01-07,banxico,fx_rate_fix,20.3440,20.344
2025-01-08,banxico,fx_rate_fix,20.3823,20.3823
2025-01-09,banxico,fx_rate_fix,20.4742,20.4742
2025-01-10,banxico,fx_rate_fix,20.7045,20.7045
2025-01-13,banxico,fx_rate_fix,20.8012,20.8012
2025-01-14,banxico,fx_rate_fix,20.4820,20.482
2025-01-15,banxico,fx_rate_fix,20.4875,20.4875
2025-01-16,banxico,fx_rate_fix,20.7732,20.7732
2025-01-17,banxico,fx_rate_fix,20.7180,20.718
2025-01-20,banxico,fx_rate_fix,20.5430,20.543
2025-01-21,banxico,fx_rate_fix,20.6358,20.6358
2025-01-22,banxico,fx_rate_fix,20.5397,20.5397
2025-01-23,banxico,fx_rate_fix,20.3943,20.3943
2025-01-24,banxico,fx_rate_fix,20.2255,20.2255
2025-01-27,banxico,fx_rate_fix,20.7002,20.7002
2025-01-28,banxico,fx_rate_fix,20.5668,20.5668
2025-01-29,banxico,fx_rate_fix,20.5677,20.5677
2025-01-30,banxico,fx_rate_fix,20.4497,20.4497
2025-01-31,banxico,fx_rate_fix,20.6068,20.6068
2025-02-04,banxico,fx_rate_fix,20.4268,20.4268
2025-02-05,banxico,fx_rate_fix,20.6363,20.6363
2025-02-06,banxico,fx_rate_fix,20.5125,20.5125
2025-02-07,banxico,fx_rate_fix,20.5512,20.5512
2025-02-10,banxico,fx_rate_fix,20.6693,20.6693
2025-02-11,banxico,fx_rate_fix,20.5680,20.568
2025-02-12,banxico,fx_rate_fix,20.4917,20.4917
2025-02-13,banxico,fx_rate_fix,20.4978,20.4978
2025-02-14,banxico,fx_rate_fix,20.3082,20.3082
2025-02-17,banxico,fx_rate_fix,20.2830,20.283
2025-02-18,banxico,fx_rate_fix,20.2617,20.2617
2025-02-19,banxico,fx_rate_fix,20.4208,20.4208
2025-02-20,banxico,fx_rate_fix,20.3733,20.3733
2025-02-21,banxico,fx_rate_fix,20.3448,20.3448
2025-02-24,banxico,fx_rate_fix,20.4640,20.464
2025-02-25,banxico,fx_rate_fix,20.4683,20.4683
2025-02-26,banxico,fx_rate_fix,20.4277,20.4277
2025-02-27,banxico,fx_rate_fix,20.4722,20.4722
2025-02-28,banxico,fx_rate_fix,20.5080,20.508
2025-03-03,banxico,fx_rate_fix,20.4333,20.4333
2025-03-04,banxico,fx_rate_fix,20.8518,20.8518
2025-03-05,banxico,fx_rate_fix,20.3893,20.3893
2025-03-06,banxico,fx_rate_fix,20.2777,20.2777
2025-03-07,banxico,fx_rate_fix,20.2830,20.283
2025-03-10,banxico,fx_rate_fix,20.2922,20.2922
2025-03-11,banxico,fx_rate_fix,20.3388,20.3388
2025-03-12,banxico,fx_rate_fix,20.1828,20.1828
2025-03-13,banxico,fx_rate_fix,20.0848,20.0848
2025-03-14,banxico,fx_rate_fix,19.8693,19.8693
2025-03-18,banxico,fx_rate_fix,19.9845,19.9845
2025-03-19,banxico,fx_rate_fix,20.0553,20.0553
2025-03-20,banxico,fx_rate_fix,20.1345,20.1345
2025-03-21,banxico,fx_rate_fix,20.2163,20.2163
2025-03-24,banxico,fx_rate_fix,20.1123,20.1123
2025-03-25,banxico,fx_rate_fix,20.0762,20.0762
2025-03-26,banxico,fx_rate_fix,20.0963,20.0963
2025-03-27,banxico,fx_rate_fix,20.3182,20.3182
2025-03-28,banxico,fx_rate_fix,20.4003,20.4003
2025-03-31,banxico,fx_rate_fix,20.4380,20.438
2025-04-01,banxico,fx_rate_fix,20.3587,20.3587
2025-04-02,banxico,fx_rate_fix,20.4568,20.4568
2025-04-03,banxico,fx_rate_fix,19.9708,19.9708
2025-04-04,banxico,fx_rate_fix,20.5010,20.501
2025-04-07,banxico,fx_rate_fix,20.6947,20.6947
2025-04-08,banxico,fx_rate_fix,20.6867,20.6867
2025-04-09,banxico,fx_rate_fix,20.7653,20.7653
2025-04-10,banxico,fx_rate_fix,20.4920,20.492
2025-04-11,banxico,fx_rate_fix,20.3363,20.3363
2025-04-14,banxico,fx_rate_fix,20.1025,20.1025
2025-04-15,banxico,fx_rate_fix,20.0213,20.0213
2025-04-16,banxico,fx_rate_fix,19.9737,19.9737
2025-04-21,banxico,fx_rate_fix,19.6718,19.6718
2025-04-22,banxico,fx_rate_fix,19.5688,19.5688
2025-04-23,banxico,fx_rate_fix,19.6278,19.6278
2025-04-24,banxico,fx_rate_fix,19.5825,19.5825
2025-04-25,banxico,fx_rate_fix,19.5478,19.5478
2025-04-28,banxico,fx_rate_fix,19.5723,19.5723
2025-04-29,banxico,fx_rate_fix,19.5868,19.5868
2025-04-30,banxico,fx_rate_fix,19.6095,19.6095
2025-05-02,banxico,fx_rate_fix,19.6570,19.657
2025-05-05,banxico,fx_rate_fix,19.6365,19.6365
2025-05-06,banxico,fx_rate_fix,19.6785,19.6785
2025-05-07,banxico,fx_rate_fix,19.5880,19.588
2025-05-08,banxico,fx_rate_fix,19.5642,19.5642
2025-05-09,banxico,fx_rate_fix,19.4912,19.4912
2025-05-12,banxico,fx_rate_fix,19.6162,19.6162
2025-05-13,banxico,fx_rate_fix,19.4373,19.4373
2025-05-14,banxico,fx_rate_fix,19.3630,19.363
2025-05-15,banxico,fx_rate_fix,19.4780,19.478
2025-05-16,banxico,fx_rate_fix,19.5147,19.5147
2025-05-19,banxico,fx_rate_fix,19.3723,19.3723
2025-05-20,banxico,fx_rate_fix,19.2648,19.2648
2025-05-21,banxico,fx_rate_fix,19.3198,19.3198
2025-05-22,banxico,fx_rate_fix,19.3227,19.3227
2025-05-23,banxico,fx_rate_fix,19.2748,19.2748
2025-05-26,banxico,fx_rate_fix,19.2188,19.2188
2025-05-27,banxico,fx_rate_fix,19.2338,19.2338
2025-05-28,banxico,fx_rate_fix,19.4000,19.4
2025-05-29,banxico,fx_rate_fix,19.3280,19.328
2025-05-30,banxico,fx_rate_fix,19.3858,19.3858
2025-06-02,banxico,fx_rate_fix,19.2338,19.2338
2025-06-03,banxico,fx_rate_fix,19.2638,19.2638
2025-06-04,banxico,fx_rate_fix,19.1932,19.1932
2025-06-05,banxico,fx_rate_fix,19.1700,19.17
2025-06-06,banxico,fx_rate_fix,19.1317,19.1317
2025-06-09,banxico,fx_rate_fix,19.0595,19.0595
2025-06-10,banxico,fx_rate_fix,19.0518,19.0518
2025-06-11,banxico,fx_rate_fix,18.8790,18.879
2025-06-12,banxico,fx_rate_fix,18.9068,18.9068
2025-06-13,banxico,fx_rate_fix,18.9302,18.9302
2025-06-16,banxico,fx_rate_fix,18.9083,18.9083
2025-06-17,banxico,fx_rate_fix,18.9872,18.9872
2025-06-18,banxico,fx_rate_fix,19.0047,19.0047
2025-06-19,banxico,fx_rate_fix,19.0898,19.0898
2025-06-20,banxico,fx_rate_fix,19.1458,19.1458
2025-06-23,banxico,fx_rate_fix,19.1527,19.1527
2025-06-24,banxico,fx_rate_fix,19.0267,19.0267
2025-06-25,banxico,fx_rate_fix,18.9203,18.9203
2025-06-26,banxico,fx_rate_fix,18.8928,18.8928
2025-06-27,banxico,fx_rate_fix,18.8483,18.8483
2025-06-30,banxico,fx_rate_fix,18.8332,18.8332
2025-07-01,banxico,fx_rate_fix,18.7650,18.765
2025-07-02,banxico,fx_rate_fix,18.7540,18.754
2025-07-03,banxico,fx_rate_fix,18.6652,18.6652
2025-07-04,banxico,fx_rate_fix,18.6327,18.6327
2025-07-07,banxico,fx_rate_fix,18.6698,18.6698
2025-07-08,banxico,fx_rate_fix,18.7140,18.714
2025-07-09,banxico,fx_rate_fix,18.5733,18.5733
2025-07-10,banxico,fx_rate_fix,18.6267,18.6267
2025-07-11,banxico,fx_rate_fix,18.6595,18.6595
2025-07-14,banxico,fx_rate_fix,18.7510,18.751
2025-07-15,banxico,fx_rate_fix,18.8397,18.8397
2025-07-16,banxico,fx_rate_fix,18.7178,18.7178
2025-07-17,banxico,fx_rate_fix,18.7685,18.7685
2025-07-18,banxico,fx_rate_fix,18.7200,18.72
2025-07-21,banxico,fx_rate_fix,18.6455,18.6455
2025-07-22,banxico,fx_rate_fix,18.6212,18.6212
2025-07-23,banxico,fx_rate_fix,18.5735,18.5735
2025-07-24,banxico,fx_rate_fix,18.5538,18.5538
2025-07-25,banxico,fx_rate_fix,18.5570,18.557
2025-07-28,banxico,fx_rate_fix,18.7267,18.7267
2025-07-29,banxico,fx_rate_fix,18.7642,18.7642
2025-07-30,banxico,fx_rate_fix,18.7960,18.796
2025-07-31,banxico,fx_rate_fix,18.7963,18.7963
2025-08-01,banxico,fx_rate_fix,18.9160,18.916
2025-08-04,banxico,fx_rate_fix,18.8783,18.8783
2025-08-05,banxico,fx_rate_fix,18.7620,18.762
2025-08-06,banxico,fx_rate_fix,18.6192,18.6192
2025-08-07,banxico,fx_rate_fix,18.6765,18.6765
2025-08-08,banxico,fx_rate_fix,18.5518,18.5518
2025-08-11,banxico,fx_rate_fix,18.6683,18.6683
2025-08-12,banxico,fx_rate_fix,18.5657,18.5657
2025-08-13,banxico,fx_rate_fix,18.6353,18.6353
2025-08-14,banxico,fx_rate_fix,18.8137,18.8137
2025-08-15,banxico,fx_rate_fix,18.7295,18.7295
2025-08-18,banxico,fx_rate_fix,18.7840,18.784
2025-08-19,banxico,fx_rate_fix,18.7982,18.7982
2025-08-20,banxico,fx_rate_fix,18.7572,18.7572
2025-08-21,banxico,fx_rate_fix,18.7737,18.7737
2025-08-22,banxico,fx_rate_fix,18.5950,18.595
2025-08-25,banxico,fx_rate_fix,18.6368,18.6368
2025-08-26,banxico,fx_rate_fix,18.6843,18.6843
2025-08-27,banxico,fx_rate_fix,18.6912,18.6912
2025-08-28,banxico,fx_rate_fix,18.6522,18.6522
2025-08-29,banxico,fx_rate_fix,18.6440,18.644
2025-09-01,banxico,fx_rate_fix,18.6460,18.646
2025-09-02,banxico,fx_rate_fix,18.7072,18.7072
2025-09-03,banxico,fx_rate_fix,18.6873,18.6873
2025-09-04,banxico,fx_rate_fix,18.7577,18.7577
2025-09-05,banxico,fx_rate_fix,18.6792,18.6792
2025-09-08,banxico,fx_rate_fix,18.6550,18.655
2025-09-09,banxico,fx_rate_fix,18.6353,18.6353
2025-09-10,banxico,fx_rate_fix,18.5920,18.592
2025-09-11,banxico,fx_rate_fix,18.5287,18.5287
2025-09-12,banxico,fx_rate_fix,18.4757,18.4757
2025-09-15,banxico,fx_rate_fix,18.3635,18.3635
2025-09-17,banxico,fx_rate_fix,18.3257,18.3257
2025-09-18,banxico,fx_rate_fix,18.3610,18.361
2025-09-19,banxico,fx_rate_fix,18.3892,18.3892
2025-09-22,banxico,fx_rate_fix,18.4082,18.4082
2025-09-23,banxico,fx_rate_fix,18.3232,18.3232
2025-09-24,banxico,fx_rate_fix,18.4312,18.4312
2025-09-25,banxico,fx_rate_fix,18.4457,18.4457
2025-09-26,banxico,fx_rate_fix,18.3825,18.3825
2025-09-29,banxico,fx_rate_fix,18.3507,18.3507
2025-09-30,banxico,fx_rate_fix,18.3342,18.3342
2025-10-01,banxico,fx_rate_fix,18.3477,18.3477
2025-10-02,banxico,fx_rate_fix,18.4843,18.4843
2025-10-03,banxico,fx_rate_fix,18.3902,18.3902
2025-10-06,banxico,fx_rate_fix,18.3528,18.3528
2025-10-07,banxico,fx_rate_fix,18.3762,18.3762
2025-10-08,banxico,fx_rate_fix,18.3477,18.3477
2025-10-09,banxico,fx_rate_fix,18.3830,18.383
2025-10-10,banxico,fx_rate_fix,18.5567,18.5567
2025-10-13,banxico,fx_rate_fix,18.4400,18.44
2025-10-14,banxico,fx_rate_fix,18.5220,18.522
2025-10-15,banxico,fx_rate_fix,18.4808,18.4808
2025-10-16,banxico,fx_rate_fix,18.4108,18.4108
2025-10-17,banxico,fx_rate_fix,18.4070,18.407
2025-10-20,banxico,fx_rate_fix,18.4032,18.4032
2025-10-21,banxico,fx_rate_fix,18.4252,18.4252
2025-10-22,banxico,fx_rate_fix,18.4333,18.4333
2025-10-23,banxico,fx_rate_fix,18.4033,18.4033
2025-10-24,banxico,fx_rate_fix,18.3948,18.3948
2025-10-27,banxico,fx_rate_fix,18.3892,18.3892
2025-10-28,banxico,fx_rate_fix,18.4145,18.4145
2025-10-29,banxico,fx_rate_fix,18.4072,18.4072
2025-10-30,banxico,fx_rate_fix,18.5380,18.538
2025-10-31,banxico,fx_rate_fix,18.5725,18.5725
2025-11-03,banxico,fx_rate_fix,18.4835,18.4835
2025-11-04,banxico,fx_rate_fix,18.6133,18.6133
2025-11-05,banxico,fx_rate_fix,18.5947,18.5947
2025-11-06,banxico,fx_rate_fix,18.6233,18.6233
2025-11-07,banxico,fx_rate_fix,18.5000,18.5
2025-11-10,banxico,fx_rate_fix,18.3922,18.3922
2025-11-11,banxico,fx_rate_fix,18.3333,18.3333
2025-11-12,banxico,fx_rate_fix,18.2982,18.2982
2025-11-13,banxico,fx_rate_fix,18.2805,18.2805
2025-11-14,banxico,fx_rate_fix,18.3262,18.3262
2025-11-18,banxico,fx_rate_fix,18.3728,18.3728
2025-11-19,banxico,fx_rate_fix,18.3410,18.341
2025-11-20,banxico,fx_rate_fix,18.3550,18.355
2025-11-21,banxico,fx_rate_fix,18.4965,18.4965
2025-11-24,banxico,fx_rate_fix,18.4997,18.4997
2025-11-25,banxico,fx_rate_fix,18.4308,18.4308
2025-11-26,banxico,fx_rate_fix,18.3560,18.356
2025-11-27,banxico,fx_rate_fix,18.3467,18.3467
2025-11-28,banxico,fx_rate_fix,18.3075,18.3075
2025-12-01,banxico,fx_rate_fix,18.2757,18.2757
2025-12-02,banxico,fx_rate_fix,18.2910,18.291
2025-12-03,banxico,fx_rate_fix,18.2642,18.2642
2025-12-04,banxico,fx_rate_fix,18.2293,18.2293
2025-12-05,banxico,fx_rate_fix,18.1860,18.186
2025-12-08,banxico,fx_rate_fix,18.2367,18.2367
2025-12-09,banxico,fx_rate_fix,18.1940,18.194
2025-12-10,banxico,fx_rate_fix,18.2085,18.2085
2025-12-11,banxico,fx_rate_fix,18.0543,18.0543
2025-12-15,banxico,fx_rate_fix,17.9925,17.9925
2025-12-16,banxico,fx_rate_fix,17.9525,17.9525
2025-12-17,banxico,fx_rate_fix,18.0200,18.02
2025-12-18,banxico,fx_rate_fix,17.9792,17.9792
2025-12-19,banxico,fx_rate_fix,18.0065,18.0065
2025-12-22,banxico,fx_rate_fix,17.9785,17.9785
2025-12-23,banxico,fx_rate_fix,17.9332,17.9332
2025-12-24,banxico,fx_rate_fix,17.9248,17.9248
2025-12-26,banxico,fx_rate_fix,17.9042,17.9042
2025-12-29,banxico,fx_rate_fix,17.9667,17.9667
2025-12-30,banxico,fx_rate_fix,17.9528,17.9528
2025-12-31,banxico,fx_rate_fix,18.0012,18.0012
2026-01-02,banxico,fx_rate_fix,17.8803,17.8803
2026-01-05,banxico,fx_rate_fix,17.8905,17.8905
2026-01-06,banxico,fx_rate_fix,17.9697,17.9697
2026-01-07,banxico,fx_rate_fix,17.9587,17.9587
2026-01-08,banxico,fx_rate_fix,17.9807,17.9807
2026-01-09,banxico,fx_rate_fix,17.9842,17.9842
2026-01-12,banxico,fx_rate_fix,17.9075,17.9075
2026-01-13,banxico,fx_rate_fix,17.8540,17.854
2026-01-14,banxico,fx_rate_fix,17.8167,17.8167
2026-01-15,banxico,fx_rate_fix,17.6897,17.6897
2026-01-16,banxico,fx_rate_fix,17.6867,17.6867
2026-01-19,banxico,fx_rate_fix,17.5990,17.599
2026-01-20,banxico,fx_rate_fix,17.6008,17.6008
2026-01-21,banxico,fx_rate_fix,17.4520,17.452
2026-01-22,banxico,fx_rate_fix,17.4828,17.4828
2026-01-23,banxico,fx_rate_fix,17.4545,17.4545
2026-01-26,banxico,fx_rate_fix,17.2830,17.283
2026-01-27,banxico,fx_rate_fix,17.2357,17.2357
2026-01-28,banxico,fx_rate_fix,17.2322,17.2322
2026-01-29,banxico,fx_rate_fix,17.2532,17.2532
2026-01-30,banxico,fx_rate_fix,17.3310,17.331
2026-02-03,banxico,fx_rate_fix,17.2350,17.235
2026-02-04,banxico,fx_rate_fix,17.2925,17.2925
2026-02-05,banxico,fx_rate_fix,17.4070,17.407
2026-02-06,banxico,fx_rate_fix,17.2988,17.2988
2026-02-09,banxico,fx_rate_fix,17.1907,17.1907
2026-02-10,banxico,fx_rate_fix,17.2315,17.2315
2026-02-11,banxico,fx_rate_fix,17.2155,17.2155
2026-02-12,banxico,fx_rate_fix,17.2000,17.2
2026-02-13,banxico,fx_rate_fix,17.1798,17.1798
2026-02-16,banxico,fx_rate_fix,17.1723,17.1723
2026-02-17,banxico,fx_rate_fix,17.1753,17.1753
2026-02-18,banxico,fx_rate_fix,17.1392,17.1392
2026-02-19,banxico,fx_rate_fix,17.2700,17.27
2026-02-20,banxico,fx_rate_fix,17.1722,17.1722
2026-02-23,banxico,fx_rate_fix,17.2162,17.2162
2026-02-24,banxico,fx_rate_fix,17.1910,17.191
2026-02-25,banxico,fx_rate_fix,17.1700,17.17
2026-02-26,banxico,fx_rate_fix,17.2563,17.2563
2026-02-27,banxico,fx_rate_fix,17.2193,17.2193
2026-03-02,banxico,fx_rate_fix,17.3485,17.3485
2026-03-03,banxico,fx_rate_fix,17.7228,17.7228
2026-03-04,banxico,fx_rate_fix,17.5445,17.5445
2026-03-05,banxico,fx_rate_fix,17.6770,17.677
2026-03-06,banxico,fx_rate_fix,17.7962,17.7962
2026-03-09,banxico,fx_rate_fix,17.7687,17.7687
2026-03-10,banxico,fx_rate_fix,17.5037,17.5037
2026-03-11,banxico,fx_rate_fix,17.6543,17.6543
2026-03-12,banxico,fx_rate_fix,17.8368,17.8368
2026-03-13,banxico,fx_rate_fix,17.9218,17.9218
2026-03-17,banxico,fx_rate_fix,17.6922,17.6922
2026-03-18,banxico,fx_rate_fix,17.6690,17.669
2026-03-19,banxico,fx_rate_fix,17.8117,17.8117
2026-03-20,banxico,fx_rate_fix,17.8998,17.8998
2026-03-23,banxico,fx_rate_fix,17.7780,17.778
2026-03-24,banxico,fx_rate_fix,17.8047,17.8047
2026-03-25,banxico,fx_rate_fix,17.7548,17.7548
2026-03-26,banxico,fx_rate_fix,17.7957,17.7957
2026-03-27,banxico,fx_rate_fix,18.0667,18.0667
2026-03-30,banxico,fx_rate_fix,18.1033,18.1033
2026-03-31,banxico,fx_rate_fix,18.0033,18.0033
2026-04-01,banxico,fx_rate_fix,17.8117,17.8117
2026-04-06,banxico,fx_rate_fix,17.7932,17.7932
2026-04-07,banxico,fx_rate_fix,17.7580,17.758
2026-04-08,banxico,fx_rate_fix,17.4157,17.4157
2026-04-09,banxico,fx_rate_fix,17.3593,17.3593
2026-04-10,banxico,fx_rate_fix,17.3033,17.3033
2026-04-13,banxico,fx_rate_fix,17.3470,17.347
2026-04-14,banxico,fx_rate_fix,17.2688,17.2688
2026-04-15,banxico,fx_rate_fix,17.2623,17.2623
2026-04-16,banxico,fx_rate_fix,17.2723,17.2723
2026-04-17,banxico,fx_rate_fix,17.2447,17.2447
2026-04-20,banxico,fx_rate_fix,17.3200,17.32
2026-04-21,banxico,fx_rate_fix,17.3323,17.3323
2026-04-22,banxico,fx_rate_fix,17.3287,17.3287
2026-04-23,banxico,fx_rate_fix,17.3587,17.3587
2026-04-24,banxico,fx_rate_fix,17.4052,17.4052
2026-04-27,banxico,fx_rate_fix,17.3838,17.3838
2026-04-28,banxico,fx_rate_fix,17.4030,17.403
2026-04-29,banxico,fx_rate_fix,17.4948,17.4948
2026-04-30,banxico,fx_rate_fix,17.5118,17.5118
2026-05-04,banxico,fx_rate_fix,17.5157,17.5157
2026-05-05,banxico,fx_rate_fix,17.3752,17.3752
2026-05-06,banxico,fx_rate_fix,17.2530,17.253
2026-05-07,banxico,fx_rate_fix,17.2400,17.24
2026-05-08,banxico,fx_rate_fix,17.2105,17.2105
2026-05-11,banxico,fx_rate_fix,17.1908,17.1908
2026-05-12,banxico,fx_rate_fix,17.2520,17.252
2026-05-13,banxico,fx_rate_fix,17.1878,17.1878
2026-05-14,banxico,fx_rate_fix,17.2130,17.213
2026-05-15,banxico,fx_rate_fix,17.3477,17.3477
2026-05-18,banxico,fx_rate_fix,17.2928,17.2928
2026-05-19,banxico,fx_rate_fix,17.3968,17.3968
2026-05-20,banxico,fx_rate_fix,17.2938,17.2938
2026-05-21,banxico,fx_rate_fix,17.3305,17.3305
2026-05-22,banxico,fx_rate_fix,17.3213,17.3213
2026-05-25,banxico,fx_rate_fix,17.2720,17.272
2026-05-26,banxico,fx_rate_fix,17.3232,17.3232
2026-05-27,banxico,fx_rate_fix,17.3793,17.3793
2026-05-28,banxico,fx_rate_fix,17.3213,17.3213
2026-05-29,banxico,fx_rate_fix,17.3505,17.3505
2026-06-01,banxico,fx_rate_fix,17.3780,17.378
2026-06-02,banxico,fx_rate_fix,17.2945,17.2945
2026-06-03,banxico,fx_rate_fix,17.3328,17.3328
2026-06-04,banxico,fx_rate_fix,17.2888,17.2888
2026-06-05,banxico,fx_rate_fix,17.4755,17.4755
2026-06-08,banxico,fx_rate_fix,17.4453,17.4453
2026-06-09,banxico,fx_rate_fix,17.4312,17.4312
2026-06-10,banxico,fx_rate_fix,17.3898,17.3898
2026-06-11,banxico,fx_rate_fix,17.3833,17.3833
2026-06-12,banxico,fx_rate_fix,17.2067,17.2067
2026-06-15,banxico,fx_rate_fix,17.2008,17.2008
2026-06-16,banxico,fx_rate_fix,17.2023,17.2023
2026-06-17,banxico,fx_rate_fix,17.1892,17.1892
2026-06-18,banxico,fx_rate_fix,17.3688,17.3688
2026-06-19,banxico,fx_rate_fix,17.3247,17.3247
2026-06-22,banxico,fx_rate_fix,17.3480,17.348
2026-06-23,banxico,fx_rate_fix,17.5505,17.5505
2026-06-24,banxico,fx_rate_fix,17.6213,17.6213
2026-06-25,banxico,fx_rate_fix,17.5260,17.526
2026-06-26,banxico,fx_rate_fix,17.4700,17.47
2026-06-29,banxico,fx_rate_fix,17.5053,17.5053
2026-06-30,banxico,fx_rate_fix,17.4693,17.4693
2026-07-01,banxico,fx_rate_fix,17.5368,17.5368
2026-07-02,banxico,fx_rate_fix,17.4725,17.4725
2026-07-03,banxico,fx_rate_fix,17.4758,17.4758
2026-07-06,banxico,fx_rate_fix,17.4342,17.4342
2026-07-07,banxico,fx_rate_fix,17.4958,17.4958
2026-07-08,banxico,fx_rate_fix,17.5993,17.5993
2026-07-09,banxico,fx_rate_fix,17.5350,17.535
2026-07-10,banxico,fx_rate_fix,17.4842,17.4842
2026-07-13,banxico,fx_rate_fix,17.5023,17.5023
2026-07-14,banxico,fx_rate_fix,17.4278,17.4278
2026-07-15,banxico,fx_rate_fix,17.3910,17.391
2026-07-16,banxico,fx_rate_fix,17.4418,17.4418
2026-07-17,banxico,fx_rate_fix,17.5242,17.5242
2026-07-20,banxico,fx_rate_fix,17.4315,17.4315
2026-07-21,banxico,fx_rate_fix,17.3975,17.3975
2026-07-22,banxico,fx_rate_fix,17.3973,17.3973
2026-07-23,banxico,fx_rate_fix,17.5130,17.513
2026-07-24,banxico,fx_rate_fix,17.4635,17.4635
2026-07-27,banxico,fx_rate_fix,17.4440,17.444
2026-07-28,banxico,fx_rate_fix,17.4312,17.4312
2026-07-29,banxico,fx_rate_fix,17.5133,17.5133
2026-07-30,banxico,fx_rate_fix,17.3562,17.3562
2026-07-31,banxico,fx_rate_fix,17.3288,17.3288
2026-08-03,banxico,fx_rate_fix,17.3317,17.3317
2026-08-04,banxico,fx_rate_fix,17.2717,17.2717
2026-08-05,banxico,fx_rate_fix,17.2317,17.2317
2026-08-06,banxico,fx_rate_fix,17.2195,17.2195
2026-08-07,banxico,fx_rate_fix,17.1387,17.1387
2026-08-10,banxico,fx_rate_fix,17.1408,17.1408
2026-08-11,banxico,fx_rate_fix,17.1092,17.1092
2026-08-12,banxico,fx_rate_fix,17.0627,17.0627
2026-08-13,banxico,fx_rate_fix,17.0530,17.053
2026-08-14,banxico,fx_rate_fix,17.0218,17.0218
2026-08-17,banxico,fx_rate_fix,17.0245,17.0245
2026-08-18,banxico,fx_rate_fix,17.0638,17.0638
2026-08-19,banxico,fx_rate_fix,16.9593,16.9593
2026-08-20,banxico,fx_rate_fix,16.9583,16.9583
2026-08-21,banxico,fx_rate_fix,16.9018,16.9018
2026-08-24,banxico,fx_rate_fix,16.9647,16.9647
2026-08-25,banxico,fx_rate_fix,16.9460,16.946
2026-08-26,banxico,fx_rate_fix,16.9660,16.966
2026-08-27,banxico,fx_rate_fix,16.9712,16.9712
2026-08-28,banxico,fx_rate_fix,17.0427,17.0427
2026-08-31,banxico,fx_rate_fix,17.0147,17.0147
2026-09-01,banxico,fx_rate_fix,16.9755,16.9755
2026-09-02,banxico,fx_rate_fix,16.9852,16.9852
2026-09-03,banxico,fx_rate_fix,16.9560,16.956
2026-09-04,banxico,fx_rate_fix,16.8748,16.8748
2026-09-07,banxico,fx_rate_fix,16.9237,16.9237
2026-09-08,banxico,fx_rate_fix,16.9202,16.9202
2026-09-09,banxico,fx_rate_fix,16.8947,16.8947
2026-09-10,banxico,fx_rate_fix,16.9722,16.9722
2026-09-11,banxico,fx_rate_fix,16.9707,16.9707
1995-12-29,banxico,international_reserves,"15,741.0",15741.0
1996-01-05,banxico,international_reserves,"15,671.9",15671.9
1996-01-12,banxico,international_reserves,"16,045.3",16045.3
1996-01-19,banxico,international_reserves,"15,991.6",15991.6
1996-01-26,banxico,international_reserves,"16,002.1",16002.1
1996-02-02,banxico,international_reserves,"15,392.3",15392.3
1996-02-09,banxico,international_reserves,"15,545.2",15545.2
1996-02-16,banxico,international_reserves,"15,773.0",15773.0
1996-02-23,banxico,international_reserves,"15,784.9",15784.9
1996-03-01,banxico,international_reserves,"15,956.8",15956.8
1996-03-08,banxico,international_reserves,"15,784.4",15784.4
1996-03-15,banxico,international_reserves,"15,796.3",15796.3
1996-03-22,banxico,international_reserves,"15,797.7",15797.7
1996-03-29,banxico,international_reserves,"15,491.0",15491.0
1996-04-03,banxico,international_reserves,"15,663.4",15663.4
1996-04-12,banxico,international_reserves,"15,619.8",15619.8
1996-04-19,banxico,international_reserves,"15,714.4",15714.4
1996-04-26,banxico,international_reserves,"15,639.1",15639.1
1996-05-03,banxico,international_reserves,"15,893.7",15893.7
1996-05-10,banxico,international_reserves,"15,908.3",15908.3
1996-05-17,banxico,international_reserves,"15,919.3",15919.3
1996-05-24,banxico,international_reserves,"16,017.1",16017.1
1996-05-31,banxico,international_reserves,"15,954.5",15954.5
1996-06-07,banxico,international_reserves,"15,970.8",15970.8
1996-06-14,banxico,international_reserves,"15,872.5",15872.5
1996-06-21,banxico,international_reserves,"15,843.7",15843.7
1996-06-28,banxico,international_reserves,"15,402.2",15402.2
1996-07-05,banxico,international_reserves,"15,464.4",15464.4
1996-07-12,banxico,international_reserves,"15,371.1",15371.1
1996-07-19,banxico,international_reserves,"15,874.9",15874.9
1996-07-26,banxico,international_reserves,"15,905.2",15905.2
1996-08-02,banxico,international_reserves,"16,245.7",16245.7
1996-08-09,banxico,international_reserves,"15,887.0",15887.0
1996-08-16,banxico,international_reserves,"15,424.7",15424.7
1996-08-23,banxico,international_reserves,"15,386.8",15386.8
1996-08-30,banxico,international_reserves,"15,443.6",15443.6
1996-09-06,banxico,international_reserves,"15,528.1",15528.1
1996-09-13,banxico,international_reserves,"15,426.3",15426.3
1996-09-20,banxico,international_reserves,"15,580.5",15580.5
1996-09-27,banxico,international_reserves,"15,571.0",15571.0
1996-10-04,banxico,international_reserves,"15,847.5",15847.5
1996-10-11,banxico,international_reserves,"15,850.8",15850.8
1996-10-18,banxico,international_reserves,"15,738.8",15738.8
1996-10-25,banxico,international_reserves,"15,762.6",15762.6
1996-11-01,banxico,international_reserves,"16,122.1",16122.1
1996-11-08,banxico,international_reserves,"15,897.4",15897.4
1996-11-15,banxico,international_reserves,"15,801.2",15801.2
1996-11-22,banxico,international_reserves,"16,257.1",16257.1
1996-11-29,banxico,international_reserves,"16,316.9",16316.9
1996-12-06,banxico,international_reserves,"16,397.6",16397.6
1996-12-13,banxico,international_reserves,"16,344.1",16344.1
1996-12-20,banxico,international_reserves,"16,779.9",16779.9
1996-12-27,banxico,international_reserves,"17,172.1",17172.1
1997-01-03,banxico,international_reserves,"17,651.3",17651.3
1997-01-10,banxico,international_reserves,"17,862.6",17862.6
1997-01-17,banxico,international_reserves,"17,710.2",17710.2
1997-01-24,banxico,international_reserves,"18,147.2",18147.2
1997-01-31,banxico,international_reserves,"18,960.2",18960.2
1997-02-07,banxico,international_reserves,"18,809.4",18809.4
1997-02-14,banxico,international_reserves,"18,483.2",18483.2
1997-02-21,banxico,international_reserves,"19,592.0",19592.0
1997-02-28,banxico,international_reserves,"20,201.6",20201.6
1997-03-07,banxico,international_reserves,"20,339.0",20339.0
1997-03-14,banxico,international_reserves,"20,175.6",20175.6
1997-03-20,banxico,international_reserves,"20,251.8",20251.8
1997-03-26,banxico,international_reserves,"19,836.0",19836.0
1997-04-04,banxico,international_reserves,"20,509.5",20509.5
1997-04-11,banxico,international_reserves,"20,547.1",20547.1
1997-04-18,banxico,international_reserves,"20,903.3",20903.3
1997-04-25,banxico,international_reserves,"21,717.9",21717.9
1997-05-02,banxico,international_reserves,"21,446.1",21446.1
1997-05-09,banxico,international_reserves,"21,773.4",21773.4
1997-05-16,banxico,international_reserves,"21,726.9",21726.9
1997-05-23,banxico,international_reserves,"22,181.0",22181.0
1997-05-30,banxico,international_reserves,"22,262.1",22262.1
1997-06-06,banxico,international_reserves,"22,287.2",22287.2
1997-06-13,banxico,international_reserves,"22,391.2",22391.2
1997-06-20,banxico,international_reserves,"21,257.6",21257.6
1997-06-27,banxico,international_reserves,"21,695.5",21695.5
1997-07-04,banxico,international_reserves,"21,999.5",21999.5
1997-07-11,banxico,international_reserves,"22,155.6",22155.6
1997-07-18,banxico,international_reserves,"22,474.3",22474.3
1997-07-25,banxico,international_reserves,"22,512.2",22512.2
1997-08-01,banxico,international_reserves,"22,485.1",22485.1
1997-08-08,banxico,international_reserves,"22,726.2",22726.2
1997-08-15,banxico,international_reserves,"22,676.3",22676.3
1997-08-22,banxico,international_reserves,"23,109.8",23109.8
1997-08-29,banxico,international_reserves,"23,285.4",23285.4
1997-09-05,banxico,international_reserves,"23,340.2",23340.2
1997-09-12,banxico,international_reserves,"23,425.5",23425.5
1997-09-19,banxico,international_reserves,"23,824.9",23824.9
1997-09-26,banxico,international_reserves,"24,427.7",24427.7
1997-10-03,banxico,international_reserves,"25,039.4",25039.4
1997-10-10,banxico,international_reserves,"25,384.2",25384.2
1997-10-17,banxico,international_reserves,"25,438.6",25438.6
1997-10-24,banxico,international_reserves,"26,066.7",26066.7
1997-10-31,banxico,international_reserves,"25,830.5",25830.5
1997-11-07,banxico,international_reserves,"25,709.3",25709.3
1997-11-14,banxico,international_reserves,"25,462.4",25462.4
1997-11-21,banxico,international_reserves,"25,414.5",25414.5
1997-11-28,banxico,international_reserves,"25,474.2",25474.2
1997-12-05,banxico,international_reserves,"25,801.5",25801.5
1997-12-11,banxico,international_reserves,"25,745.4",25745.4
1997-12-19,banxico,international_reserves,"27,609.0",27609.0
1997-12-26,banxico,international_reserves,"27,808.2",27808.2
1998-01-02,banxico,international_reserves,"28,175.6",28175.6
1998-01-09,banxico,international_reserves,"28,458.8",28458.8
1998-01-16,banxico,international_reserves,"28,347.5",28347.5
1998-01-23,banxico,international_reserves,"28,629.4",28629.4
1998-01-30,banxico,international_reserves,"28,632.7",28632.7
1998-02-06,banxico,international_reserves,"28,886.1",28886.1
1998-02-13,banxico,international_reserves,"28,452.3",28452.3
1998-02-20,banxico,international_reserves,"28,441.9",28441.9
1998-02-27,banxico,international_reserves,"28,597.4",28597.4
1998-03-06,banxico,international_reserves,"28,813.2",28813.2
1998-03-13,banxico,international_reserves,"29,534.1",29534.1
1998-03-20,banxico,international_reserves,"29,452.9",29452.9
1998-03-27,banxico,international_reserves,"29,421.7",29421.7
1998-04-03,banxico,international_reserves,"29,877.3",29877.3
1998-04-08,banxico,international_reserves,"30,643.7",30643.7
1998-04-17,banxico,international_reserves,"30,791.9",30791.9
1998-04-24,banxico,international_reserves,"30,991.1",30991.1
1998-04-30,banxico,international_reserves,"30,499.3",30499.3
1998-05-08,banxico,international_reserves,"30,567.1",30567.1
1998-05-15,banxico,international_reserves,"30,402.0",30402.0
1998-05-22,banxico,international_reserves,"30,404.7",30404.7
1998-05-29,banxico,international_reserves,"30,201.8",30201.8
1998-06-05,banxico,international_reserves,"30,152.7",30152.7
1998-06-12,banxico,international_reserves,"29,997.7",29997.7
1998-06-19,banxico,international_reserves,"29,976.4",29976.4
1998-06-26,banxico,international_reserves,"29,877.1",29877.1
1998-07-03,banxico,international_reserves,"29,758.0",29758.0
1998-07-10,banxico,international_reserves,"29,695.5",29695.5
1998-07-17,banxico,international_reserves,"30,071.9",30071.9
1998-07-24,banxico,international_reserves,"30,507.3",30507.3
1998-07-31,banxico,international_reserves,"30,723.9",30723.9
1998-08-07,banxico,international_reserves,"30,027.6",30027.6
1998-08-14,banxico,international_reserves,"29,703.9",29703.9
1998-08-21,banxico,international_reserves,"29,574.2",29574.2
1998-08-28,banxico,international_reserves,"29,390.0",29390.0
1998-09-04,banxico,international_reserves,"29,692.3",29692.3
1998-09-11,banxico,international_reserves,"29,101.9",29101.9
1998-09-18,banxico,international_reserves,"28,990.4",28990.4
1998-09-25,banxico,international_reserves,"28,929.7",28929.7
1998-10-02,banxico,international_reserves,"28,415.3",28415.3
1998-10-09,banxico,international_reserves,"28,722.1",28722.1
1998-10-16,banxico,international_reserves,"29,330.4",29330.4
1998-10-23,banxico,international_reserves,"29,197.3",29197.3
1998-10-30,banxico,international_reserves,"29,282.5",29282.5
1998-11-06,banxico,international_reserves,"29,142.0",29142.0
1998-11-13,banxico,international_reserves,"29,097.1",29097.1
1998-11-19,banxico,international_reserves,"29,132.5",29132.5
1998-11-27,banxico,international_reserves,"28,815.2",28815.2
1998-12-04,banxico,international_reserves,"29,263.5",29263.5
1998-12-11,banxico,international_reserves,"29,182.3",29182.3
1998-12-18,banxico,international_reserves,"29,395.4",29395.4
1998-12-24,banxico,international_reserves,"29,735.6",29735.6
1998-12-31,banxico,international_reserves,"30,139.8",30139.8
1999-01-08,banxico,international_reserves,"30,359.8",30359.8
1999-01-15,banxico,international_reserves,"30,127.5",30127.5
1999-01-22,banxico,international_reserves,"30,356.1",30356.1
1999-01-29,banxico,international_reserves,"30,365.8",30365.8
1999-02-04,banxico,international_reserves,"30,399.6",30399.6
1999-02-12,banxico,international_reserves,"30,699.7",30699.7
1999-02-19,banxico,international_reserves,"30,624.6",30624.6
1999-02-26,banxico,international_reserves,"30,477.9",30477.9
1999-03-05,banxico,international_reserves,"30,731.9",30731.9
1999-03-12,banxico,international_reserves,"30,894.3",30894.3
1999-03-19,banxico,international_reserves,"30,628.9",30628.9
1999-03-26,banxico,international_reserves,"30,620.3",30620.3
1999-03-31,banxico,international_reserves,"30,102.0",30102.0
1999-04-09,banxico,international_reserves,"30,365.4",30365.4
1999-04-16,banxico,international_reserves,"30,389.0",30389.0
1999-04-23,banxico,international_reserves,"30,427.5",30427.5
1999-04-30,banxico,international_reserves,"30,259.9",30259.9
1999-05-07,banxico,international_reserves,"29,604.4",29604.4
1999-05-14,banxico,international_reserves,"30,035.0",30035.0
1999-05-21,banxico,international_reserves,"30,254.5",30254.5
1999-05-28,banxico,international_reserves,"30,184.2",30184.2
1999-06-04,banxico,international_reserves,"30,090.2",30090.2
1999-06-11,banxico,international_reserves,"30,365.1",30365.1
1999-06-18,banxico,international_reserves,"30,139.4",30139.4
1999-06-25,banxico,international_reserves,"30,260.9",30260.9
1999-07-02,banxico,international_reserves,"30,167.9",30167.9
1999-07-09,banxico,international_reserves,"30,293.9",30293.9
1999-07-16,banxico,international_reserves,"31,078.0",31078.0
1999-07-23,banxico,international_reserves,"31,331.9",31331.9
1999-07-30,banxico,international_reserves,"31,420.7",31420.7
1999-08-06,banxico,international_reserves,"31,223.4",31223.4
1999-08-13,banxico,international_reserves,"30,758.9",30758.9
1999-08-20,banxico,international_reserves,"30,856.4",30856.4
1999-08-27,banxico,international_reserves,"30,826.0",30826.0
1999-09-03,banxico,international_reserves,"31,024.3",31024.3
1999-09-10,banxico,international_reserves,"31,116.4",31116.4
1999-09-17,banxico,international_reserves,"30,741.8",30741.8
1999-09-24,banxico,international_reserves,"30,948.7",30948.7
1999-10-01,banxico,international_reserves,"31,000.4",31000.4
1999-10-08,banxico,international_reserves,"30,930.1",30930.1
1999-10-15,banxico,international_reserves,"31,014.4",31014.4
1999-10-22,banxico,international_reserves,"30,923.7",30923.7
1999-10-29,banxico,international_reserves,"30,775.8",30775.8
1999-11-05,banxico,international_reserves,"29,921.8",29921.8
1999-11-12,banxico,international_reserves,"30,274.8",30274.8
1999-11-19,banxico,international_reserves,"30,264.5",30264.5
1999-11-26,banxico,international_reserves,"30,355.3",30355.3
1999-12-03,banxico,international_reserves,"30,364.6",30364.6
1999-12-10,banxico,international_reserves,"30,652.3",30652.3
1999-12-17,banxico,international_reserves,"30,694.7",30694.7
1999-12-24,banxico,international_reserves,"31,062.5",31062.5
1999-12-31,banxico,international_reserves,"30,733.4",30733.4
2000-01-07,banxico,international_reserves,"30,717.3",30717.3
2000-01-14,banxico,international_reserves,"30,711.6",30711.6
2000-01-21,banxico,international_reserves,"31,117.7",31117.7
2000-01-28,banxico,international_reserves,"31,540.9",31540.9
2000-02-04,banxico,international_reserves,"30,763.7",30763.7
2000-02-11,banxico,international_reserves,"31,491.8",31491.8
2000-02-18,banxico,international_reserves,"31,687.0",31687.0
2000-02-25,banxico,international_reserves,"31,903.2",31903.2
2000-03-03,banxico,international_reserves,"32,167.0",32167.0
2000-03-10,banxico,international_reserves,"32,311.4",32311.4
2000-03-17,banxico,international_reserves,"32,366.1",32366.1
2000-03-24,banxico,international_reserves,"33,833.7",33833.7
2000-03-31,banxico,international_reserves,"34,010.0",34010.0
2000-04-07,banxico,international_reserves,"34,013.5",34013.5
2000-04-14,banxico,international_reserves,"34,095.6",34095.6
2000-04-19,banxico,international_reserves,"34,001.5",34001.5
2000-04-28,banxico,international_reserves,"33,746.0",33746.0
2000-05-04,banxico,international_reserves,"33,639.8",33639.8
2000-05-12,banxico,international_reserves,"33,719.5",33719.5
2000-05-19,banxico,international_reserves,"33,712.9",33712.9
2000-05-26,banxico,international_reserves,"33,679.2",33679.2
2000-06-02,banxico,international_reserves,"32,866.2",32866.2
2000-06-09,banxico,international_reserves,"32,916.1",32916.1
2000-06-16,banxico,international_reserves,"32,218.7",32218.7
2000-06-23,banxico,international_reserves,"32,475.2",32475.2
2000-06-30,banxico,international_reserves,"31,904.4",31904.4
2000-07-07,banxico,international_reserves,"31,661.5",31661.5
2000-07-14,banxico,international_reserves,"31,485.0",31485.0
2000-07-21,banxico,international_reserves,"31,825.4",31825.4
2000-07-28,banxico,international_reserves,"32,337.5",32337.5
2000-08-04,banxico,international_reserves,"32,525.5",32525.5
2000-08-11,banxico,international_reserves,"32,748.9",32748.9
2000-08-18,banxico,international_reserves,"32,847.1",32847.1
2000-08-25,banxico,international_reserves,"33,037.7",33037.7
2000-09-01,banxico,international_reserves,"30,558.4",30558.4
2000-09-08,banxico,international_reserves,"30,605.3",30605.3
2000-09-15,banxico,international_reserves,"30,661.9",30661.9
2000-09-22,banxico,international_reserves,"31,286.0",31286.0
2000-09-29,banxico,international_reserves,"31,869.9",31869.9
2000-10-06,banxico,international_reserves,"31,891.6",31891.6
2000-10-13,banxico,international_reserves,"31,965.0",31965.0
2000-10-20,banxico,international_reserves,"31,991.7",31991.7
2000-10-27,banxico,international_reserves,"32,936.6",32936.6
2000-11-03,banxico,international_reserves,"32,681.4",32681.4
2000-11-10,banxico,international_reserves,"32,602.6",32602.6
2000-11-17,banxico,international_reserves,"32,498.6",32498.6
2000-11-24,banxico,international_reserves,"32,482.8",32482.8
2000-11-30,banxico,international_reserves,"32,164.1",32164.1
2000-12-08,banxico,international_reserves,"32,505.4",32505.4
2000-12-15,banxico,international_reserves,"32,506.9",32506.9
2000-12-22,banxico,international_reserves,"32,459.3",32459.3
2000-12-29,banxico,international_reserves,"33,554.9",33554.9
2001-01-05,banxico,international_reserves,"33,927.4",33927.4
2001-01-12,banxico,international_reserves,"33,847.0",33847.0
2001-01-19,banxico,international_reserves,"33,927.0",33927.0
2001-01-26,banxico,international_reserves,"33,935.5",33935.5
2001-02-02,banxico,international_reserves,"35,941.5",35941.5
2001-02-09,banxico,international_reserves,"36,368.4",36368.4
2001-02-16,banxico,international_reserves,"36,348.7",36348.7
2001-02-23,banxico,international_reserves,"36,381.8",36381.8
2001-03-02,banxico,international_reserves,"37,331.8",37331.8
2001-03-09,banxico,international_reserves,"37,657.0",37657.0
2001-03-16,banxico,international_reserves,"37,755.5",37755.5
2001-03-23,banxico,international_reserves,"37,789.4",37789.4
2001-03-30,banxico,international_reserves,"38,035.5",38035.5
2001-04-06,banxico,international_reserves,"38,333.7",38333.7
2001-04-11,banxico,international_reserves,"38,092.6",38092.6
2001-04-20,banxico,international_reserves,"38,186.1",38186.1
2001-04-27,banxico,international_reserves,"38,160.5",38160.5
2001-05-04,banxico,international_reserves,"38,669.8",38669.8
2001-05-11,banxico,international_reserves,"38,651.4",38651.4
2001-05-18,banxico,international_reserves,"38,372.1",38372.1
2001-05-25,banxico,international_reserves,"38,367.1",38367.1
2001-06-01,banxico,international_reserves,"38,900.0",38900.0
2001-06-08,banxico,international_reserves,"39,018.4",39018.4
2001-06-15,banxico,international_reserves,"39,158.6",39158.6
2001-06-22,banxico,international_reserves,"39,012.5",39012.5
2001-06-29,banxico,international_reserves,"38,730.4",38730.4
2001-07-06,banxico,international_reserves,"38,794.9",38794.9
2001-07-13,banxico,international_reserves,"38,614.3",38614.3
2001-07-20,banxico,international_reserves,"38,689.1",38689.1
2001-07-27,banxico,international_reserves,"38,724.5",38724.5
2001-08-03,banxico,international_reserves,"38,659.1",38659.1
2001-08-10,banxico,international_reserves,"38,877.8",38877.8
2001-08-17,banxico,international_reserves,"38,674.4",38674.4
2001-08-24,banxico,international_reserves,"38,643.1",38643.1
2001-08-31,banxico,international_reserves,"39,021.1",39021.1
2001-09-07,banxico,international_reserves,"39,119.7",39119.7
2001-09-14,banxico,international_reserves,"39,159.9",39159.9
2001-09-21,banxico,international_reserves,"39,122.8",39122.8
2001-09-28,banxico,international_reserves,"39,414.6",39414.6
2001-10-05,banxico,international_reserves,"39,550.0",39550.0
2001-10-12,banxico,international_reserves,"39,558.7",39558.7
2001-10-19,banxico,international_reserves,"39,560.0",39560.0
2001-10-26,banxico,international_reserves,"39,634.8",39634.8
2001-11-02,banxico,international_reserves,"40,521.1",40521.1
2001-11-09,banxico,international_reserves,"40,612.4",40612.4
2001-11-16,banxico,international_reserves,"39,886.0",39886.0
2001-11-23,banxico,international_reserves,"39,688.3",39688.3
2001-11-30,banxico,international_reserves,"40,069.6",40069.6
2001-12-07,banxico,international_reserves,"39,768.2",39768.2
2001-12-14,banxico,international_reserves,"40,140.8",40140.8
2001-12-21,banxico,international_reserves,"40,172.2",40172.2
2001-12-28,banxico,international_reserves,"40,091.2",40091.2
2002-01-04,banxico,international_reserves,"40,889.9",40889.9
2002-01-11,banxico,international_reserves,"41,046.3",41046.3
2002-01-18,banxico,international_reserves,"41,114.8",41114.8
2002-01-25,banxico,international_reserves,"41,202.5",41202.5
2002-02-01,banxico,international_reserves,"41,726.4",41726.4
2002-02-08,banxico,international_reserves,"41,946.4",41946.4
2002-02-15,banxico,international_reserves,"41,956.5",41956.5
2002-02-22,banxico,international_reserves,"41,986.2",41986.2
2002-03-01,banxico,international_reserves,"42,124.7",42124.7
2002-03-08,banxico,international_reserves,"41,940.8",41940.8
2002-03-15,banxico,international_reserves,"42,064.4",42064.4
2002-03-22,banxico,international_reserves,"42,092.8",42092.8
2002-03-27,banxico,international_reserves,"42,228.7",42228.7
2002-04-05,banxico,international_reserves,"41,861.1",41861.1
2002-04-12,banxico,international_reserves,"41,689.4",41689.4
2002-04-19,banxico,international_reserves,"40,950.7",40950.7
2002-04-26,banxico,international_reserves,"41,067.0",41067.0
2002-05-03,banxico,international_reserves,"41,318.5",41318.5
2002-05-10,banxico,international_reserves,"41,456.1",41456.1
2002-05-17,banxico,international_reserves,"41,101.7",41101.7
2002-05-24,banxico,international_reserves,"41,222.9",41222.9
2002-05-31,banxico,international_reserves,"41,594.1",41594.1
2002-06-07,banxico,international_reserves,"41,740.6",41740.6
2002-06-14,banxico,international_reserves,"41,960.5",41960.5
2002-06-21,banxico,international_reserves,"42,107.4",42107.4
2002-06-28,banxico,international_reserves,"42,722.9",42722.9
2002-07-05,banxico,international_reserves,"42,740.6",42740.6
2002-07-12,banxico,international_reserves,"43,055.4",43055.4
2002-07-19,banxico,international_reserves,"43,213.8",43213.8
2002-07-26,banxico,international_reserves,"43,258.5",43258.5
2002-08-02,banxico,international_reserves,"43,918.8",43918.8
2002-08-09,banxico,international_reserves,"44,038.6",44038.6
2002-08-16,banxico,international_reserves,"44,061.0",44061.0
2002-08-23,banxico,international_reserves,"44,162.7",44162.7
2002-08-30,banxico,international_reserves,"44,273.1",44273.1
2002-09-06,banxico,international_reserves,"44,465.0",44465.0
2002-09-13,banxico,international_reserves,"44,344.7",44344.7
2002-09-20,banxico,international_reserves,"44,412.5",44412.5
2002-09-27,banxico,international_reserves,"44,981.4",44981.4
2002-10-04,banxico,international_reserves,"44,999.4",44999.4
2002-10-11,banxico,international_reserves,"44,705.8",44705.8
2002-10-18,banxico,international_reserves,"44,592.0",44592.0
2002-10-25,banxico,international_reserves,"44,664.3",44664.3
2002-11-01,banxico,international_reserves,"45,248.9",45248.9
2002-11-08,banxico,international_reserves,"45,312.4",45312.4
2002-11-15,banxico,international_reserves,"44,948.1",44948.1
2002-11-22,banxico,international_reserves,"44,850.3",44850.3
2002-11-29,banxico,international_reserves,"45,238.5",45238.5
2002-12-06,banxico,international_reserves,"45,407.8",45407.8
2002-12-13,banxico,international_reserves,"45,660.9",45660.9
2002-12-20,banxico,international_reserves,"45,990.8",45990.8
2002-12-27,banxico,international_reserves,"46,098.7",46098.7
2003-01-03,banxico,international_reserves,"47,931.3",47931.3
2003-01-10,banxico,international_reserves,"48,119.4",48119.4
2003-01-17,banxico,international_reserves,"48,328.4",48328.4
2003-01-24,banxico,international_reserves,"48,536.6",48536.6
2003-01-31,banxico,international_reserves,"49,440.1",49440.1
2003-02-07,banxico,international_reserves,"49,723.6",49723.6
2003-02-14,banxico,international_reserves,"49,747.8",49747.8
2003-02-21,banxico,international_reserves,"49,822.7",49822.7
2003-02-28,banxico,international_reserves,"50,315.3",50315.3
2003-03-07,banxico,international_reserves,"50,575.8",50575.8
2003-03-14,banxico,international_reserves,"50,810.4",50810.4
2003-03-20,banxico,international_reserves,"50,741.8",50741.8
2003-03-28,banxico,international_reserves,"51,095.8",51095.8
2003-04-04,banxico,international_reserves,"52,042.3",52042.3
2003-04-11,banxico,international_reserves,"52,199.4",52199.4
2003-04-16,banxico,international_reserves,"52,485.5",52485.5
2003-04-25,banxico,international_reserves,"52,612.7",52612.7
2003-05-02,banxico,international_reserves,"53,734.8",53734.8
2003-05-09,banxico,international_reserves,"53,967.6",53967.6
2003-05-16,banxico,international_reserves,"53,803.1",53803.1
2003-05-23,banxico,international_reserves,"53,800.5",53800.5
2003-05-30,banxico,international_reserves,"53,571.4",53571.4
2003-06-06,banxico,international_reserves,"53,494.4",53494.4
2003-06-13,banxico,international_reserves,"53,652.2",53652.2
2003-06-20,banxico,international_reserves,"53,322.8",53322.8
2003-06-27,banxico,international_reserves,"52,899.3",52899.3
2003-07-04,banxico,international_reserves,"53,370.6",53370.6
2003-07-11,banxico,international_reserves,"52,886.7",52886.7
2003-07-18,banxico,international_reserves,"52,450.2",52450.2
2003-07-25,banxico,international_reserves,"51,636.4",51636.4
2003-08-01,banxico,international_reserves,"51,725.7",51725.7
2003-08-08,banxico,international_reserves,"51,980.3",51980.3
2003-08-15,banxico,international_reserves,"51,338.9",51338.9
2003-08-22,banxico,international_reserves,"51,123.1",51123.1
2003-08-29,banxico,international_reserves,"51,486.9",51486.9
2003-09-05,banxico,international_reserves,"51,570.3",51570.3
2003-09-12,banxico,international_reserves,"51,350.3",51350.3
2003-09-19,banxico,international_reserves,"51,477.9",51477.9
2003-09-26,banxico,international_reserves,"51,417.7",51417.7
2003-10-03,banxico,international_reserves,"52,081.8",52081.8
2003-10-10,banxico,international_reserves,"52,212.3",52212.3
2003-10-17,banxico,international_reserves,"52,183.2",52183.2
2003-10-24,banxico,international_reserves,"52,374.7",52374.7
2003-10-31,banxico,international_reserves,"53,645.6",53645.6
2003-11-07,banxico,international_reserves,"53,735.6",53735.6
2003-11-14,banxico,international_reserves,"54,117.0",54117.0
2003-11-21,banxico,international_reserves,"54,303.7",54303.7
2003-11-28,banxico,international_reserves,"55,395.9",55395.9
2003-12-05,banxico,international_reserves,"55,454.4",55454.4
2003-12-11,banxico,international_reserves,"55,834.0",55834.0
2003-12-19,banxico,international_reserves,"55,638.2",55638.2
2003-12-26,banxico,international_reserves,"56,085.7",56085.7
2004-01-02,banxico,international_reserves,"57,383.2",57383.2
2004-01-09,banxico,international_reserves,"57,721.9",57721.9
2004-01-16,banxico,international_reserves,"57,330.8",57330.8
2004-01-23,banxico,international_reserves,"57,540.7",57540.7
2004-01-30,banxico,international_reserves,"58,742.5",58742.5
2004-02-06,banxico,international_reserves,"58,810.0",58810.0
2004-02-13,banxico,international_reserves,"58,931.6",58931.6
2004-02-20,banxico,international_reserves,"58,527.6",58527.6
2004-02-27,banxico,international_reserves,"59,151.3",59151.3
2004-03-05,banxico,international_reserves,"59,041.0",59041.0
2004-03-12,banxico,international_reserves,"58,821.5",58821.5
2004-03-19,banxico,international_reserves,"58,649.0",58649.0
2004-03-26,banxico,international_reserves,"58,405.9",58405.9
2004-04-02,banxico,international_reserves,"58,847.9",58847.9
2004-04-07,banxico,international_reserves,"58,711.5",58711.5
2004-04-16,banxico,international_reserves,"58,305.1",58305.1
2004-04-23,banxico,international_reserves,"57,981.2",57981.2
2004-04-30,banxico,international_reserves,"58,393.7",58393.7
2004-05-07,banxico,international_reserves,"58,115.6",58115.6
2004-05-14,banxico,international_reserves,"58,422.4",58422.4
2004-05-21,banxico,international_reserves,"58,405.7",58405.7
2004-05-28,banxico,international_reserves,"58,481.6",58481.6
2004-06-04,banxico,international_reserves,"58,676.9",58676.9
2004-06-11,banxico,international_reserves,"58,543.8",58543.8
2004-06-18,banxico,international_reserves,"58,461.4",58461.4
2004-06-25,banxico,international_reserves,"58,407.3",58407.3
2004-07-02,banxico,international_reserves,"59,254.3",59254.3
2004-07-09,banxico,international_reserves,"59,070.7",59070.7
2004-07-16,banxico,international_reserves,"58,239.6",58239.6
2004-07-23,banxico,international_reserves,"57,891.3",57891.3
2004-07-30,banxico,international_reserves,"57,827.2",57827.2
2004-08-06,banxico,international_reserves,"57,920.9",57920.9
2004-08-13,banxico,international_reserves,"57,503.0",57503.0
2004-08-20,banxico,international_reserves,"57,590.7",57590.7
2004-08-27,banxico,international_reserves,"57,622.8",57622.8
2004-09-03,banxico,international_reserves,"58,253.0",58253.0
2004-09-10,banxico,international_reserves,"57,413.2",57413.2
2004-09-17,banxico,international_reserves,"57,242.0",57242.0
2004-09-24,banxico,international_reserves,"56,886.8",56886.8
2004-10-01,banxico,international_reserves,"57,586.2",57586.2
2004-10-08,banxico,international_reserves,"57,673.4",57673.4
2004-10-15,banxico,international_reserves,"57,710.6",57710.6
2004-10-22,banxico,international_reserves,"57,685.2",57685.2
2004-10-29,banxico,international_reserves,"58,137.3",58137.3
2004-11-05,banxico,international_reserves,"58,321.4",58321.4
2004-11-12,banxico,international_reserves,"58,375.2",58375.2
2004-11-19,banxico,international_reserves,"58,505.6",58505.6
2004-11-26,banxico,international_reserves,"58,737.6",58737.6
2004-12-03,banxico,international_reserves,"60,592.0",60592.0
2004-12-10,banxico,international_reserves,"60,671.7",60671.7
2004-12-17,banxico,international_reserves,"60,922.1",60922.1
2004-12-24,banxico,international_reserves,"61,410.7",61410.7
2004-12-31,banxico,international_reserves,"61,496.3",61496.3
2005-01-07,banxico,international_reserves,"61,252.1",61252.1
2005-01-14,banxico,international_reserves,"61,550.4",61550.4
2005-01-21,banxico,international_reserves,"61,762.7",61762.7
2005-01-28,banxico,international_reserves,"61,780.9",61780.9
2005-02-04,banxico,international_reserves,"61,677.3",61677.3
2005-02-11,banxico,international_reserves,"61,560.9",61560.9
2005-02-18,banxico,international_reserves,"61,495.9",61495.9
2005-02-25,banxico,international_reserves,"61,368.3",61368.3
2005-03-04,banxico,international_reserves,"62,096.6",62096.6
2005-03-11,banxico,international_reserves,"61,853.8",61853.8
2005-03-18,banxico,international_reserves,"61,694.9",61694.9
2005-03-23,banxico,international_reserves,"61,363.0",61363.0
2005-04-01,banxico,international_reserves,"61,728.3",61728.3
2005-04-08,banxico,international_reserves,"60,374.0",60374.0
2005-04-15,banxico,international_reserves,"60,179.3",60179.3
2005-04-22,banxico,international_reserves,"60,122.9",60122.9
2005-04-29,banxico,international_reserves,"60,714.6",60714.6
2005-05-06,banxico,international_reserves,"60,141.1",60141.1
2005-05-13,banxico,international_reserves,"59,890.3",59890.3
2005-05-20,banxico,international_reserves,"59,742.6",59742.6
2005-05-27,banxico,international_reserves,"59,756.8",59756.8
2005-06-03,banxico,international_reserves,"60,697.0",60697.0
2005-06-10,banxico,international_reserves,"60,244.4",60244.4
2005-06-17,banxico,international_reserves,"60,377.5",60377.5
2005-06-24,banxico,international_reserves,"60,654.7",60654.7
2005-07-01,banxico,international_reserves,"61,633.2",61633.2
2005-07-08,banxico,international_reserves,"60,597.4",60597.4
2005-07-15,banxico,international_reserves,"57,332.9",57332.9
2005-07-22,banxico,international_reserves,"57,460.7",57460.7
2005-07-29,banxico,international_reserves,"59,330.6",59330.6
2005-08-05,banxico,international_reserves,"59,381.4",59381.4
2005-08-12,banxico,international_reserves,"59,281.2",59281.2
2005-08-19,banxico,international_reserves,"59,174.5",59174.5
2005-08-26,banxico,international_reserves,"59,300.8",59300.8
2005-09-02,banxico,international_reserves,"60,946.5",60946.5
2005-09-09,banxico,international_reserves,"61,173.2",61173.2
2005-09-15,banxico,international_reserves,"60,965.2",60965.2
2005-09-23,banxico,international_reserves,"60,946.4",60946.4
2005-09-30,banxico,international_reserves,"62,836.1",62836.1
2005-10-07,banxico,international_reserves,"62,755.0",62755.0
2005-10-14,banxico,international_reserves,"62,331.2",62331.2
2005-10-21,banxico,international_reserves,"62,357.7",62357.7
2005-10-28,banxico,international_reserves,"62,294.4",62294.4
2005-11-04,banxico,international_reserves,"64,958.7",64958.7
2005-11-11,banxico,international_reserves,"65,134.1",65134.1
2005-11-18,banxico,international_reserves,"65,237.0",65237.0
2005-11-25,banxico,international_reserves,"65,474.5",65474.5
2005-12-02,banxico,international_reserves,"66,916.9",66916.9
2005-12-09,banxico,international_reserves,"66,994.2",66994.2
2005-12-16,banxico,international_reserves,"67,115.2",67115.2
2005-12-23,banxico,international_reserves,"67,081.2",67081.2
2005-12-30,banxico,international_reserves,"68,668.9",68668.9
2006-01-06,banxico,international_reserves,"68,861.5",68861.5
2006-01-13,banxico,international_reserves,"69,133.8",69133.8
2006-01-20,banxico,international_reserves,"69,184.0",69184.0
2006-01-27,banxico,international_reserves,"69,608.9",69608.9
2006-02-03,banxico,international_reserves,"67,251.6",67251.6
2006-02-10,banxico,international_reserves,"67,142.6",67142.6
2006-02-17,banxico,international_reserves,"67,271.4",67271.4
2006-02-24,banxico,international_reserves,"67,273.1",67273.1
2006-03-03,banxico,international_reserves,"67,351.6",67351.6
2006-03-10,banxico,international_reserves,"67,240.5",67240.5
2006-03-17,banxico,international_reserves,"67,513.3",67513.3
2006-03-24,banxico,international_reserves,"67,546.0",67546.0
2006-03-31,banxico,international_reserves,"67,487.1",67487.1
2006-04-07,banxico,international_reserves,"67,561.3",67561.3
2006-04-12,banxico,international_reserves,"68,677.7",68677.7
2006-04-21,banxico,international_reserves,"69,617.0",69617.0
2006-04-28,banxico,international_reserves,"70,611.5",70611.5
2006-05-05,banxico,international_reserves,"71,915.9",71915.9
2006-05-12,banxico,international_reserves,"72,822.0",72822.0
2006-05-19,banxico,international_reserves,"73,386.7",73386.7
2006-05-26,banxico,international_reserves,"74,574.4",74574.4
2006-06-02,banxico,international_reserves,"75,755.3",75755.3
2006-06-09,banxico,international_reserves,"76,049.6",76049.6
2006-06-16,banxico,international_reserves,"76,718.6",76718.6
2006-06-23,banxico,international_reserves,"77,306.1",77306.1
2006-06-30,banxico,international_reserves,"78,742.7",78742.7
2006-07-07,banxico,international_reserves,"79,101.2",79101.2
2006-07-14,banxico,international_reserves,"78,190.4",78190.4
2006-07-21,banxico,international_reserves,"78,033.3",78033.3
2006-07-28,banxico,international_reserves,"77,597.5",77597.5
2006-08-04,banxico,international_reserves,"77,692.3",77692.3
2006-08-11,banxico,international_reserves,"77,911.9",77911.9
2006-08-18,banxico,international_reserves,"65,639.7",65639.7
2006-08-25,banxico,international_reserves,"65,857.3",65857.3
2006-09-01,banxico,international_reserves,"65,888.5",65888.5
2006-09-08,banxico,international_reserves,"65,549.2",65549.2
2006-09-15,banxico,international_reserves,"66,220.1",66220.1
2006-09-22,banxico,international_reserves,"66,951.4",66951.4
2006-09-29,banxico,international_reserves,"67,302.6",67302.6
2006-10-06,banxico,international_reserves,"67,597.2",67597.2
2006-10-13,banxico,international_reserves,"67,470.2",67470.2
2006-10-20,banxico,international_reserves,"68,244.4",68244.4
2006-10-27,banxico,international_reserves,"68,754.4",68754.4
2006-11-03,banxico,international_reserves,"68,570.6",68570.6
2006-11-10,banxico,international_reserves,"68,595.0",68595.0
2006-11-17,banxico,international_reserves,"68,701.0",68701.0
2006-11-24,banxico,international_reserves,"69,192.6",69192.6
2006-11-30,banxico,international_reserves,"69,542.2",69542.2
2006-12-08,banxico,international_reserves,"69,337.6",69337.6
2006-12-15,banxico,international_reserves,"69,556.1",69556.1
2006-12-22,banxico,international_reserves,"69,716.8",69716.8
2006-12-29,banxico,international_reserves,"67,679.7",67679.7
2007-01-05,banxico,international_reserves,"68,051.9",68051.9
2007-01-12,banxico,international_reserves,"68,135.5",68135.5
2007-01-19,banxico,international_reserves,"67,847.8",67847.8
2007-01-26,banxico,international_reserves,"67,840.2",67840.2
2007-02-02,banxico,international_reserves,"67,795.2",67795.2
2007-02-09,banxico,international_reserves,"68,214.4",68214.4
2007-02-16,banxico,international_reserves,"68,649.7",68649.7
2007-02-23,banxico,international_reserves,"68,872.9",68872.9
2007-03-02,banxico,international_reserves,"68,992.2",68992.2
2007-03-09,banxico,international_reserves,"69,064.9",69064.9
2007-03-16,banxico,international_reserves,"69,331.9",69331.9
2007-03-23,banxico,international_reserves,"69,329.9",69329.9
2007-03-30,banxico,international_reserves,"69,195.5",69195.5
2007-04-04,banxico,international_reserves,"69,351.5",69351.5
2007-04-13,banxico,international_reserves,"69,186.6",69186.6
2007-04-20,banxico,international_reserves,"69,338.4",69338.4
2007-04-27,banxico,international_reserves,"69,423.2",69423.2
2007-05-04,banxico,international_reserves,"69,681.3",69681.3
2007-05-11,banxico,international_reserves,"69,825.0",69825.0
2007-05-18,banxico,international_reserves,"69,489.8",69489.8
2007-05-25,banxico,international_reserves,"69,632.5",69632.5
2007-06-01,banxico,international_reserves,"69,473.9",69473.9
2007-06-08,banxico,international_reserves,"69,555.6",69555.6
2007-06-15,banxico,international_reserves,"69,687.6",69687.6
2007-06-22,banxico,international_reserves,"69,847.3",69847.3
2007-06-29,banxico,international_reserves,"69,939.4",69939.4
2007-07-06,banxico,international_reserves,"69,885.1",69885.1
2007-07-13,banxico,international_reserves,"69,720.1",69720.1
2007-07-20,banxico,international_reserves,"70,910.1",70910.1
2007-07-27,banxico,international_reserves,"71,180.3",71180.3
2007-08-03,banxico,international_reserves,"71,311.8",71311.8
2007-08-10,banxico,international_reserves,"71,677.7",71677.7
2007-08-17,banxico,international_reserves,"70,420.7",70420.7
2007-08-24,banxico,international_reserves,"70,907.0",70907.0
2007-08-31,banxico,international_reserves,"71,060.4",71060.4
2007-09-07,banxico,international_reserves,"71,425.2",71425.2
2007-09-14,banxico,international_reserves,"72,279.8",72279.8
2007-09-21,banxico,international_reserves,"73,241.3",73241.3
2007-09-28,banxico,international_reserves,"73,224.1",73224.1
2007-10-05,banxico,international_reserves,"73,234.1",73234.1
2007-10-12,banxico,international_reserves,"74,023.3",74023.3
2007-10-19,banxico,international_reserves,"75,308.4",75308.4
2007-10-26,banxico,international_reserves,"75,522.0",75522.0
2007-11-01,banxico,international_reserves,"75,708.9",75708.9
2007-11-09,banxico,international_reserves,"75,737.9",75737.9
2007-11-16,banxico,international_reserves,"75,643.6",75643.6
2007-11-23,banxico,international_reserves,"76,418.2",76418.2
2007-11-30,banxico,international_reserves,"77,402.5",77402.5
2007-12-07,banxico,international_reserves,"77,238.7",77238.7
2007-12-14,banxico,international_reserves,"77,013.4",77013.4
2007-12-21,banxico,international_reserves,"77,242.1",77242.1
2007-12-28,banxico,international_reserves,"77,894.1",77894.1
2008-01-04,banxico,international_reserves,"78,347.7",78347.7
2008-01-11,banxico,international_reserves,"78,888.1",78888.1
2008-01-18,banxico,international_reserves,"79,689.5",79689.5
2008-01-25,banxico,international_reserves,"79,925.2",79925.2
2008-02-01,banxico,international_reserves,"80,116.3",80116.3
2008-02-08,banxico,international_reserves,"79,997.9",79997.9
2008-02-15,banxico,international_reserves,"80,450.8",80450.8
2008-02-22,banxico,international_reserves,"80,329.7",80329.7
2008-02-29,banxico,international_reserves,"81,391.6",81391.6
2008-03-07,banxico,international_reserves,"82,689.8",82689.8
2008-03-14,banxico,international_reserves,"82,037.8",82037.8
2008-03-19,banxico,international_reserves,"82,838.9",82838.9
2008-03-28,banxico,international_reserves,"82,880.9",82880.9
2008-04-04,banxico,international_reserves,"83,677.1",83677.1
2008-04-11,banxico,international_reserves,"84,650.2",84650.2
2008-04-18,banxico,international_reserves,"84,386.4",84386.4
2008-04-25,banxico,international_reserves,"84,768.6",84768.6
2008-05-02,banxico,international_reserves,"84,658.3",84658.3
2008-05-09,banxico,international_reserves,"84,770.2",84770.2
2008-05-16,banxico,international_reserves,"84,832.5",84832.5
2008-05-23,banxico,international_reserves,"85,225.6",85225.6
2008-05-30,banxico,international_reserves,"84,635.9",84635.9
2008-06-06,banxico,international_reserves,"85,025.5",85025.5
2008-06-13,banxico,international_reserves,"84,849.0",84849.0
2008-06-20,banxico,international_reserves,"85,561.9",85561.9
2008-06-27,banxico,international_reserves,"85,663.0",85663.0
2008-07-04,banxico,international_reserves,"86,105.0",86105.0
2008-07-11,banxico,international_reserves,"86,742.8",86742.8
2008-07-18,banxico,international_reserves,"86,884.7",86884.7
2008-07-25,banxico,international_reserves,"78,135.1",78135.1
2008-08-01,banxico,international_reserves,"78,232.7",78232.7
2008-08-08,banxico,international_reserves,"78,426.2",78426.2
2008-08-15,banxico,international_reserves,"78,942.5",78942.5
2008-08-22,banxico,international_reserves,"79,111.4",79111.4
2008-08-29,banxico,international_reserves,"80,687.5",80687.5
2008-09-05,banxico,international_reserves,"81,206.4",81206.4
2008-09-12,banxico,international_reserves,"81,882.4",81882.4
2008-09-19,banxico,international_reserves,"81,977.0",81977.0
2008-09-26,banxico,international_reserves,"83,552.7",83552.7
2008-10-03,banxico,international_reserves,"84,115.8",84115.8
2008-10-10,banxico,international_reserves,"75,121.2",75121.2
2008-10-17,banxico,international_reserves,"78,655.0",78655.0
2008-10-24,banxico,international_reserves,"76,570.7",76570.7
2008-10-31,banxico,international_reserves,"77,135.6",77135.6
2008-11-07,banxico,international_reserves,"81,115.2",81115.2
2008-11-14,banxico,international_reserves,"80,863.8",80863.8
2008-11-21,banxico,international_reserves,"80,983.8",80983.8
2008-11-28,banxico,international_reserves,"83,396.1",83396.1
2008-12-05,banxico,international_reserves,"83,963.5",83963.5
2008-12-11,banxico,international_reserves,"84,662.3",84662.3
2008-12-19,banxico,international_reserves,"85,374.7",85374.7
2008-12-26,banxico,international_reserves,"85,273.7",85273.7
2009-01-02,banxico,international_reserves,"85,186.9",85186.9
2009-01-09,banxico,international_reserves,"85,118.6",85118.6
2009-01-16,banxico,international_reserves,"84,512.1",84512.1
2009-01-23,banxico,international_reserves,"84,045.1",84045.1
2009-01-30,banxico,international_reserves,"83,630.9",83630.9
2009-02-06,banxico,international_reserves,"82,084.7",82084.7
2009-02-13,banxico,international_reserves,"81,555.9",81555.9
2009-02-20,banxico,international_reserves,"80,933.4",80933.4
2009-02-27,banxico,international_reserves,"80,060.6",80060.6
2009-03-06,banxico,international_reserves,"79,822.3",79822.3
2009-03-13,banxico,international_reserves,"79,329.6",79329.6
2009-03-20,banxico,international_reserves,"80,619.5",80619.5
2009-03-27,banxico,international_reserves,"79,004.5",79004.5
2009-04-03,banxico,international_reserves,"78,401.5",78401.5
2009-04-08,banxico,international_reserves,"77,984.3",77984.3
2009-04-17,banxico,international_reserves,"77,910.4",77910.4
2009-04-24,banxico,international_reserves,"77,491.3",77491.3
2009-04-30,banxico,international_reserves,"76,849.8",76849.8
2009-05-08,banxico,international_reserves,"76,313.2",76313.2
2009-05-15,banxico,international_reserves,"76,550.6",76550.6
2009-05-22,banxico,international_reserves,"76,185.0",76185.0
2009-05-29,banxico,international_reserves,"75,653.1",75653.1
2009-06-05,banxico,international_reserves,"74,484.5",74484.5
2009-06-12,banxico,international_reserves,"74,717.5",74717.5
2009-06-19,banxico,international_reserves,"74,375.7",74375.7
2009-06-26,banxico,international_reserves,"74,380.4",74380.4
2009-07-03,banxico,international_reserves,"74,124.5",74124.5
2009-07-10,banxico,international_reserves,"73,699.0",73699.0
2009-07-17,banxico,international_reserves,"73,626.2",73626.2
2009-07-24,banxico,international_reserves,"73,514.5",73514.5
2009-07-31,banxico,international_reserves,"73,269.0",73269.0
2009-08-07,banxico,international_reserves,"72,598.4",72598.4
2009-08-14,banxico,international_reserves,"73,587.0",73587.0
2009-08-21,banxico,international_reserves,"73,163.5",73163.5
2009-08-28,banxico,international_reserves,"76,374.5",76374.5
2009-09-04,banxico,international_reserves,"76,458.8",76458.8
2009-09-11,banxico,international_reserves,"77,005.3",77005.3
2009-09-18,banxico,international_reserves,"76,542.4",76542.4
2009-09-25,banxico,international_reserves,"76,138.4",76138.4
2009-10-02,banxico,international_reserves,"78,301.9",78301.9
2009-10-09,banxico,international_reserves,"79,239.5",79239.5
2009-10-16,banxico,international_reserves,"80,137.4",80137.4
2009-10-23,banxico,international_reserves,"80,050.5",80050.5
2009-10-30,banxico,international_reserves,"79,778.5",79778.5
2009-11-06,banxico,international_reserves,"79,927.7",79927.7
2009-11-13,banxico,international_reserves,"80,873.9",80873.9
2009-11-20,banxico,international_reserves,"80,834.0",80834.0
2009-11-27,banxico,international_reserves,"81,877.0",81877.0
2009-12-04,banxico,international_reserves,"81,645.9",81645.9
2009-12-11,banxico,international_reserves,"87,561.9",87561.9
2009-12-18,banxico,international_reserves,"87,069.7",87069.7
2009-12-24,banxico,international_reserves,"90,930.6",90930.6
2009-12-31,banxico,international_reserves,"90,837.8",90837.8
2010-01-08,banxico,international_reserves,"90,993.6",90993.6
2010-01-15,banxico,international_reserves,"91,347.1",91347.1
2010-01-22,banxico,international_reserves,"91,187.5",91187.5
2010-01-29,banxico,international_reserves,"92,554.8",92554.8
2010-02-05,banxico,international_reserves,"93,476.1",93476.1
2010-02-12,banxico,international_reserves,"93,426.6",93426.6
2010-02-19,banxico,international_reserves,"93,750.1",93750.1
2010-02-26,banxico,international_reserves,"94,469.9",94469.9
2010-03-05,banxico,international_reserves,"94,545.4",94545.4
2010-03-12,banxico,international_reserves,"94,789.5",94789.5
2010-03-19,banxico,international_reserves,"94,918.4",94918.4
2010-03-26,banxico,international_reserves,"94,478.1",94478.1
2010-03-31,banxico,international_reserves,"95,682.3",95682.3
2010-04-09,banxico,international_reserves,"96,219.6",96219.6
2010-04-16,banxico,international_reserves,"97,433.3",97433.3
2010-04-23,banxico,international_reserves,"97,328.0",97328.0
2010-04-30,banxico,international_reserves,"97,401.8",97401.8
2010-05-07,banxico,international_reserves,"98,078.2",98078.2
2010-05-14,banxico,international_reserves,"98,034.7",98034.7
2010-05-21,banxico,international_reserves,"98,062.0",98062.0
2010-05-28,banxico,international_reserves,"97,994.3",97994.3
2010-06-04,banxico,international_reserves,"98,010.0",98010.0
2010-06-11,banxico,international_reserves,"98,130.9",98130.9
2010-06-18,banxico,international_reserves,"100,096.4",100096.4
2010-06-25,banxico,international_reserves,"100,362.9",100362.9
2010-07-02,banxico,international_reserves,"101,547.4",101547.4
2010-07-09,banxico,international_reserves,"101,729.3",101729.3
2010-07-16,banxico,international_reserves,"102,868.8",102868.8
2010-07-23,banxico,international_reserves,"103,416.2",103416.2
2010-07-30,banxico,international_reserves,"104,865.3",104865.3
2010-08-06,banxico,international_reserves,"105,622.0",105622.0
2010-08-13,banxico,international_reserves,"106,300.4",106300.4
2010-08-20,banxico,international_reserves,"106,286.3",106286.3
2010-08-27,banxico,international_reserves,"106,239.0",106239.0
2010-09-03,banxico,international_reserves,"106,927.7",106927.7
2010-09-10,banxico,international_reserves,"106,861.4",106861.4
2010-09-15,banxico,international_reserves,"106,989.0",106989.0
2010-09-24,banxico,international_reserves,"108,029.9",108029.9
2010-10-01,banxico,international_reserves,"108,384.9",108384.9
2010-10-08,banxico,international_reserves,"109,061.3",109061.3
2010-10-15,banxico,international_reserves,"109,697.2",109697.2
2010-10-22,banxico,international_reserves,"109,477.0",109477.0
2010-10-29,banxico,international_reserves,"110,657.8",110657.8
2010-11-05,banxico,international_reserves,"110,938.4",110938.4
2010-11-12,banxico,international_reserves,"110,445.0",110445.0
2010-11-19,banxico,international_reserves,"110,134.1",110134.1
2010-11-26,banxico,international_reserves,"110,544.4",110544.4
2010-12-03,banxico,international_reserves,"111,453.7",111453.7
2010-12-10,banxico,international_reserves,"111,036.3",111036.3
2010-12-17,banxico,international_reserves,"111,885.6",111885.6
2010-12-24,banxico,international_reserves,"112,995.7",112995.7
2010-12-31,banxico,international_reserves,"113,596.5",113596.5
2011-01-07,banxico,international_reserves,"116,861.4",116861.4
2011-01-14,banxico,international_reserves,"116,573.3",116573.3
2011-01-21,banxico,international_reserves,"117,564.5",117564.5
2011-01-28,banxico,international_reserves,"118,458.5",118458.5
2011-02-04,banxico,international_reserves,"118,548.9",118548.9
2011-02-11,banxico,international_reserves,"118,528.5",118528.5
2011-02-18,banxico,international_reserves,"119,485.0",119485.0
2011-02-25,banxico,international_reserves,"121,754.3",121754.3
2011-03-04,banxico,international_reserves,"121,906.1",121906.1
2011-03-11,banxico,international_reserves,"122,083.7",122083.7
2011-03-18,banxico,international_reserves,"122,051.5",122051.5
2011-03-25,banxico,international_reserves,"121,884.7",121884.7
2011-04-01,banxico,international_reserves,"122,593.2",122593.2
2011-04-08,banxico,international_reserves,"123,149.0",123149.0
2011-04-15,banxico,international_reserves,"124,289.6",124289.6
2011-04-20,banxico,international_reserves,"125,304.9",125304.9
2011-04-29,banxico,international_reserves,"125,793.8",125793.8
2011-05-06,banxico,international_reserves,"125,647.6",125647.6
2011-05-13,banxico,international_reserves,"125,837.7",125837.7
2011-05-20,banxico,international_reserves,"126,698.5",126698.5
2011-05-27,banxico,international_reserves,"127,982.1",127982.1
2011-06-03,banxico,international_reserves,"128,508.9",128508.9
2011-06-10,banxico,international_reserves,"129,593.3",129593.3
2011-06-17,banxico,international_reserves,"129,568.6",129568.6
2011-06-24,banxico,international_reserves,"129,565.8",129565.8
2011-07-01,banxico,international_reserves,"129,203.2",129203.2
2011-07-08,banxico,international_reserves,"130,857.9",130857.9
2011-07-15,banxico,international_reserves,"131,156.2",131156.2
2011-07-22,banxico,international_reserves,"132,814.3",132814.3
2011-07-29,banxico,international_reserves,"134,011.4",134011.4
2011-08-05,banxico,international_reserves,"133,892.5",133892.5
2011-08-12,banxico,international_reserves,"134,534.0",134534.0
2011-08-19,banxico,international_reserves,"136,128.0",136128.0
2011-08-26,banxico,international_reserves,"136,820.2",136820.2
2011-09-02,banxico,international_reserves,"137,038.2",137038.2
2011-09-09,banxico,international_reserves,"136,455.6",136455.6
2011-09-15,banxico,international_reserves,"136,075.7",136075.7
2011-09-23,banxico,international_reserves,"136,454.2",136454.2
2011-09-30,banxico,international_reserves,"137,962.0",137962.0
2011-10-07,banxico,international_reserves,"138,022.0",138022.0
2011-10-14,banxico,international_reserves,"138,799.1",138799.1
2011-10-21,banxico,international_reserves,"138,901.1",138901.1
2011-10-28,banxico,international_reserves,"140,486.5",140486.5
2011-11-04,banxico,international_reserves,"140,385.4",140385.4
2011-11-11,banxico,international_reserves,"140,375.2",140375.2
2011-11-18,banxico,international_reserves,"140,024.5",140024.5
2011-11-25,banxico,international_reserves,"139,611.9",139611.9
2011-12-02,banxico,international_reserves,"141,467.3",141467.3
2011-12-09,banxico,international_reserves,"141,303.6",141303.6
2011-12-16,banxico,international_reserves,"140,848.2",140848.2
2011-12-23,banxico,international_reserves,"140,863.9",140863.9
2011-12-30,banxico,international_reserves,"142,475.5",142475.5
2012-01-06,banxico,international_reserves,"144,136.0",144136.0
2012-01-13,banxico,international_reserves,"144,112.5",144112.5
2012-01-20,banxico,international_reserves,"145,175.0",145175.0
2012-01-27,banxico,international_reserves,"147,381.1",147381.1
2012-02-03,banxico,international_reserves,"148,128.7",148128.7
2012-02-10,banxico,international_reserves,"147,935.1",147935.1
2012-02-17,banxico,international_reserves,"147,835.0",147835.0
2012-02-24,banxico,international_reserves,"147,968.0",147968.0
2012-03-02,banxico,international_reserves,"148,848.4",148848.4
2012-03-09,banxico,international_reserves,"148,528.0",148528.0
2012-03-16,banxico,international_reserves,"148,021.9",148021.9
2012-03-23,banxico,international_reserves,"148,122.7",148122.7
2012-03-30,banxico,international_reserves,"150,264.1",150264.1
2012-04-04,banxico,international_reserves,"150,810.7",150810.7
2012-04-13,banxico,international_reserves,"151,479.7",151479.7
2012-04-20,banxico,international_reserves,"152,416.8",152416.8
2012-04-27,banxico,international_reserves,"154,304.0",154304.0
2012-05-04,banxico,international_reserves,"154,224.3",154224.3
2012-05-11,banxico,international_reserves,"153,929.8",153929.8
2012-05-18,banxico,international_reserves,"153,787.2",153787.2
2012-05-25,banxico,international_reserves,"154,283.5",154283.5
2012-06-01,banxico,international_reserves,"155,060.4",155060.4
2012-06-08,banxico,international_reserves,"155,441.3",155441.3
2012-06-15,banxico,international_reserves,"156,472.5",156472.5
2012-06-22,banxico,international_reserves,"156,964.2",156964.2
2012-06-29,banxico,international_reserves,"157,337.3",157337.3
2012-07-06,banxico,international_reserves,"157,756.7",157756.7
2012-07-13,banxico,international_reserves,"157,873.8",157873.8
2012-07-20,banxico,international_reserves,"159,052.8",159052.8
2012-07-27,banxico,international_reserves,"158,917.6",158917.6
2012-08-03,banxico,international_reserves,"159,979.5",159979.5
2012-08-10,banxico,international_reserves,"160,058.0",160058.0
2012-08-17,banxico,international_reserves,"159,795.8",159795.8
2012-08-24,banxico,international_reserves,"161,203.7",161203.7
2012-08-31,banxico,international_reserves,"161,319.1",161319.1
2012-09-07,banxico,international_reserves,"161,302.0",161302.0
2012-09-14,banxico,international_reserves,"161,100.9",161100.9
2012-09-21,banxico,international_reserves,"160,910.3",160910.3
2012-09-28,banxico,international_reserves,"161,881.9",161881.9
2012-10-05,banxico,international_reserves,"161,742.3",161742.3
2012-10-12,banxico,international_reserves,"161,525.3",161525.3
2012-10-19,banxico,international_reserves,"161,098.2",161098.2
2012-10-26,banxico,international_reserves,"160,951.5",160951.5
2012-11-01,banxico,international_reserves,"162,435.9",162435.9
2012-11-09,banxico,international_reserves,"162,638.0",162638.0
2012-11-16,banxico,international_reserves,"162,270.5",162270.5
2012-11-23,banxico,international_reserves,"162,235.8",162235.8
2012-11-30,banxico,international_reserves,"163,116.9",163116.9
2012-12-07,banxico,international_reserves,"163,089.9",163089.9
2012-12-14,banxico,international_reserves,"163,042.6",163042.6
2012-12-21,banxico,international_reserves,"163,649.5",163649.5
2012-12-28,banxico,international_reserves,"163,591.8",163591.8
2013-01-04,banxico,international_reserves,"163,225.8",163225.8
2013-01-11,banxico,international_reserves,"163,429.8",163429.8
2013-01-18,banxico,international_reserves,"163,392.8",163392.8
2013-01-25,banxico,international_reserves,"163,432.9",163432.9
2013-02-01,banxico,international_reserves,"165,427.3",165427.3
2013-02-08,banxico,international_reserves,"165,405.3",165405.3
2013-02-15,banxico,international_reserves,"165,005.4",165005.4
2013-02-22,banxico,international_reserves,"164,714.8",164714.8
2013-03-01,banxico,international_reserves,"165,792.7",165792.7
2013-03-08,banxico,international_reserves,"165,383.7",165383.7
2013-03-15,banxico,international_reserves,"165,675.0",165675.0
2013-03-22,banxico,international_reserves,"165,820.0",165820.0
2013-03-27,banxico,international_reserves,"166,962.3",166962.3
2013-04-05,banxico,international_reserves,"166,643.6",166643.6
2013-04-12,banxico,international_reserves,"166,343.8",166343.8
2013-04-19,banxico,international_reserves,"165,627.4",165627.4
2013-04-26,banxico,international_reserves,"167,135.8",167135.8
2013-05-03,banxico,international_reserves,"168,145.1",168145.1
2013-05-10,banxico,international_reserves,"167,497.5",167497.5
2013-05-17,banxico,international_reserves,"166,915.4",166915.4
2013-05-24,banxico,international_reserves,"167,487.8",167487.8
2013-05-31,banxico,international_reserves,"167,129.3",167129.3
2013-06-07,banxico,international_reserves,"167,503.3",167503.3
2013-06-14,banxico,international_reserves,"167,933.5",167933.5
2013-06-21,banxico,international_reserves,"166,376.6",166376.6
2013-06-28,banxico,international_reserves,"166,530.3",166530.3
2013-07-05,banxico,international_reserves,"166,102.8",166102.8
2013-07-12,banxico,international_reserves,"166,750.3",166750.3
2013-07-19,banxico,international_reserves,"166,993.8",166993.8
2013-07-26,banxico,international_reserves,"168,247.4",168247.4
2013-08-02,banxico,international_reserves,"169,048.1",169048.1
2013-08-09,banxico,international_reserves,"169,325.4",169325.4
2013-08-16,banxico,international_reserves,"169,162.1",169162.1
2013-08-23,banxico,international_reserves,"169,869.8",169869.8
2013-08-30,banxico,international_reserves,"170,708.9",170708.9
2013-09-06,banxico,international_reserves,"170,631.6",170631.6
2013-09-13,banxico,international_reserves,"170,553.5",170553.5
2013-09-20,banxico,international_reserves,"170,927.1",170927.1
2013-09-27,banxico,international_reserves,"172,031.7",172031.7
2013-10-04,banxico,international_reserves,"172,070.2",172070.2
2013-10-11,banxico,international_reserves,"171,840.1",171840.1
2013-10-18,banxico,international_reserves,"173,236.4",173236.4
2013-10-25,banxico,international_reserves,"174,261.6",174261.6
2013-11-01,banxico,international_reserves,"174,053.3",174053.3
2013-11-08,banxico,international_reserves,"173,903.8",173903.8
2013-11-15,banxico,international_reserves,"174,008.0",174008.0
2013-11-22,banxico,international_reserves,"175,882.0",175882.0
2013-11-29,banxico,international_reserves,"176,152.3",176152.3
2013-12-06,banxico,international_reserves,"175,736.3",175736.3
2013-12-13,banxico,international_reserves,"175,661.2",175661.2
2013-12-20,banxico,international_reserves,"176,554.1",176554.1
2013-12-27,banxico,international_reserves,"176,578.7",176578.7
2014-01-03,banxico,international_reserves,"176,586.1",176586.1
2014-01-10,banxico,international_reserves,"176,526.2",176526.2
2014-01-17,banxico,international_reserves,"176,466.7",176466.7
2014-01-24,banxico,international_reserves,"177,179.1",177179.1
2014-01-31,banxico,international_reserves,"179,570.1",179570.1
2014-02-07,banxico,international_reserves,"179,662.9",179662.9
2014-02-14,banxico,international_reserves,"179,841.5",179841.5
2014-02-21,banxico,international_reserves,"179,704.8",179704.8
2014-02-28,banxico,international_reserves,"180,855.0",180855.0
2014-03-07,banxico,international_reserves,"180,801.5",180801.5
2014-03-14,banxico,international_reserves,"181,042.6",181042.6
2014-03-21,banxico,international_reserves,"180,700.2",180700.2
2014-03-28,banxico,international_reserves,"182,741.8",182741.8
2014-04-04,banxico,international_reserves,"183,313.7",183313.7
2014-04-11,banxico,international_reserves,"183,617.4",183617.4
2014-04-16,banxico,international_reserves,"183,509.9",183509.9
2014-04-25,banxico,international_reserves,"184,013.2",184013.2
2014-05-02,banxico,international_reserves,"186,084.5",186084.5
2014-05-09,banxico,international_reserves,"186,194.5",186194.5
2014-05-16,banxico,international_reserves,"186,288.7",186288.7
2014-05-23,banxico,international_reserves,"187,275.2",187275.2
2014-05-30,banxico,international_reserves,"188,265.5",188265.5
2014-06-06,banxico,international_reserves,"188,139.6",188139.6
2014-06-13,banxico,international_reserves,"188,237.6",188237.6
2014-06-20,banxico,international_reserves,"188,405.5",188405.5
2014-06-27,banxico,international_reserves,"190,276.6",190276.6
2014-07-04,banxico,international_reserves,"190,217.6",190217.6
2014-07-11,banxico,international_reserves,"190,340.7",190340.7
2014-07-18,banxico,international_reserves,"190,236.9",190236.9
2014-07-25,banxico,international_reserves,"190,192.1",190192.1
2014-08-01,banxico,international_reserves,"190,427.9",190427.9
2014-08-08,banxico,international_reserves,"190,474.1",190474.1
2014-08-15,banxico,international_reserves,"190,522.2",190522.2
2014-08-22,banxico,international_reserves,"190,336.6",190336.6
2014-08-29,banxico,international_reserves,"191,513.3",191513.3
2014-09-05,banxico,international_reserves,"191,255.4",191255.4
2014-09-12,banxico,international_reserves,"190,871.7",190871.7
2014-09-19,banxico,international_reserves,"190,861.6",190861.6
2014-09-26,banxico,international_reserves,"190,688.4",190688.4
2014-10-03,banxico,international_reserves,"190,475.3",190475.3
2014-10-10,banxico,international_reserves,"190,838.8",190838.8
2014-10-17,banxico,international_reserves,"190,987.2",190987.2
2014-10-24,banxico,international_reserves,"190,731.3",190731.3
2014-10-31,banxico,international_reserves,"191,717.3",191717.3
2014-11-07,banxico,international_reserves,"191,409.7",191409.7
2014-11-14,banxico,international_reserves,"191,361.9",191361.9
2014-11-21,banxico,international_reserves,"192,966.1",192966.1
2014-11-28,banxico,international_reserves,"192,718.2",192718.2
2014-12-05,banxico,international_reserves,"192,297.8",192297.8
2014-12-11,banxico,international_reserves,"192,365.4",192365.4
2014-12-19,banxico,international_reserves,"193,217.0",193217.0
2014-12-26,banxico,international_reserves,"193,045.0",193045.0
2015-01-02,banxico,international_reserves,"193,088.4",193088.4
2015-01-09,banxico,international_reserves,"193,174.1",193174.1
2015-01-16,banxico,international_reserves,"193,251.4",193251.4
2015-01-23,banxico,international_reserves,"192,910.4",192910.4
2015-01-30,banxico,international_reserves,"196,010.5",196010.5
2015-02-06,banxico,international_reserves,"195,806.7",195806.7
2015-02-13,banxico,international_reserves,"195,821.3",195821.3
2015-02-20,banxico,international_reserves,"195,646.9",195646.9
2015-02-27,banxico,international_reserves,"195,739.2",195739.2
2015-03-06,banxico,international_reserves,"194,938.4",194938.4
2015-03-13,banxico,international_reserves,"195,425.3",195425.3
2015-03-20,banxico,international_reserves,"195,539.8",195539.8
2015-03-27,banxico,international_reserves,"195,375.2",195375.2
2015-04-01,banxico,international_reserves,"195,219.0",195219.0
2015-04-10,banxico,international_reserves,"194,826.1",194826.1
2015-04-17,banxico,international_reserves,"195,909.6",195909.6
2015-04-24,banxico,international_reserves,"195,577.0",195577.0
2015-04-30,banxico,international_reserves,"195,340.4",195340.4
2015-05-08,banxico,international_reserves,"195,009.5",195009.5
2015-05-15,banxico,international_reserves,"194,959.2",194959.2
2015-05-22,banxico,international_reserves,"194,301.5",194301.5
2015-05-29,banxico,international_reserves,"193,901.0",193901.0
2015-06-05,banxico,international_reserves,"193,304.9",193304.9
2015-06-12,banxico,international_reserves,"193,238.0",193238.0
2015-06-19,banxico,international_reserves,"193,181.4",193181.4
2015-06-26,banxico,international_reserves,"192,402.7",192402.7
2015-07-03,banxico,international_reserves,"192,207.5",192207.5
2015-07-10,banxico,international_reserves,"191,819.5",191819.5
2015-07-17,banxico,international_reserves,"191,302.8",191302.8
2015-07-24,banxico,international_reserves,"190,711.3",190711.3
2015-07-31,banxico,international_reserves,"190,759.2",190759.2
2015-08-07,banxico,international_reserves,"189,718.1",189718.1
2015-08-14,banxico,international_reserves,"188,347.0",188347.0
2015-08-21,banxico,international_reserves,"187,333.1",187333.1
2015-08-28,banxico,international_reserves,"185,785.4",185785.4
2015-09-04,banxico,international_reserves,"184,496.4",184496.4
2015-09-11,banxico,international_reserves,"183,477.1",183477.1
2015-09-18,banxico,international_reserves,"182,998.6",182998.6
2015-09-25,banxico,international_reserves,"181,039.6",181039.6
2015-10-02,banxico,international_reserves,"180,307.9",180307.9
2015-10-09,banxico,international_reserves,"179,307.9",179307.9
2015-10-16,banxico,international_reserves,"178,219.2",178219.2
2015-10-23,banxico,international_reserves,"176,977.5",176977.5
2015-10-30,banxico,international_reserves,"175,564.7",175564.7
2015-11-06,banxico,international_reserves,"174,090.3",174090.3
2015-11-13,banxico,international_reserves,"173,151.3",173151.3
2015-11-20,banxico,international_reserves,"172,236.3",172236.3
2015-11-27,banxico,international_reserves,"171,881.6",171881.6
2015-12-04,banxico,international_reserves,"171,954.4",171954.4
2015-12-11,banxico,international_reserves,"172,324.8",172324.8
2015-12-18,banxico,international_reserves,"174,525.9",174525.9
2015-12-24,banxico,international_reserves,"176,352.5",176352.5
2015-12-31,banxico,international_reserves,"176,722.7",176722.7
2016-01-08,banxico,international_reserves,"175,754.7",175754.7
2016-01-15,banxico,international_reserves,"175,232.0",175232.0
2016-01-22,banxico,international_reserves,"174,715.4",174715.4
2016-01-29,banxico,international_reserves,"175,387.3",175387.3
2016-02-05,banxico,international_reserves,"174,974.8",174974.8
2016-02-12,banxico,international_reserves,"174,401.5",174401.5
2016-02-19,banxico,international_reserves,"174,710.8",174710.8
2016-02-26,banxico,international_reserves,"176,015.5",176015.5
2016-03-04,banxico,international_reserves,"176,097.5",176097.5
2016-03-11,banxico,international_reserves,"176,093.8",176093.8
2016-03-18,banxico,international_reserves,"176,939.1",176939.1
2016-03-23,banxico,international_reserves,"176,665.1",176665.1
2016-04-01,banxico,international_reserves,"177,476.4",177476.4
2016-04-08,banxico,international_reserves,"177,675.8",177675.8
2016-04-15,banxico,international_reserves,"177,664.6",177664.6
2016-04-22,banxico,international_reserves,"177,651.8",177651.8
2016-04-29,banxico,international_reserves,"177,968.8",177968.8
2016-05-06,banxico,international_reserves,"177,731.3",177731.3
2016-05-13,banxico,international_reserves,"177,652.8",177652.8
2016-05-20,banxico,international_reserves,"177,323.1",177323.1
2016-05-27,banxico,international_reserves,"176,994.4",176994.4
2016-06-03,banxico,international_reserves,"177,300.1",177300.1
2016-06-10,banxico,international_reserves,"177,371.2",177371.2
2016-06-17,banxico,international_reserves,"177,291.1",177291.1
2016-06-24,banxico,international_reserves,"177,334.9",177334.9
2016-07-01,banxico,international_reserves,"177,578.6",177578.6
2016-07-08,banxico,international_reserves,"177,512.9",177512.9
2016-07-15,banxico,international_reserves,"177,315.4",177315.4
2016-07-22,banxico,international_reserves,"177,104.6",177104.6
2016-07-29,banxico,international_reserves,"177,388.6",177388.6
2016-08-05,banxico,international_reserves,"176,607.2",176607.2
2016-08-12,banxico,international_reserves,"176,628.1",176628.1
2016-08-19,banxico,international_reserves,"176,519.3",176519.3
2016-08-26,banxico,international_reserves,"176,348.3",176348.3
2016-09-02,banxico,international_reserves,"176,336.6",176336.6
2016-09-09,banxico,international_reserves,"176,302.0",176302.0
2016-09-15,banxico,international_reserves,"175,868.9",175868.9
2016-09-23,banxico,international_reserves,"175,934.6",175934.6
2016-09-30,banxico,international_reserves,"175,831.3",175831.3
2016-10-07,banxico,international_reserves,"175,353.6",175353.6
2016-10-14,banxico,international_reserves,"175,218.8",175218.8
2016-10-21,banxico,international_reserves,"175,229.6",175229.6
2016-10-28,banxico,international_reserves,"175,091.4",175091.4
2016-11-04,banxico,international_reserves,"175,268.0",175268.0
2016-11-11,banxico,international_reserves,"174,497.6",174497.6
2016-11-18,banxico,international_reserves,"174,138.6",174138.6
2016-11-25,banxico,international_reserves,"174,077.8",174077.8
2016-12-02,banxico,international_reserves,"174,064.3",174064.3
2016-12-09,banxico,international_reserves,"176,656.3",176656.3
2016-12-16,banxico,international_reserves,"176,245.8",176245.8
2016-12-23,banxico,international_reserves,"176,284.2",176284.2
2016-12-30,banxico,international_reserves,"176,541.5",176541.5
2017-01-06,banxico,international_reserves,"174,725.6",174725.6
2017-01-13,banxico,international_reserves,"174,901.7",174901.7
2017-01-20,banxico,international_reserves,"174,695.4",174695.4
2017-01-27,banxico,international_reserves,"174,791.4",174791.4
2017-02-03,banxico,international_reserves,"174,953.3",174953.3
2017-02-10,banxico,international_reserves,"174,948.0",174948.0
2017-02-17,banxico,international_reserves,"174,978.1",174978.1
2017-02-24,banxico,international_reserves,"175,145.4",175145.4
2017-03-03,banxico,international_reserves,"174,661.1",174661.1
2017-03-10,banxico,international_reserves,"174,524.1",174524.1
2017-03-17,banxico,international_reserves,"174,825.0",174825.0
2017-03-24,banxico,international_reserves,"175,014.8",175014.8
2017-03-31,banxico,international_reserves,"174,930.5",174930.5
2017-04-07,banxico,international_reserves,"174,998.2",174998.2
2017-04-12,banxico,international_reserves,"174,969.1",174969.1
2017-04-21,banxico,international_reserves,"175,022.5",175022.5
2017-04-28,banxico,international_reserves,"175,010.5",175010.5
2017-05-05,banxico,international_reserves,"174,844.6",174844.6
2017-05-12,banxico,international_reserves,"174,869.5",174869.5
2017-05-19,banxico,international_reserves,"175,078.5",175078.5
2017-05-26,banxico,international_reserves,"175,138.1",175138.1
2017-06-02,banxico,international_reserves,"174,693.8",174693.8
2017-06-09,banxico,international_reserves,"174,576.7",174576.7
2017-06-16,banxico,international_reserves,"174,504.0",174504.0
2017-06-23,banxico,international_reserves,"174,506.2",174506.2
2017-06-30,banxico,international_reserves,"174,245.5",174245.5
2017-07-07,banxico,international_reserves,"173,931.4",173931.4
2017-07-14,banxico,international_reserves,"173,877.1",173877.1
2017-07-21,banxico,international_reserves,"173,621.2",173621.2
2017-07-28,banxico,international_reserves,"173,360.1",173360.1
2017-08-04,banxico,international_reserves,"173,210.6",173210.6
2017-08-11,banxico,international_reserves,"173,129.4",173129.4
2017-08-18,banxico,international_reserves,"173,062.4",173062.4
2017-08-25,banxico,international_reserves,"173,032.0",173032.0
2017-09-01,banxico,international_reserves,"173,247.5",173247.5
2017-09-08,banxico,international_reserves,"173,575.3",173575.3
2017-09-15,banxico,international_reserves,"173,370.4",173370.4
2017-09-22,banxico,international_reserves,"173,276.3",173276.3
2017-09-29,banxico,international_reserves,"173,031.2",173031.2
2017-10-06,banxico,international_reserves,"172,872.5",172872.5
2017-10-13,banxico,international_reserves,"173,185.6",173185.6
2017-10-20,banxico,international_reserves,"172,984.7",172984.7
2017-10-27,banxico,international_reserves,"172,819.8",172819.8
2017-11-03,banxico,international_reserves,"172,765.1",172765.1
2017-11-10,banxico,international_reserves,"172,802.6",172802.6
2017-11-17,banxico,international_reserves,"172,671.8",172671.8
2017-11-24,banxico,international_reserves,"172,749.1",172749.1
2017-12-01,banxico,international_reserves,"172,581.0",172581.0
2017-12-08,banxico,international_reserves,"172,408.9",172408.9
2017-12-15,banxico,international_reserves,"172,538.9",172538.9
2017-12-22,banxico,international_reserves,"172,464.7",172464.7
2017-12-29,banxico,international_reserves,"172,801.8",172801.8
2018-01-05,banxico,international_reserves,"172,904.4",172904.4
2018-01-12,banxico,international_reserves,"172,951.2",172951.2
2018-01-19,banxico,international_reserves,"173,021.5",173021.5
2018-01-26,banxico,international_reserves,"173,194.6",173194.6
2018-02-02,banxico,international_reserves,"172,990.7",172990.7
2018-02-09,banxico,international_reserves,"172,796.8",172796.8
2018-02-16,banxico,international_reserves,"173,024.2",173024.2
2018-02-23,banxico,international_reserves,"172,910.3",172910.3
2018-03-02,banxico,international_reserves,"173,004.5",173004.5
2018-03-09,banxico,international_reserves,"172,992.7",172992.7
2018-03-16,banxico,international_reserves,"173,033.6",173033.6
2018-03-23,banxico,international_reserves,"173,220.0",173220.0
2018-03-28,banxico,international_reserves,"173,231.6",173231.6
2018-04-06,banxico,international_reserves,"173,276.7",173276.7
2018-04-13,banxico,international_reserves,"173,397.1",173397.1
2018-04-20,banxico,international_reserves,"173,256.5",173256.5
2018-04-27,banxico,international_reserves,"173,068.4",173068.4
2018-05-04,banxico,international_reserves,"173,060.0",173060.0
2018-05-11,banxico,international_reserves,"173,111.4",173111.4
2018-05-18,banxico,international_reserves,"172,912.9",172912.9
2018-05-25,banxico,international_reserves,"173,118.0",173118.0
2018-06-01,banxico,international_reserves,"173,249.9",173249.9
2018-06-08,banxico,international_reserves,"173,275.7",173275.7
2018-06-15,banxico,international_reserves,"173,172.1",173172.1
2018-06-22,banxico,international_reserves,"173,177.4",173177.4
2018-06-29,banxico,international_reserves,"173,211.4",173211.4
2018-07-06,banxico,international_reserves,"173,362.4",173362.4
2018-07-13,banxico,international_reserves,"173,295.9",173295.9
2018-07-20,banxico,international_reserves,"173,272.9",173272.9
2018-07-27,banxico,international_reserves,"173,238.1",173238.1
2018-08-03,banxico,international_reserves,"173,287.0",173287.0
2018-08-10,banxico,international_reserves,"173,351.4",173351.4
2018-08-17,banxico,international_reserves,"173,329.0",173329.0
2018-08-24,banxico,international_reserves,"173,569.5",173569.5
2018-08-31,banxico,international_reserves,"173,606.1",173606.1
2018-09-07,banxico,international_reserves,"173,516.2",173516.2
2018-09-14,banxico,international_reserves,"173,554.3",173554.3
2018-09-21,banxico,international_reserves,"173,568.4",173568.4
2018-09-28,banxico,international_reserves,"173,566.1",173566.1
2018-10-05,banxico,international_reserves,"173,391.2",173391.2
2018-10-12,banxico,international_reserves,"173,649.4",173649.4
2018-10-19,banxico,international_reserves,"173,634.8",173634.8
2018-10-26,banxico,international_reserves,"173,582.4",173582.4
2018-11-01,banxico,international_reserves,"173,632.9",173632.9
2018-11-09,banxico,international_reserves,"173,560.8",173560.8
2018-11-16,banxico,international_reserves,"173,851.4",173851.4
2018-11-23,banxico,international_reserves,"173,907.4",173907.4
2018-11-30,banxico,international_reserves,"173,775.3",173775.3
2018-12-07,banxico,international_reserves,"174,118.0",174118.0
2018-12-14,banxico,international_reserves,"174,081.1",174081.1
2018-12-21,banxico,international_reserves,"174,393.7",174393.7
2018-12-28,banxico,international_reserves,"174,609.1",174609.1
2019-01-04,banxico,international_reserves,"174,937.4",174937.4
2019-01-11,banxico,international_reserves,"175,091.0",175091.0
2019-01-18,banxico,international_reserves,"175,029.4",175029.4
2019-01-25,banxico,international_reserves,"175,155.9",175155.9
2019-02-01,banxico,international_reserves,"175,522.9",175522.9
2019-02-08,banxico,international_reserves,"175,511.0",175511.0
2019-02-15,banxico,international_reserves,"175,500.7",175500.7
2019-02-22,banxico,international_reserves,"175,693.9",175693.9
2019-03-01,banxico,international_reserves,"175,646.3",175646.3
2019-03-08,banxico,international_reserves,"175,767.4",175767.4
2019-03-15,banxico,international_reserves,"176,045.1",176045.1
2019-03-22,banxico,international_reserves,"176,475.9",176475.9
2019-03-29,banxico,international_reserves,"176,648.6",176648.6
2019-04-05,banxico,international_reserves,"176,466.3",176466.3
2019-04-12,banxico,international_reserves,"176,465.0",176465.0
2019-04-17,banxico,international_reserves,"176,455.2",176455.2
2019-04-26,banxico,international_reserves,"176,660.7",176660.7
2019-05-03,banxico,international_reserves,"176,695.7",176695.7
2019-05-10,banxico,international_reserves,"176,924.2",176924.2
2019-05-17,banxico,international_reserves,"177,090.9",177090.9
2019-05-24,banxico,international_reserves,"177,322.3",177322.3
2019-05-31,banxico,international_reserves,"177,855.9",177855.9
2019-06-07,banxico,international_reserves,"178,290.6",178290.6
2019-06-14,banxico,international_reserves,"178,298.7",178298.7
2019-06-21,banxico,international_reserves,"178,601.2",178601.2
2019-06-28,banxico,international_reserves,"178,867.6",178867.6
2019-07-05,banxico,international_reserves,"178,739.5",178739.5
2019-07-12,banxico,international_reserves,"178,754.8",178754.8
2019-07-19,banxico,international_reserves,"179,020.2",179020.2
2019-07-26,banxico,international_reserves,"178,920.9",178920.9
2019-08-02,banxico,international_reserves,"179,397.3",179397.3
2019-08-09,banxico,international_reserves,"179,814.8",179814.8
2019-08-16,banxico,international_reserves,"180,243.0",180243.0
2019-08-23,banxico,international_reserves,"180,263.4",180263.4
2019-08-30,banxico,international_reserves,"180,377.0",180377.0
2019-09-06,banxico,international_reserves,"180,456.0",180456.0
2019-09-13,banxico,international_reserves,"179,747.1",179747.1
2019-09-20,banxico,international_reserves,"180,019.2",180019.2
2019-09-27,banxico,international_reserves,"180,212.6",180212.6
2019-10-04,banxico,international_reserves,"180,796.1",180796.1
2019-10-11,banxico,international_reserves,"180,324.1",180324.1
2019-10-18,banxico,international_reserves,"180,461.9",180461.9
2019-10-25,banxico,international_reserves,"180,432.5",180432.5
2019-11-01,banxico,international_reserves,"180,727.5",180727.5
2019-11-08,banxico,international_reserves,"180,277.8",180277.8
2019-11-15,banxico,international_reserves,"180,566.9",180566.9
2019-11-22,banxico,international_reserves,"180,557.2",180557.2
2019-11-29,banxico,international_reserves,"180,597.3",180597.3
2019-12-06,banxico,international_reserves,"180,469.4",180469.4
2019-12-13,banxico,international_reserves,"180,616.4",180616.4
2019-12-20,banxico,international_reserves,"180,512.3",180512.3
2019-12-27,banxico,international_reserves,"180,749.5",180749.5
2020-01-03,banxico,international_reserves,"181,177.1",181177.1
2020-01-10,banxico,international_reserves,"181,132.9",181132.9
2020-01-17,banxico,international_reserves,"181,210.3",181210.3
2020-01-24,banxico,international_reserves,"182,402.5",182402.5
2020-01-31,banxico,international_reserves,"182,796.4",182796.4
2020-02-07,banxico,international_reserves,"182,602.9",182602.9
2020-02-14,banxico,international_reserves,"182,659.7",182659.7
2020-02-21,banxico,international_reserves,"183,336.9",183336.9
2020-02-28,banxico,international_reserves,"184,249.6",184249.6
2020-03-06,banxico,international_reserves,"185,570.9",185570.9
2020-03-13,banxico,international_reserves,"184,619.0",184619.0
2020-03-20,banxico,international_reserves,"184,174.5",184174.5
2020-03-27,banxico,international_reserves,"185,508.5",185508.5
2020-04-03,banxico,international_reserves,"185,556.9",185556.9
2020-04-08,banxico,international_reserves,"185,617.6",185617.6
2020-04-17,banxico,international_reserves,"185,942.8",185942.8
2020-04-24,banxico,international_reserves,"186,128.2",186128.2
2020-04-30,banxico,international_reserves,"186,655.4",186655.4
2020-05-08,banxico,international_reserves,"186,642.7",186642.7
2020-05-15,banxico,international_reserves,"186,921.9",186921.9
2020-05-22,banxico,international_reserves,"187,171.8",187171.8
2020-05-29,banxico,international_reserves,"187,315.6",187315.6
2020-06-05,banxico,international_reserves,"187,247.2",187247.2
2020-06-12,banxico,international_reserves,"188,105.2",188105.2
2020-06-19,banxico,international_reserves,"188,276.6",188276.6
2020-06-26,banxico,international_reserves,"188,941.5",188941.5
2020-07-03,banxico,international_reserves,"190,546.3",190546.3
2020-07-10,banxico,international_reserves,"191,121.8",191121.8
2020-07-17,banxico,international_reserves,"191,468.4",191468.4
2020-07-24,banxico,international_reserves,"192,292.2",192292.2
2020-07-31,banxico,international_reserves,"192,605.6",192605.6
2020-08-07,banxico,international_reserves,"192,653.7",192653.7
2020-08-14,banxico,international_reserves,"192,531.0",192531.0
2020-08-21,banxico,international_reserves,"193,130.3",193130.3
2020-08-28,banxico,international_reserves,"193,267.1",193267.1
2020-09-04,banxico,international_reserves,"193,250.6",193250.6
2020-09-11,banxico,international_reserves,"193,315.5",193315.5
2020-09-18,banxico,international_reserves,"193,795.8",193795.8
2020-09-25,banxico,international_reserves,"193,883.1",193883.1
2020-10-02,banxico,international_reserves,"193,991.1",193991.1
2020-10-09,banxico,international_reserves,"194,026.0",194026.0
2020-10-16,banxico,international_reserves,"194,029.3",194029.3
2020-10-23,banxico,international_reserves,"194,471.0",194471.0
2020-10-30,banxico,international_reserves,"194,351.1",194351.1
2020-11-06,banxico,international_reserves,"194,698.3",194698.3
2020-11-13,banxico,international_reserves,"194,360.8",194360.8
2020-11-20,banxico,international_reserves,"194,379.8",194379.8
2020-11-27,banxico,international_reserves,"194,287.8",194287.8
2020-12-04,banxico,international_reserves,"194,359.1",194359.1
2020-12-11,banxico,international_reserves,"195,340.6",195340.6
2020-12-18,banxico,international_reserves,"195,441.2",195441.2
2020-12-24,banxico,international_reserves,"195,479.1",195479.1
2020-12-31,banxico,international_reserves,"195,667.2",195667.2
2021-01-08,banxico,international_reserves,"195,517.8",195517.8
2021-01-15,banxico,international_reserves,"195,438.1",195438.1
2021-01-22,banxico,international_reserves,"195,957.2",195957.2
2021-01-29,banxico,international_reserves,"195,946.1",195946.1
2021-02-05,banxico,international_reserves,"195,726.3",195726.3
2021-02-12,banxico,international_reserves,"195,812.1",195812.1
2021-02-19,banxico,international_reserves,"195,609.5",195609.5
2021-02-26,banxico,international_reserves,"195,269.5",195269.5
2021-03-05,banxico,international_reserves,"195,056.8",195056.8
2021-03-12,banxico,international_reserves,"194,973.5",194973.5
2021-03-19,banxico,international_reserves,"194,938.5",194938.5
2021-03-26,banxico,international_reserves,"194,933.5",194933.5
2021-03-31,banxico,international_reserves,"194,774.2",194774.2
2021-04-09,banxico,international_reserves,"195,002.2",195002.2
2021-04-16,banxico,international_reserves,"195,246.7",195246.7
2021-04-23,banxico,international_reserves,"195,373.1",195373.1
2021-04-30,banxico,international_reserves,"195,267.6",195267.6
2021-05-07,banxico,international_reserves,"195,129.1",195129.1
2021-05-14,banxico,international_reserves,"194,645.0",194645.0
2021-05-21,banxico,international_reserves,"194,380.9",194380.9
2021-05-28,banxico,international_reserves,"194,168.7",194168.7
2021-06-04,banxico,international_reserves,"193,769.9",193769.9
2021-06-11,banxico,international_reserves,"193,467.4",193467.4
2021-06-18,banxico,international_reserves,"192,826.9",192826.9
2021-06-25,banxico,international_reserves,"192,886.0",192886.0
2021-07-02,banxico,international_reserves,"193,020.4",193020.4
2021-07-09,banxico,international_reserves,"193,188.2",193188.2
2021-07-16,banxico,international_reserves,"193,231.4",193231.4
2021-07-23,banxico,international_reserves,"193,215.1",193215.1
2021-07-30,banxico,international_reserves,"193,423.7",193423.7
2021-08-06,banxico,international_reserves,"193,278.4",193278.4
2021-08-13,banxico,international_reserves,"193,213.6",193213.6
2021-08-20,banxico,international_reserves,"193,153.7",193153.7
2021-08-27,banxico,international_reserves,"205,391.4",205391.4
2021-09-03,banxico,international_reserves,"205,559.0",205559.0
2021-09-10,banxico,international_reserves,"198,537.8",198537.8
2021-09-17,banxico,international_reserves,"198,401.6",198401.6
2021-09-24,banxico,international_reserves,"198,216.0",198216.0
2021-10-01,banxico,international_reserves,"198,560.2",198560.2
2021-10-08,banxico,international_reserves,"198,482.1",198482.1
2021-10-15,banxico,international_reserves,"198,522.3",198522.3
2021-10-22,banxico,international_reserves,"198,545.7",198545.7
2021-10-29,banxico,international_reserves,"198,850.4",198850.4
2021-11-05,banxico,international_reserves,"198,919.7",198919.7
2021-11-12,banxico,international_reserves,"198,788.1",198788.1
2021-11-19,banxico,international_reserves,"198,585.8",198585.8
2021-11-26,banxico,international_reserves,"199,310.1",199310.1
2021-12-03,banxico,international_reserves,"199,993.0",199993.0
2021-12-10,banxico,international_reserves,"201,440.6",201440.6
2021-12-17,banxico,international_reserves,"202,303.4",202303.4
2021-12-24,banxico,international_reserves,"202,273.5",202273.5
2021-12-31,banxico,international_reserves,"202,399.2",202399.2
2022-01-07,banxico,international_reserves,"201,952.8",201952.8
2022-01-14,banxico,international_reserves,"202,099.7",202099.7
2022-01-21,banxico,international_reserves,"201,995.6",201995.6
2022-01-28,banxico,international_reserves,"201,583.4",201583.4
2022-02-04,banxico,international_reserves,"201,698.2",201698.2
2022-02-11,banxico,international_reserves,"201,437.7",201437.7
2022-02-18,banxico,international_reserves,"201,500.8",201500.8
2022-02-25,banxico,international_reserves,"201,399.1",201399.1
2022-03-04,banxico,international_reserves,"201,687.1",201687.1
2022-03-11,banxico,international_reserves,"201,374.6",201374.6
2022-03-18,banxico,international_reserves,"200,975.8",200975.8
2022-03-25,banxico,international_reserves,"200,530.4",200530.4
2022-04-01,banxico,international_reserves,"200,725.5",200725.5
2022-04-08,banxico,international_reserves,"200,145.7",200145.7
2022-04-13,banxico,international_reserves,"200,087.8",200087.8
2022-04-22,banxico,international_reserves,"199,504.7",199504.7
2022-04-29,banxico,international_reserves,"199,174.6",199174.6
2022-05-06,banxico,international_reserves,"198,797.6",198797.6
2022-05-13,banxico,international_reserves,"198,723.7",198723.7
2022-05-20,banxico,international_reserves,"199,187.1",199187.1
2022-05-27,banxico,international_reserves,"199,558.0",199558.0
2022-06-03,banxico,international_reserves,"199,310.7",199310.7
2022-06-10,banxico,international_reserves,"198,742.4",198742.4
2022-06-17,banxico,international_reserves,"198,194.0",198194.0
2022-06-24,banxico,international_reserves,"198,506.7",198506.7
2022-07-01,banxico,international_reserves,"198,768.6",198768.6
2022-07-08,banxico,international_reserves,"198,412.8",198412.8
2022-07-15,banxico,international_reserves,"198,473.3",198473.3
2022-07-22,banxico,international_reserves,"198,854.8",198854.8
2022-07-29,banxico,international_reserves,"199,479.8",199479.8
2022-08-05,banxico,international_reserves,"199,314.2",199314.2
2022-08-12,banxico,international_reserves,"199,404.8",199404.8
2022-08-19,banxico,international_reserves,"199,002.7",199002.7
2022-08-26,banxico,international_reserves,"198,761.0",198761.0
2022-09-02,banxico,international_reserves,"198,474.0",198474.0
2022-09-09,banxico,international_reserves,"198,294.5",198294.5
2022-09-15,banxico,international_reserves,"197,868.9",197868.9
2022-09-23,banxico,international_reserves,"197,199.6",197199.6
2022-09-30,banxico,international_reserves,"196,917.5",196917.5
2022-10-07,banxico,international_reserves,"196,963.2",196963.2
2022-10-14,banxico,international_reserves,"196,559.8",196559.8
2022-10-21,banxico,international_reserves,"196,227.2",196227.2
2022-10-28,banxico,international_reserves,"196,890.2",196890.2
2022-11-04,banxico,international_reserves,"196,705.9",196705.9
2022-11-11,banxico,international_reserves,"197,861.0",197861.0
2022-11-18,banxico,international_reserves,"198,183.5",198183.5
2022-11-25,banxico,international_reserves,"198,043.8",198043.8
2022-12-02,banxico,international_reserves,"198,890.2",198890.2
2022-12-09,banxico,international_reserves,"199,209.4",199209.4
2022-12-16,banxico,international_reserves,"199,437.7",199437.7
2022-12-23,banxico,international_reserves,"199,182.8",199182.8
2022-12-30,banxico,international_reserves,"199,094.2",199094.2
2023-01-06,banxico,international_reserves,"199,720.0",199720.0
2023-01-13,banxico,international_reserves,"200,620.0",200620.0
2023-01-20,banxico,international_reserves,"200,889.0",200889.0
2023-01-27,banxico,international_reserves,"200,994.5",200994.5
2023-02-03,banxico,international_reserves,"201,276.3",201276.3
2023-02-10,banxico,international_reserves,"200,689.3",200689.3
2023-02-17,banxico,international_reserves,"200,374.1",200374.1
2023-02-24,banxico,international_reserves,"200,083.2",200083.2
2023-03-03,banxico,international_reserves,"200,267.5",200267.5
2023-03-10,banxico,international_reserves,"200,566.6",200566.6
2023-03-17,banxico,international_reserves,"201,972.3",201972.3
2023-03-24,banxico,international_reserves,"202,468.7",202468.7
2023-03-31,banxico,international_reserves,"202,337.6",202337.6
2023-04-05,banxico,international_reserves,"203,089.1",203089.1
2023-04-14,banxico,international_reserves,"202,990.7",202990.7
2023-04-21,banxico,international_reserves,"202,672.7",202672.7
2023-04-28,banxico,international_reserves,"203,104.0",203104.0
2023-05-05,banxico,international_reserves,"203,510.2",203510.2
2023-05-12,banxico,international_reserves,"203,450.9",203450.9
2023-05-19,banxico,international_reserves,"202,832.3",202832.3
2023-05-26,banxico,international_reserves,"202,511.8",202511.8
2023-06-02,banxico,international_reserves,"203,019.5",203019.5
2023-06-09,banxico,international_reserves,"202,993.9",202993.9
2023-06-16,banxico,international_reserves,"203,262.1",203262.1
2023-06-23,banxico,international_reserves,"203,268.5",203268.5
2023-06-30,banxico,international_reserves,"203,209.3",203209.3
2023-07-07,banxico,international_reserves,"203,071.1",203071.1
2023-07-14,banxico,international_reserves,"204,129.8",204129.8
2023-07-21,banxico,international_reserves,"204,163.5",204163.5
2023-07-28,banxico,international_reserves,"204,099.1",204099.1
2023-08-04,banxico,international_reserves,"203,888.6",203888.6
2023-08-11,banxico,international_reserves,"203,860.6",203860.6
2023-08-18,banxico,international_reserves,"203,481.5",203481.5
2023-08-25,banxico,international_reserves,"203,719.4",203719.4
2023-09-01,banxico,international_reserves,"204,247.4",204247.4
2023-09-08,banxico,international_reserves,"203,920.0",203920.0
2023-09-15,banxico,international_reserves,"204,177.7",204177.7
2023-09-22,banxico,international_reserves,"204,141.0",204141.0
2023-09-29,banxico,international_reserves,"203,767.6",203767.6
2023-10-06,banxico,international_reserves,"203,496.9",203496.9
2023-10-13,banxico,international_reserves,"204,127.1",204127.1
2023-10-20,banxico,international_reserves,"203,999.6",203999.6
2023-10-27,banxico,international_reserves,"204,220.4",204220.4
2023-11-03,banxico,international_reserves,"204,983.9",204983.9
2023-11-10,banxico,international_reserves,"205,262.2",205262.2
2023-11-17,banxico,international_reserves,"205,623.1",205623.1
2023-11-24,banxico,international_reserves,"206,277.6",206277.6
2023-12-01,banxico,international_reserves,"207,120.0",207120.0
2023-12-08,banxico,international_reserves,"209,287.1",209287.1
2023-12-15,banxico,international_reserves,"210,887.9",210887.9
2023-12-22,banxico,international_reserves,"211,509.4",211509.4
2023-12-29,banxico,international_reserves,"212,761.9",212761.9
2024-01-05,banxico,international_reserves,"212,408.1",212408.1
2024-01-12,banxico,international_reserves,"212,723.2",212723.2
2024-01-19,banxico,international_reserves,"212,769.0",212769.0
2024-01-26,banxico,international_reserves,"212,886.7",212886.7
2024-02-02,banxico,international_reserves,"213,463.9",213463.9
2024-02-09,banxico,international_reserves,"213,176.7",213176.7
2024-02-16,banxico,international_reserves,"213,060.8",213060.8
2024-02-23,banxico,international_reserves,"213,478.8",213478.8
2024-03-01,banxico,international_reserves,"213,902.6",213902.6
2024-03-08,banxico,international_reserves,"216,800.5",216800.5
2024-03-15,banxico,international_reserves,"216,492.0",216492.0
2024-03-22,banxico,international_reserves,"216,903.0",216903.0
2024-03-27,banxico,international_reserves,"217,193.8",217193.8
2024-04-05,banxico,international_reserves,"217,298.7",217298.7
2024-04-12,banxico,international_reserves,"217,185.5",217185.5
2024-04-19,banxico,international_reserves,"217,260.5",217260.5
2024-04-26,banxico,international_reserves,"217,247.8",217247.8
2024-05-03,banxico,international_reserves,"217,712.6",217712.6
2024-05-10,banxico,international_reserves,"218,229.2",218229.2
2024-05-17,banxico,international_reserves,"218,952.9",218952.9
2024-05-24,banxico,international_reserves,"218,739.3",218739.3
2024-05-31,banxico,international_reserves,"218,726.3",218726.3
2024-06-07,banxico,international_reserves,"219,273.4",219273.4
2024-06-14,banxico,international_reserves,"219,728.5",219728.5
2024-06-21,banxico,international_reserves,"220,044.6",220044.6
2024-06-28,banxico,international_reserves,"219,996.9",219996.9
2024-07-05,banxico,international_reserves,"220,389.2",220389.2
2024-07-12,banxico,international_reserves,"221,184.2",221184.2
2024-07-19,banxico,international_reserves,"221,621.3",221621.3
2024-07-26,banxico,international_reserves,"221,725.3",221725.3
2024-08-02,banxico,international_reserves,"223,162.3",223162.3
2024-08-09,banxico,international_reserves,"223,232.8",223232.8
2024-08-16,banxico,international_reserves,"223,998.3",223998.3
2024-08-23,banxico,international_reserves,"224,709.1",224709.1
2024-08-30,banxico,international_reserves,"224,777.9",224777.9
2024-09-06,banxico,international_reserves,"225,426.9",225426.9
2024-09-13,banxico,international_reserves,"226,108.8",226108.8
2024-09-20,banxico,international_reserves,"226,464.8",226464.8
2024-09-27,banxico,international_reserves,"226,845.8",226845.8
2024-10-04,banxico,international_reserves,"226,317.5",226317.5
2024-10-11,banxico,international_reserves,"226,002.4",226002.4
2024-10-18,banxico,international_reserves,"226,436.1",226436.1
2024-10-25,banxico,international_reserves,"226,066.9",226066.9
2024-11-01,banxico,international_reserves,"226,023.6",226023.6
2024-11-08,banxico,international_reserves,"226,057.7",226057.7
2024-11-15,banxico,international_reserves,"225,361.3",225361.3
2024-11-22,banxico,international_reserves,"225,528.0",225528.0
2024-11-29,banxico,international_reserves,"228,392.2",228392.2
2024-12-06,banxico,international_reserves,"228,753.3",228753.3
2024-12-13,banxico,international_reserves,"228,654.3",228654.3
2024-12-20,banxico,international_reserves,"228,220.9",228220.9
2024-12-27,banxico,international_reserves,"228,789.4",228789.4
2025-01-03,banxico,international_reserves,"229,016.9",229016.9
2025-01-10,banxico,international_reserves,"228,920.8",228920.8
2025-01-17,banxico,international_reserves,"229,505.2",229505.2
2025-01-24,banxico,international_reserves,"230,253.7",230253.7
2025-01-31,banxico,international_reserves,"230,764.0",230764.0
2025-02-07,banxico,international_reserves,"231,400.4",231400.4
2025-02-14,banxico,international_reserves,"232,724.1",232724.1
2025-02-21,banxico,international_reserves,"233,909.7",233909.7
2025-02-28,banxico,international_reserves,"234,346.8",234346.8
2025-03-07,banxico,international_reserves,"235,940.4",235940.4
2025-03-14,banxico,international_reserves,"236,287.6",236287.6
2025-03-21,banxico,international_reserves,"236,731.5",236731.5
2025-03-28,banxico,international_reserves,"237,006.1",237006.1
2025-04-04,banxico,international_reserves,"237,803.7",237803.7
2025-04-11,banxico,international_reserves,"237,982.8",237982.8
2025-04-16,banxico,international_reserves,"238,937.3",238937.3
2025-04-25,banxico,international_reserves,"239,137.9",239137.9
2025-05-02,banxico,international_reserves,"239,319.1",239319.1
2025-05-09,banxico,international_reserves,"239,627.1",239627.1
2025-05-16,banxico,international_reserves,"238,922.9",238922.9
2025-05-23,banxico,international_reserves,"239,884.8",239884.8
2025-05-30,banxico,international_reserves,"239,981.6",239981.6
2025-06-06,banxico,international_reserves,"240,443.2",240443.2
2025-06-13,banxico,international_reserves,"241,212.0",241212.0
2025-06-20,banxico,international_reserves,"241,300.2",241300.2
2025-06-27,banxico,international_reserves,"241,480.1",241480.1
2025-07-04,banxico,international_reserves,"241,880.1",241880.1
2025-07-11,banxico,international_reserves,"241,911.5",241911.5
2025-07-18,banxico,international_reserves,"242,086.4",242086.4
2025-07-25,banxico,international_reserves,"242,343.9",242343.9
2025-08-01,banxico,international_reserves,"242,515.6",242515.6
2025-08-08,banxico,international_reserves,"243,222.3",243222.3
2025-08-15,banxico,international_reserves,"243,108.9",243108.9
2025-08-22,banxico,international_reserves,"243,363.1",243363.1
2025-08-29,banxico,international_reserves,"244,399.0",244399.0
2025-09-05,banxico,international_reserves,"245,465.4",245465.4
2025-09-12,banxico,international_reserves,"246,266.1",246266.1
2025-09-19,banxico,international_reserves,"246,528.4",246528.4
2025-09-26,banxico,international_reserves,"246,831.7",246831.7
2025-10-03,banxico,international_reserves,"247,733.4",247733.4
2025-10-10,banxico,international_reserves,"248,249.1",248249.1
2025-10-17,banxico,international_reserves,"249,743.9",249743.9
2025-10-24,banxico,international_reserves,"249,340.9",249340.9
2025-10-31,banxico,international_reserves,"248,852.0",248852.0
2025-11-07,banxico,international_reserves,"248,854.7",248854.7
2025-11-14,banxico,international_reserves,"249,077.9",249077.9
2025-11-21,banxico,international_reserves,"249,247.2",249247.2
2025-11-28,banxico,international_reserves,"250,205.9",250205.9
2025-12-05,banxico,international_reserves,"250,451.9",250451.9
2025-12-11,banxico,international_reserves,"250,524.6",250524.6
2025-12-19,banxico,international_reserves,"251,237.7",251237.7
2025-12-26,banxico,international_reserves,"252,129.6",252129.6
2026-01-02,banxico,international_reserves,"251,827.6",251827.6
2026-01-09,banxico,international_reserves,"252,564.2",252564.2
2026-01-16,banxico,international_reserves,"253,224.0",253224.0
2026-01-23,banxico,international_reserves,"254,983.3",254983.3
2026-01-30,banxico,international_reserves,"255,605.2",255605.2
2026-02-06,banxico,international_reserves,"255,428.5",255428.5
2026-02-13,banxico,international_reserves,"256,241.5",256241.5
2026-02-20,banxico,international_reserves,"256,649.3",256649.3
2026-02-27,banxico,international_reserves,"257,815.2",257815.2
2026-03-06,banxico,international_reserves,"257,020.9",257020.9
2026-03-13,banxico,international_reserves,"256,365.3",256365.3
2026-03-20,banxico,international_reserves,"254,447.8",254447.8
2026-03-27,banxico,international_reserves,"254,070.3",254070.3
2026-04-01,banxico,international_reserves,"255,488.8",255488.8
2026-04-10,banxico,international_reserves,"256,213.3",256213.3
2026-04-17,banxico,international_reserves,"257,131.1",257131.1
2026-04-24,banxico,international_reserves,"256,543.1",256543.1
2026-04-30,banxico,international_reserves,"256,263.9",256263.9
2026-05-08,banxico,international_reserves,"257,029.9",257029.9
2026-05-15,banxico,international_reserves,"255,758.4",255758.4
2026-05-22,banxico,international_reserves,"255,815.5",255815.5
2026-05-29,banxico,international_reserves,"256,599.9",256599.9
2026-06-05,banxico,international_reserves,"255,731.3",255731.3
2026-06-12,banxico,international_reserves,"255,182.7",255182.7
2026-06-19,banxico,international_reserves,"255,235.6",255235.6
2026-06-26,banxico,international_reserves,"255,180.7",255180.7
2026-07-03,banxico,international_reserves,"255,496.4",255496.4
2026-07-10,banxico,international_reserves,"255,321.8",255321.8
2026-07-17,banxico,international_reserves,"255,330.4",255330.4
2026-07-24,banxico,international_reserves,"255,296.8",255296.8
2026-07-31,banxico,international_reserves,"255,498.1",255498.1
2026-08-07,banxico,international_reserves,"257,087.4",257087.4
2026-08-14,banxico,international_reserves,"257,416.8",257416.8
2026-08-21,banxico,international_reserves,"258,608.8",258608.8
2026-08-28,banxico,international_reserves,"258,564.1",258564.1
2026-09-04,banxico,international_reserves,"258,034.6",258034.6
2000-12-01,banxico,m1,"575,634,760.26",575634760.26
2001-01-01,banxico,m1,"524,836,129.99",524836129.99
2001-02-01,banxico,m1,"517,186,605.97",517186605.97
2001-03-01,banxico,m1,"509,701,873.04",509701873.04
2001-04-01,banxico,m1,"511,952,430.01",511952430.01
2001-05-01,banxico,m1,"514,845,459.96",514845459.96
2001-06-01,banxico,m1,"531,037,690.04",531037690.04
2001-07-01,banxico,m1,"535,590,658.99",535590658.99
2001-08-01,banxico,m1,"546,637,481.95",546637481.95
2001-09-01,banxico,m1,"578,773,946.96",578773946.96
2001-10-01,banxico,m1,"577,395,499.96",577395499.96
2001-11-01,banxico,m1,"610,195,418.98",610195418.98
2001-12-01,banxico,m1,"680,465,101.73",680465101.73
2002-01-01,banxico,m1,"633,735,844.37",633735844.37
2002-02-01,banxico,m1,"627,350,424.12",627350424.12
2002-03-01,banxico,m1,"642,571,824.36",642571824.36
2002-04-01,banxico,m1,"629,813,665.69",629813665.69
2002-05-01,banxico,m1,"632,831,164.50",632831164.5
2002-06-01,banxico,m1,"653,585,380.89",653585380.89
2002-07-01,banxico,m1,"650,359,307.91",650359307.91
2002-08-01,banxico,m1,"647,583,240.81",647583240.81
2002-09-01,banxico,m1,"654,061,115.09",654061115.09
2002-10-01,banxico,m1,"651,911,832.11",651911832.11
2002-11-01,banxico,m1,"679,638,518.79",679638518.79
2002-12-01,banxico,m1,"766,241,058.50",766241058.5
2003-01-01,banxico,m1,"719,717,017.65",719717017.65
2003-02-01,banxico,m1,"707,376,873.62",707376873.62
2003-03-01,banxico,m1,"714,382,417.12",714382417.12
2003-04-01,banxico,m1,"702,921,409.50",702921409.5
2003-05-01,banxico,m1,"711,851,230.11",711851230.11
2003-06-01,banxico,m1,"727,496,498.28",727496498.28
2003-07-01,banxico,m1,"722,539,884.07",722539884.07
2003-08-01,banxico,m1,"720,237,740.48",720237740.48
2003-09-01,banxico,m1,"723,358,643.52",723358643.52
2003-10-01,banxico,m1,"731,312,557.64",731312557.64
2003-11-01,banxico,m1,"765,699,246.08",765699246.08
2003-12-01,banxico,m1,"857,418,364.16",857418364.16
2004-01-01,banxico,m1,"811,975,918.02",811975918.02
2004-02-01,banxico,m1,"804,429,647.41",804429647.41
2004-03-01,banxico,m1,"796,861,660.49",796861660.49
2004-04-01,banxico,m1,"799,774,807.43",799774807.43
2004-05-01,banxico,m1,"816,684,885.43",816684885.43
2004-06-01,banxico,m1,"849,498,926.40",849498926.4
2004-07-01,banxico,m1,"830,657,826.80",830657826.8
2004-08-01,banxico,m1,"824,501,677.80",824501677.8
2004-09-01,banxico,m1,"832,481,290.24",832481290.24
2004-10-01,banxico,m1,"844,900,914.89",844900914.89
2004-11-01,banxico,m1,"865,986,082.27",865986082.27
2004-12-01,banxico,m1,"946,312,797.12",946312797.12
2005-01-01,banxico,m1,"908,035,091.58",908035091.58
2005-02-01,banxico,m1,"903,986,453.66",903986453.66
2005-03-01,banxico,m1,"890,367,065.10",890367065.1
2005-04-01,banxico,m1,"890,894,217.50",890894217.5
2005-05-01,banxico,m1,"892,003,008.77",892003008.77
2005-06-01,banxico,m1,"929,955,320.62",929955320.62
2005-07-01,banxico,m1,"924,866,787.16",924866787.16
2005-08-01,banxico,m1,"916,392,444.46",916392444.46
2005-09-01,banxico,m1,"924,600,729.52",924600729.52
2005-10-01,banxico,m1,"934,761,855.49",934761855.49
2005-11-01,banxico,m1,"962,288,428.07",962288428.07
2005-12-01,banxico,m1,"1,068,139,311.81",1068139311.81
2006-01-01,banxico,m1,"1,019,917,763.22",1019917763.22
2006-02-01,banxico,m1,"1,012,587,330.29",1012587330.29
2006-03-01,banxico,m1,"1,032,942,319.58",1032942319.58
2006-04-01,banxico,m1,"1,042,284,481.29",1042284481.29
2006-05-01,banxico,m1,"1,047,836,110.72",1047836110.72
2006-06-01,banxico,m1,"1,096,855,213.04",1096855213.04
2006-07-01,banxico,m1,"1,091,461,936.00",1091461936.0
2006-08-01,banxico,m1,"1,060,740,929.90",1060740929.9
2006-09-01,banxico,m1,"1,074,176,150.72",1074176150.72
2006-10-01,banxico,m1,"1,067,786,693.33",1067786693.33
2006-11-01,banxico,m1,"1,117,490,223.87",1117490223.87
2006-12-01,banxico,m1,"1,218,196,212.24",1218196212.24
2007-01-01,banxico,m1,"1,145,328,847.80",1145328847.8
2007-02-01,banxico,m1,"1,130,788,211.26",1130788211.26
2007-03-01,banxico,m1,"1,144,618,543.28",1144618543.28
2007-04-01,banxico,m1,"1,126,302,579.39",1126302579.39
2007-05-01,banxico,m1,"1,132,230,566.37",1132230566.37
2007-06-01,banxico,m1,"1,173,513,683.56",1173513683.56
2007-07-01,banxico,m1,"1,162,624,880.72",1162624880.72
2007-08-01,banxico,m1,"1,172,696,609.40",1172696609.4
2007-09-01,banxico,m1,"1,198,792,697.74",1198792697.74
2007-10-01,banxico,m1,"1,178,607,329.02",1178607329.02
2007-11-01,banxico,m1,"1,212,874,657.80",1212874657.8
2007-12-01,banxico,m1,"1,349,790,076.05",1349790076.05
2008-01-01,banxico,m1,"1,267,859,659.32",1267859659.32
2008-02-01,banxico,m1,"1,253,250,278.98",1253250278.98
2008-03-01,banxico,m1,"1,231,223,441.47",1231223441.47
2008-04-01,banxico,m1,"1,231,574,620.23",1231574620.23
2008-05-01,banxico,m1,"1,235,484,204.87",1235484204.87
2008-06-01,banxico,m1,"1,242,487,026.91",1242487026.91
2008-07-01,banxico,m1,"1,232,771,264.47",1232771264.47
2008-08-01,banxico,m1,"1,235,888,354.38",1235888354.38
2008-09-01,banxico,m1,"1,240,044,574.03",1240044574.03
2008-10-01,banxico,m1,"1,280,698,618.45",1280698618.45
2008-11-01,banxico,m1,"1,336,988,461.98",1336988461.98
2008-12-01,banxico,m1,"1,482,728,231.73",1482728231.73
2009-01-01,banxico,m1,"1,416,248,741.61",1416248741.61
2009-02-01,banxico,m1,"1,420,748,804.13",1420748804.13
2009-03-01,banxico,m1,"1,403,282,962.59",1403282962.59
2009-04-01,banxico,m1,"1,394,809,715.59",1394809715.59
2009-05-01,banxico,m1,"1,405,502,623.64",1405502623.64
2009-06-01,banxico,m1,"1,412,155,201.19",1412155201.19
2009-07-01,banxico,m1,"1,416,052,316.15",1416052316.15
2009-08-01,banxico,m1,"1,406,616,186.43",1406616186.43
2009-09-01,banxico,m1,"1,408,923,740.30",1408923740.3
2009-10-01,banxico,m1,"1,456,830,289.17",1456830289.17
2009-11-01,banxico,m1,"1,481,480,152.23",1481480152.23
2009-12-01,banxico,m1,"1,613,450,000.14",1613450000.14
2010-01-01,banxico,m1,"1,547,730,010.14",1547730010.14
2010-02-01,banxico,m1,"1,517,869,613.50",1517869613.5
2010-03-01,banxico,m1,"1,524,673,468.98",1524673468.98
2010-04-01,banxico,m1,"1,503,990,111.83",1503990111.83
2010-05-01,banxico,m1,"1,526,831,442.17",1526831442.17
2010-06-01,banxico,m1,"1,557,126,004.70",1557126004.7
2010-07-01,banxico,m1,"1,562,707,323.63",1562707323.63
2010-08-01,banxico,m1,"1,561,715,860.71",1561715860.71
2010-09-01,banxico,m1,"1,575,903,553.54",1575903553.54
2010-10-01,banxico,m1,"1,581,896,026.80",1581896026.8
2010-11-01,banxico,m1,"1,627,355,714.16",1627355714.16
2010-12-01,banxico,m1,"1,831,591,444.50",1831591444.5
2011-01-01,banxico,m1,"1,728,772,137.61",1728772137.61
2011-02-01,banxico,m1,"1,723,622,268.89",1723622268.89
2011-03-01,banxico,m1,"1,734,597,226.24",1734597226.24
2011-04-01,banxico,m1,"1,742,346,199.77",1742346199.77
2011-05-01,banxico,m1,"1,725,414,014.59",1725414014.59
2011-06-01,banxico,m1,"1,786,661,865.37",1786661865.37
2011-07-01,banxico,m1,"1,773,596,721.24",1773596721.24
2011-08-01,banxico,m1,"1,770,802,580.29",1770802580.29
2011-09-01,banxico,m1,"1,878,140,343.69",1878140343.69
2011-10-01,banxico,m1,"1,860,381,606.26",1860381606.26
2011-11-01,banxico,m1,"1,896,333,581.99",1896333581.99
2011-12-01,banxico,m1,"2,081,526,297.80",2081526297.8
2012-01-01,banxico,m1,"1,977,024,819.00",1977024819.0
2012-02-01,banxico,m1,"1,938,067,672.56",1938067672.56
2012-03-01,banxico,m1,"2,025,670,843.14",2025670843.14
2012-04-01,banxico,m1,"1,993,418,064.76",1993418064.76
2012-05-01,banxico,m1,"2,024,555,007.15",2024555007.15
2012-06-01,banxico,m1,"2,103,633,907.43",2103633907.43
2012-07-01,banxico,m1,"2,045,683,289.55",2045683289.55
2012-08-01,banxico,m1,"2,065,560,499.31",2065560499.31
2012-09-01,banxico,m1,"2,076,104,427.92",2076104427.92
2012-10-01,banxico,m1,"2,051,920,923.50",2051920923.5
2012-11-01,banxico,m1,"2,134,858,979.56",2134858979.56
2012-12-01,banxico,m1,"2,278,174,708.13",2278174708.13
2013-01-01,banxico,m1,"2,173,269,542.75",2173269542.75
2013-02-01,banxico,m1,"2,154,134,554.51",2154134554.51
2013-03-01,banxico,m1,"2,174,771,786.60",2174771786.6
2013-04-01,banxico,m1,"2,142,217,470.92",2142217470.92
2013-05-01,banxico,m1,"2,171,176,313.68",2171176313.68
2013-06-01,banxico,m1,"2,211,663,708.91",2211663708.91
2013-07-01,banxico,m1,"2,207,369,360.90",2207369360.9
2013-08-01,banxico,m1,"2,239,638,324.10",2239638324.1
2013-09-01,banxico,m1,"2,245,970,277.90",2245970277.9
2013-10-01,banxico,m1,"2,214,060,389.41",2214060389.41
2013-11-01,banxico,m1,"2,344,972,158.49",2344972158.49
2013-12-01,banxico,m1,"2,511,368,572.07",2511368572.07
2014-01-01,banxico,m1,"2,453,893,754.64",2453893754.64
2014-02-01,banxico,m1,"2,438,087,944.29",2438087944.29
2014-03-01,banxico,m1,"2,445,032,397.04",2445032397.04
2014-04-01,banxico,m1,"2,460,979,495.10",2460979495.1
2014-05-01,banxico,m1,"2,489,140,490.94",2489140490.94
2014-06-01,banxico,m1,"2,504,596,297.98",2504596297.98
2014-07-01,banxico,m1,"2,531,496,077.44",2531496077.44
2014-08-01,banxico,m1,"2,545,089,854.45",2545089854.45
2014-09-01,banxico,m1,"2,556,416,712.16",2556416712.16
2014-10-01,banxico,m1,"2,618,525,167.36",2618525167.36
2014-11-01,banxico,m1,"2,711,723,106.42",2711723106.42
2014-12-01,banxico,m1,"2,876,506,247.00",2876506247.0
2015-01-01,banxico,m1,"2,887,393,058.55",2887393058.55
2015-02-01,banxico,m1,"2,869,132,683.37",2869132683.37
2015-03-01,banxico,m1,"2,884,130,823.56",2884130823.56
2015-04-01,banxico,m1,"2,922,876,605.26",2922876605.26
2015-05-01,banxico,m1,"2,941,241,424.77",2941241424.77
2015-06-01,banxico,m1,"2,967,522,802.34",2967522802.34
2015-07-01,banxico,m1,"3,023,155,177.70",3023155177.7
2015-08-01,banxico,m1,"3,052,866,100.95",3052866100.95
2015-09-01,banxico,m1,"3,056,561,053.01",3056561053.01
2015-10-01,banxico,m1,"3,103,509,534.74",3103509534.74
2015-11-01,banxico,m1,"3,129,911,043.12",3129911043.12
2015-12-01,banxico,m1,"3,348,743,499.90",3348743499.9
2016-01-01,banxico,m1,"3,296,228,415.42",3296228415.42
2016-02-01,banxico,m1,"3,272,357,665.54",3272357665.54
2016-03-01,banxico,m1,"3,301,177,620.57",3301177620.57
2016-04-01,banxico,m1,"3,318,515,720.83",3318515720.83
2016-05-01,banxico,m1,"3,381,895,447.01",3381895447.01
2016-06-01,banxico,m1,"3,440,349,801.30",3440349801.3
2016-07-01,banxico,m1,"3,456,182,318.39",3456182318.39
2016-08-01,banxico,m1,"3,469,969,233.88",3469969233.88
2016-09-01,banxico,m1,"3,488,334,774.98",3488334774.98
2016-10-01,banxico,m1,"3,513,857,741.25",3513857741.25
2016-11-01,banxico,m1,"3,650,474,084.96",3650474084.96
2016-12-01,banxico,m1,"3,868,310,952.38",3868310952.38
2017-01-01,banxico,m1,"3,811,392,752.35",3811392752.35
2017-02-01,banxico,m1,"3,798,023,997.55",3798023997.55
2017-03-01,banxico,m1,"3,783,838,369.42",3783838369.42
2017-04-01,banxico,m1,"3,812,359,642.50",3812359642.5
2017-05-01,banxico,m1,"3,739,860,927.68",3739860927.68
2017-06-01,banxico,m1,"3,805,689,580.40",3805689580.4
2017-07-01,banxico,m1,"3,822,383,203.04",3822383203.04
2017-08-01,banxico,m1,"3,777,435,858.40",3777435858.4
2017-09-01,banxico,m1,"3,859,419,791.22",3859419791.22
2017-10-01,banxico,m1,"3,920,568,309.01",3920568309.01
2017-11-01,banxico,m1,"3,994,732,947.19",3994732947.19
2017-12-01,banxico,m1,"4,264,017,581.97",4264017581.97
2018-01-01,banxico,m1,"4,075,871,703.85",4075871703.85
2018-02-01,banxico,m1,"4,075,774,260.99",4075774260.99
2018-03-01,banxico,m1,"4,138,523,788.28",4138523788.28
2018-04-01,banxico,m1,"4,142,745,967.14",4142745967.14
2018-05-01,banxico,m1,"4,154,520,320.45",4154520320.45
2018-06-01,banxico,m1,"4,286,011,488.37",4286011488.37
2018-07-01,banxico,m1,"4,173,476,691.65",4173476691.65
2018-08-01,banxico,m1,"4,197,524,436.42",4197524436.42
2018-09-01,banxico,m1,"4,159,127,404.13",4159127404.13
2018-10-01,banxico,m1,"4,204,528,593.23",4204528593.23
2018-11-01,banxico,m1,"4,350,488,324.33",4350488324.33
2018-12-01,banxico,m1,"4,492,216,319.62",4492216319.62
2019-01-01,banxico,m1,"4,323,954,421.05",4323954421.05
2019-02-01,banxico,m1,"4,306,875,852.80",4306875852.8
2019-03-01,banxico,m1,"4,315,849,487.16",4315849487.16
2019-04-01,banxico,m1,"4,290,374,415.06",4290374415.06
2019-05-01,banxico,m1,"4,338,162,025.54",4338162025.54
2019-06-01,banxico,m1,"4,351,788,055.20",4351788055.2
2019-07-01,banxico,m1,"4,311,122,441.76",4311122441.76
2019-08-01,banxico,m1,"4,390,415,277.68",4390415277.68
2019-09-01,banxico,m1,"4,331,168,999.26",4331168999.26
2019-10-01,banxico,m1,"4,337,305,969.90",4337305969.9
2019-11-01,banxico,m1,"4,511,911,114.12",4511911114.12
2019-12-01,banxico,m1,"4,702,035,012.05",4702035012.05
2020-01-01,banxico,m1,"4,556,118,434.10",4556118434.1
2020-02-01,banxico,m1,"4,600,700,186.36",4600700186.36
2020-03-01,banxico,m1,"4,874,195,864.95",4874195864.95
2020-04-01,banxico,m1,"5,109,698,027.58",5109698027.58
2020-05-01,banxico,m1,"5,157,284,139.82",5157284139.82
2020-06-01,banxico,m1,"5,173,582,445.51",5173582445.51
2020-07-01,banxico,m1,"5,246,041,226.24",5246041226.24
2020-08-01,banxico,m1,"5,244,100,368.54",5244100368.54
2020-09-01,banxico,m1,"5,223,455,851.02",5223455851.02
2020-10-01,banxico,m1,"5,329,239,333.98",5329239333.98
2020-11-01,banxico,m1,"5,384,565,666.96",5384565666.96
2020-12-01,banxico,m1,"5,645,704,961.07",5645704961.07
2021-01-01,banxico,m1,"5,589,227,605.04",5589227605.04
2021-02-01,banxico,m1,"5,581,783,983.40",5581783983.4
2021-03-01,banxico,m1,"5,692,423,852.13",5692423852.13
2021-04-01,banxico,m1,"5,698,798,441.53",5698798441.53
2021-05-01,banxico,m1,"5,717,440,525.32",5717440525.32
2021-06-01,banxico,m1,"5,758,688,675.28",5758688675.28
2021-07-01,banxico,m1,"5,868,894,949.56",5868894949.56
2021-08-01,banxico,m1,"5,854,176,324.51",5854176324.51
2021-09-01,banxico,m1,"5,880,840,328.40",5880840328.4
2021-10-01,banxico,m1,"5,936,065,869.65",5936065869.65
2021-11-01,banxico,m1,"6,105,346,298.06",6105346298.06
2021-12-01,banxico,m1,"6,377,133,888.75",6377133888.75
2022-01-01,banxico,m1,"6,297,482,085.39",6297482085.39
2022-02-01,banxico,m1,"6,368,246,316.43",6368246316.43
2022-03-01,banxico,m1,"6,352,134,445.50",6352134445.5
2022-04-01,banxico,m1,"6,428,968,873.15",6428968873.15
2022-05-01,banxico,m1,"6,419,320,095.64",6419320095.64
2022-06-01,banxico,m1,"6,459,704,343.15",6459704343.15
2022-07-01,banxico,m1,"6,511,144,564.68",6511144564.68
2022-08-01,banxico,m1,"6,447,116,014.31",6447116014.31
2022-09-01,banxico,m1,"6,436,513,271.79",6436513271.79
2022-10-01,banxico,m1,"6,488,318,838.89",6488318838.89
2022-11-01,banxico,m1,"6,602,502,771.21",6602502771.21
2022-12-01,banxico,m1,"6,926,065,214.59",6926065214.59
2023-01-01,banxico,m1,"6,670,315,372.97",6670315372.97
2023-02-01,banxico,m1,"6,639,864,718.36",6639864718.36
2023-03-01,banxico,m1,"6,650,740,110.32",6650740110.32
2023-04-01,banxico,m1,"6,674,672,356.47",6674672356.47
2023-05-01,banxico,m1,"6,679,350,987.58",6679350987.58
2023-06-01,banxico,m1,"6,741,457,180.83",6741457180.83
2023-07-01,banxico,m1,"6,810,745,353.50",6810745353.5
2023-08-01,banxico,m1,"6,811,960,060.91",6811960060.91
2023-09-01,banxico,m1,"6,850,744,488.66",6850744488.66
2023-10-01,banxico,m1,"6,953,980,120.62",6953980120.62
2023-11-01,banxico,m1,"7,109,144,829.09",7109144829.09
2023-12-01,banxico,m1,"7,442,319,163.22",7442319163.22
2024-01-01,banxico,m1,"7,281,862,183.76",7281862183.76
2024-02-01,banxico,m1,"7,422,935,452.25",7422935452.25
2024-03-01,banxico,m1,"7,445,688,555.91",7445688555.91
2024-04-01,banxico,m1,"7,344,490,797.92",7344490797.92
2024-05-01,banxico,m1,"7,417,060,185.55",7417060185.55
2024-06-01,banxico,m1,"7,509,316,809.57",7509316809.57
2024-07-01,banxico,m1,"7,517,595,351.23",7517595351.23
2024-08-01,banxico,m1,"7,601,890,449.81",7601890449.81
2024-09-01,banxico,m1,"7,620,776,900.29",7620776900.29
2024-10-01,banxico,m1,"7,667,574,679.44",7667574679.44
2024-11-01,banxico,m1,"7,962,476,750.36",7962476750.36
2024-12-01,banxico,m1,"8,304,519,124.43",8304519124.43
2025-01-01,banxico,m1,"8,076,727,183.44",8076727183.44
2025-02-01,banxico,m1,"8,044,725,659.29",8044725659.29
2025-03-01,banxico,m1,"7,984,228,844.59",7984228844.59
2025-04-01,banxico,m1,"8,014,131,476.14",8014131476.14
2025-05-01,banxico,m1,"8,088,803,844.72",8088803844.72
2025-06-01,banxico,m1,"8,123,506,106.23",8123506106.23
2025-07-01,banxico,m1,"8,153,317,733.33",8153317733.33
2025-08-01,banxico,m1,"8,190,566,113.46",8190566113.46
2025-09-01,banxico,m1,"8,170,523,244.10",8170523244.1
2025-10-01,banxico,m1,"8,184,840,039.80",8184840039.8
2025-11-01,banxico,m1,"8,456,121,067.29",8456121067.29
2025-12-01,banxico,m1,"8,827,047,837.39",8827047837.39
2026-01-01,banxico,m1,"8,590,934,162.54",8590934162.54
2026-02-01,banxico,m1,"8,575,377,732.28",8575377732.28
2026-03-01,banxico,m1,"8,616,126,221.72",8616126221.72
2026-04-01,banxico,m1,"8,665,276,785.32",8665276785.32
2026-05-01,banxico,m1,"8,773,555,541.73",8773555541.73
2026-06-01,banxico,m1,"8,698,401,444.40",8698401444.4
2026-07-01,banxico,m1,"8,756,031,945.40",8756031945.4
2000-12-01,banxico,m2,"1,817,196,846.58",1817196846.58
2001-01-01,banxico,m2,"1,776,421,087.96",1776421087.96
2001-02-01,banxico,m2,"1,793,737,880.51",1793737880.51
2001-03-01,banxico,m2,"1,813,184,631.24",1813184631.24
2001-04-01,banxico,m2,"1,831,650,212.46",1831650212.46
2001-05-01,banxico,m2,"1,844,982,117.63",1844982117.63
2001-06-01,banxico,m2,"1,874,069,918.57",1874069918.57
2001-07-01,banxico,m2,"1,902,154,339.32",1902154339.32
2001-08-01,banxico,m2,"1,941,486,164.69",1941486164.69
2001-09-01,banxico,m2,"1,963,392,599.68",1963392599.68
2001-10-01,banxico,m2,"2,005,006,311.37",2005006311.37
2001-11-01,banxico,m2,"2,027,455,184.96",2027455184.96
2001-12-01,banxico,m2,"2,051,445,324.10",2051445324.1
2002-01-01,banxico,m2,"2,025,027,905.16",2025027905.16
2002-02-01,banxico,m2,"2,015,289,239.23",2015289239.23
2002-03-01,banxico,m2,"2,040,686,720.23",2040686720.23
2002-04-01,banxico,m2,"2,018,450,024.57",2018450024.57
2002-05-01,banxico,m2,"2,058,004,444.24",2058004444.24
2002-06-01,banxico,m2,"2,067,318,859.31",2067318859.31
2002-07-01,banxico,m2,"2,076,970,784.83",2076970784.83
2002-08-01,banxico,m2,"2,063,013,368.37",2063013368.37
2002-09-01,banxico,m2,"2,047,672,466.99",2047672466.99
2002-10-01,banxico,m2,"2,055,627,846.76",2055627846.76
2002-11-01,banxico,m2,"2,151,458,055.32",2151458055.32
2002-12-01,banxico,m2,"2,176,465,317.03",2176465317.03
2003-01-01,banxico,m2,"2,199,341,967.83",2199341967.83
2003-02-01,banxico,m2,"2,193,188,056.86",2193188056.86
2003-03-01,banxico,m2,"2,165,133,599.84",2165133599.84
2003-04-01,banxico,m2,"2,160,440,656.94",2160440656.94
2003-05-01,banxico,m2,"2,186,149,137.36",2186149137.36
2003-06-01,banxico,m2,"2,148,802,351.35",2148802351.35
2003-07-01,banxico,m2,"2,191,210,124.64",2191210124.64
2003-08-01,banxico,m2,"2,178,263,151.05",2178263151.05
2003-09-01,banxico,m2,"2,195,512,336.98",2195512336.98
2003-10-01,banxico,m2,"2,196,196,189.49",2196196189.49
2003-11-01,banxico,m2,"2,187,834,955.96",2187834955.96
2003-12-01,banxico,m2,"2,331,594,974.69",2331594974.69
2004-01-01,banxico,m2,"2,339,289,328.74",2339289328.74
2004-02-01,banxico,m2,"2,285,732,239.36",2285732239.36
2004-03-01,banxico,m2,"2,312,217,167.10",2312217167.1
2004-04-01,banxico,m2,"2,306,755,672.89",2306755672.89
2004-05-01,banxico,m2,"2,291,715,362.93",2291715362.93
2004-06-01,banxico,m2,"2,336,357,856.30",2336357856.3
2004-07-01,banxico,m2,"2,300,126,954.37",2300126954.37
2004-08-01,banxico,m2,"2,300,666,021.32",2300666021.32
2004-09-01,banxico,m2,"2,340,295,311.71",2340295311.71
2004-10-01,banxico,m2,"2,379,130,413.89",2379130413.89
2004-11-01,banxico,m2,"2,432,524,755.20",2432524755.2
2004-12-01,banxico,m2,"2,493,275,017.56",2493275017.56
2005-01-01,banxico,m2,"2,467,608,911.81",2467608911.81
2005-02-01,banxico,m2,"2,446,272,628.51",2446272628.51
2005-03-01,banxico,m2,"2,468,978,149.82",2468978149.82
2005-04-01,banxico,m2,"2,476,323,493.30",2476323493.3
2005-05-01,banxico,m2,"2,461,296,990.33",2461296990.33
2005-06-01,banxico,m2,"2,510,152,999.12",2510152999.12
2005-07-01,banxico,m2,"2,530,217,232.75",2530217232.75
2005-08-01,banxico,m2,"2,548,081,745.29",2548081745.29
2005-09-01,banxico,m2,"2,583,841,432.61",2583841432.61
2005-10-01,banxico,m2,"2,646,976,727.23",2646976727.23
2005-11-01,banxico,m2,"2,686,753,941.24",2686753941.24
2005-12-01,banxico,m2,"2,847,571,535.94",2847571535.94
2006-01-01,banxico,m2,"2,844,250,762.10",2844250762.1
2006-02-01,banxico,m2,"2,877,334,284.26",2877334284.26
2006-03-01,banxico,m2,"2,980,422,003.71",2980422003.71
2006-04-01,banxico,m2,"3,048,483,722.49",3048483722.49
2006-05-01,banxico,m2,"3,033,323,264.42",3033323264.42
2006-06-01,banxico,m2,"3,072,939,062.92",3072939062.92
2006-07-01,banxico,m2,"3,008,830,705.47",3008830705.47
2006-08-01,banxico,m2,"2,985,924,210.35",2985924210.35
2006-09-01,banxico,m2,"2,996,147,269.42",2996147269.42
2006-10-01,banxico,m2,"3,001,393,661.65",3001393661.65
2006-11-01,banxico,m2,"3,029,332,576.91",3029332576.91
2006-12-01,banxico,m2,"3,203,214,574.58",3203214574.58
2007-01-01,banxico,m2,"3,157,546,038.74",3157546038.74
2007-02-01,banxico,m2,"3,182,388,231.79",3182388231.79
2007-03-01,banxico,m2,"3,208,342,307.05",3208342307.05
2007-04-01,banxico,m2,"3,168,402,699.42",3168402699.42
2007-05-01,banxico,m2,"3,202,547,654.74",3202547654.74
2007-06-01,banxico,m2,"3,257,091,853.83",3257091853.83
2007-07-01,banxico,m2,"3,244,411,351.69",3244411351.69
2007-08-01,banxico,m2,"3,321,093,758.58",3321093758.58
2007-09-01,banxico,m2,"3,330,380,292.82",3330380292.82
2007-10-01,banxico,m2,"3,364,182,525.15",3364182525.15
2007-11-01,banxico,m2,"3,425,921,997.93",3425921997.93
2007-12-01,banxico,m2,"3,559,334,855.97",3559334855.97
2008-01-01,banxico,m2,"3,559,901,990.45",3559901990.45
2008-02-01,banxico,m2,"3,553,857,620.12",3553857620.12
2008-03-01,banxico,m2,"3,541,257,666.35",3541257666.35
2008-04-01,banxico,m2,"3,568,563,980.33",3568563980.33
2008-05-01,banxico,m2,"3,645,158,792.41",3645158792.41
2008-06-01,banxico,m2,"3,649,332,257.16",3649332257.16
2008-07-01,banxico,m2,"3,665,262,001.41",3665262001.41
2008-08-01,banxico,m2,"3,625,451,381.96",3625451381.96
2008-09-01,banxico,m2,"3,652,276,006.05",3652276006.05
2008-10-01,banxico,m2,"3,773,233,845.26",3773233845.26
2008-11-01,banxico,m2,"3,805,039,176.54",3805039176.54
2008-12-01,banxico,m2,"3,972,390,752.19",3972390752.19
2009-01-01,banxico,m2,"3,983,477,995.86",3983477995.86
2009-02-01,banxico,m2,"3,987,232,481.21",3987232481.21
2009-03-01,banxico,m2,"3,974,376,380.16",3974376380.16
2009-04-01,banxico,m2,"3,969,889,246.03",3969889246.03
2009-05-01,banxico,m2,"3,929,565,412.89",3929565412.89
2009-06-01,banxico,m2,"3,970,812,164.59",3970812164.59
2009-07-01,banxico,m2,"3,991,646,290.60",3991646290.6
2009-08-01,banxico,m2,"3,894,463,302.74",3894463302.74
2009-09-01,banxico,m2,"3,913,068,198.43",3913068198.43
2009-10-01,banxico,m2,"3,968,328,795.10",3968328795.1
2009-11-01,banxico,m2,"3,982,432,847.35",3982432847.35
2009-12-01,banxico,m2,"4,130,781,440.26",4130781440.26
2010-01-01,banxico,m2,"4,081,855,490.04",4081855490.04
2010-02-01,banxico,m2,"4,094,608,048.47",4094608048.47
2010-03-01,banxico,m2,"4,032,744,721.84",4032744721.84
2010-04-01,banxico,m2,"4,019,684,814.78",4019684814.78
2010-05-01,banxico,m2,"4,093,547,244.14",4093547244.14
2010-06-01,banxico,m2,"4,132,719,561.04",4132719561.04
2010-07-01,banxico,m2,"4,152,034,064.13",4152034064.13
2010-08-01,banxico,m2,"4,231,955,534.09",4231955534.09
2010-09-01,banxico,m2,"4,193,951,327.16",4193951327.16
2010-10-01,banxico,m2,"4,294,427,496.00",4294427496.0
2010-11-01,banxico,m2,"4,297,482,580.87",4297482580.87
2010-12-01,banxico,m2,"4,442,009,701.88",4442009701.88
2011-01-01,banxico,m2,"4,431,859,293.31",4431859293.31
2011-02-01,banxico,m2,"4,441,379,303.50",4441379303.5
2011-03-01,banxico,m2,"4,444,644,901.49",4444644901.49
2011-04-01,banxico,m2,"4,476,820,113.73",4476820113.73
2011-05-01,banxico,m2,"4,470,236,062.30",4470236062.3
2011-06-01,banxico,m2,"4,527,262,924.48",4527262924.48
2011-07-01,banxico,m2,"4,565,834,754.97",4565834754.97
2011-08-01,banxico,m2,"4,608,944,108.85",4608944108.85
2011-09-01,banxico,m2,"4,631,368,842.80",4631368842.8
2011-10-01,banxico,m2,"4,722,292,965.65",4722292965.65
2011-11-01,banxico,m2,"4,786,314,213.94",4786314213.94
2011-12-01,banxico,m2,"4,960,125,962.80",4960125962.8
2012-01-01,banxico,m2,"4,963,954,576.84",4963954576.84
2012-02-01,banxico,m2,"4,967,753,450.37",4967753450.37
2012-03-01,banxico,m2,"5,063,813,573.69",5063813573.69
2012-04-01,banxico,m2,"5,027,747,964.92",5027747964.92
2012-05-01,banxico,m2,"5,055,211,378.94",5055211378.94
2012-06-01,banxico,m2,"5,100,292,843.34",5100292843.34
2012-07-01,banxico,m2,"5,104,114,982.75",5104114982.75
2012-08-01,banxico,m2,"5,123,551,112.11",5123551112.11
2012-09-01,banxico,m2,"5,091,448,044.76",5091448044.76
2012-10-01,banxico,m2,"5,187,025,103.55",5187025103.55
2012-11-01,banxico,m2,"5,190,395,258.18",5190395258.18
2012-12-01,banxico,m2,"5,306,754,530.68",5306754530.68
2013-01-01,banxico,m2,"5,293,968,556.15",5293968556.15
2013-02-01,banxico,m2,"5,297,301,365.86",5297301365.86
2013-03-01,banxico,m2,"5,319,918,051.60",5319918051.6
2013-04-01,banxico,m2,"5,285,413,685.63",5285413685.63
2013-05-01,banxico,m2,"5,326,721,542.31",5326721542.31
2013-06-01,banxico,m2,"5,469,573,182.35",5469573182.35
2013-07-01,banxico,m2,"5,520,228,165.17",5520228165.17
2013-08-01,banxico,m2,"5,554,395,123.70",5554395123.7
2013-09-01,banxico,m2,"5,534,930,381.22",5534930381.22
2013-10-01,banxico,m2,"5,600,967,123.89",5600967123.89
2013-11-01,banxico,m2,"5,698,579,402.52",5698579402.52
2013-12-01,banxico,m2,"5,872,306,248.22",5872306248.22
2014-01-01,banxico,m2,"5,881,668,900.33",5881668900.33
2014-02-01,banxico,m2,"5,859,314,859.71",5859314859.71
2014-03-01,banxico,m2,"5,852,057,425.38",5852057425.38
2014-04-01,banxico,m2,"5,967,748,670.91",5967748670.91
2014-05-01,banxico,m2,"5,990,793,818.11",5990793818.11
2014-06-01,banxico,m2,"6,060,946,402.78",6060946402.78
2014-07-01,banxico,m2,"6,111,404,448.56",6111404448.56
2014-08-01,banxico,m2,"6,123,665,718.47",6123665718.47
2014-09-01,banxico,m2,"6,114,631,327.77",6114631327.77
2014-10-01,banxico,m2,"6,163,058,348.86",6163058348.86
2014-11-01,banxico,m2,"6,208,067,094.41",6208067094.41
2014-12-01,banxico,m2,"6,356,234,193.58",6356234193.58
2015-01-01,banxico,m2,"6,497,554,673.57",6497554673.57
2015-02-01,banxico,m2,"6,483,423,543.22",6483423543.22
2015-03-01,banxico,m2,"6,418,897,094.02",6418897094.02
2015-04-01,banxico,m2,"6,476,126,231.09",6476126231.09
2015-05-01,banxico,m2,"6,536,224,878.12",6536224878.12
2015-06-01,banxico,m2,"6,537,726,406.15",6537726406.15
2015-07-01,banxico,m2,"6,548,994,514.44",6548994514.44
2015-08-01,banxico,m2,"6,551,246,163.17",6551246163.17
2015-09-01,banxico,m2,"6,558,231,867.93",6558231867.93
2015-10-01,banxico,m2,"6,614,957,229.47",6614957229.47
2015-11-01,banxico,m2,"6,515,031,607.00",6515031607.0
2015-12-01,banxico,m2,"6,761,044,534.70",6761044534.7
2016-01-01,banxico,m2,"6,804,560,202.11",6804560202.11
2016-02-01,banxico,m2,"6,771,465,678.32",6771465678.32
2016-03-01,banxico,m2,"6,816,853,592.75",6816853592.75
2016-04-01,banxico,m2,"6,879,613,016.02",6879613016.02
2016-05-01,banxico,m2,"6,987,906,902.06",6987906902.06
2016-06-01,banxico,m2,"7,119,001,193.24",7119001193.24
2016-07-01,banxico,m2,"7,168,971,857.18",7168971857.18
2016-08-01,banxico,m2,"7,116,798,712.91",7116798712.91
2016-09-01,banxico,m2,"7,231,920,684.28",7231920684.28
2016-10-01,banxico,m2,"7,269,977,359.85",7269977359.85
2016-11-01,banxico,m2,"7,381,047,628.01",7381047628.01
2016-12-01,banxico,m2,"7,662,999,027.08",7662999027.08
2017-01-01,banxico,m2,"7,603,905,361.09",7603905361.09
2017-02-01,banxico,m2,"7,587,829,340.54",7587829340.54
2017-03-01,banxico,m2,"7,540,815,124.36",7540815124.36
2017-04-01,banxico,m2,"7,555,699,222.79",7555699222.79
2017-05-01,banxico,m2,"7,559,946,604.30",7559946604.3
2017-06-01,banxico,m2,"7,676,700,268.54",7676700268.54
2017-07-01,banxico,m2,"7,739,899,619.69",7739899619.69
2017-08-01,banxico,m2,"7,698,045,371.72",7698045371.72
2017-09-01,banxico,m2,"7,846,367,662.41",7846367662.41
2017-10-01,banxico,m2,"7,935,068,634.34",7935068634.34
2017-11-01,banxico,m2,"8,061,705,113.86",8061705113.86
2017-12-01,banxico,m2,"8,394,065,090.48",8394065090.48
2018-01-01,banxico,m2,"8,236,764,222.43",8236764222.43
2018-02-01,banxico,m2,"8,262,795,220.30",8262795220.3
2018-03-01,banxico,m2,"8,306,747,097.20",8306747097.2
2018-04-01,banxico,m2,"8,399,109,746.04",8399109746.04
2018-05-01,banxico,m2,"8,467,697,884.13",8467697884.13
2018-06-01,banxico,m2,"8,567,406,925.37",8567406925.37
2018-07-01,banxico,m2,"8,434,727,583.59",8434727583.59
2018-08-01,banxico,m2,"8,506,482,676.28",8506482676.28
2018-09-01,banxico,m2,"8,508,985,694.16",8508985694.16
2018-10-01,banxico,m2,"8,549,110,646.41",8549110646.41
2018-11-01,banxico,m2,"8,701,307,648.23",8701307648.23
2018-12-01,banxico,m2,"8,815,667,166.35",8815667166.35
2019-01-01,banxico,m2,"8,702,653,500.00",8702653500.0
2019-02-01,banxico,m2,"8,744,413,483.06",8744413483.06
2019-03-01,banxico,m2,"8,826,482,785.66",8826482785.66
2019-04-01,banxico,m2,"8,776,012,097.96",8776012097.96
2019-05-01,banxico,m2,"8,902,391,031.72",8902391031.72
2019-06-01,banxico,m2,"8,934,026,063.30",8934026063.3
2019-07-01,banxico,m2,"8,923,500,139.27",8923500139.27
2019-08-01,banxico,m2,"9,087,065,056.15",9087065056.15
2019-09-01,banxico,m2,"9,045,053,443.32",9045053443.32
2019-10-01,banxico,m2,"8,987,117,432.09",8987117432.09
2019-11-01,banxico,m2,"9,124,889,411.18",9124889411.18
2019-12-01,banxico,m2,"9,326,244,069.73",9326244069.73
2020-01-01,banxico,m2,"9,249,820,181.36",9249820181.36
2020-02-01,banxico,m2,"9,390,817,005.66",9390817005.66
2020-03-01,banxico,m2,"9,750,200,290.22",9750200290.22
2020-04-01,banxico,m2,"10,110,403,045.33",10110403045.33
2020-05-01,banxico,m2,"10,091,136,508.44",10091136508.44
2020-06-01,banxico,m2,"10,111,819,915.06",10111819915.06
2020-07-01,banxico,m2,"10,181,464,958.89",10181464958.89
2020-08-01,banxico,m2,"10,168,640,163.36",10168640163.36
2020-09-01,banxico,m2,"10,123,059,226.98",10123059226.98
2020-10-01,banxico,m2,"10,121,155,002.45",10121155002.45
2020-11-01,banxico,m2,"10,138,130,754.00",10138130754.0
2020-12-01,banxico,m2,"10,375,726,388.31",10375726388.31
2021-01-01,banxico,m2,"10,434,950,529.83",10434950529.83
2021-02-01,banxico,m2,"10,406,909,431.85",10406909431.85
2021-03-01,banxico,m2,"10,516,385,860.05",10516385860.05
2021-04-01,banxico,m2,"10,517,260,239.60",10517260239.6
2021-05-01,banxico,m2,"10,535,614,830.13",10535614830.13
2021-06-01,banxico,m2,"10,609,004,518.94",10609004518.94
2021-07-01,banxico,m2,"10,687,510,701.45",10687510701.45
2021-08-01,banxico,m2,"10,743,638,440.57",10743638440.57
2021-09-01,banxico,m2,"10,767,354,068.27",10767354068.27
2021-10-01,banxico,m2,"10,880,791,941.99",10880791941.99
2021-11-01,banxico,m2,"11,142,674,014.99",11142674014.99
2021-12-01,banxico,m2,"11,409,793,358.32",11409793358.32
2022-01-01,banxico,m2,"11,226,064,092.12",11226064092.12
2022-02-01,banxico,m2,"11,367,809,830.21",11367809830.21
2022-03-01,banxico,m2,"11,373,346,107.64",11373346107.64
2022-04-01,banxico,m2,"11,505,044,674.99",11505044674.99
2022-05-01,banxico,m2,"11,547,441,760.01",11547441760.01
2022-06-01,banxico,m2,"11,641,724,836.25",11641724836.25
2022-07-01,banxico,m2,"11,798,166,561.24",11798166561.24
2022-08-01,banxico,m2,"11,788,024,400.27",11788024400.27
2022-09-01,banxico,m2,"11,886,203,984.48",11886203984.48
2022-10-01,banxico,m2,"12,011,680,592.18",12011680592.18
2022-11-01,banxico,m2,"12,171,309,335.25",12171309335.25
2022-12-01,banxico,m2,"12,515,612,424.98",12515612424.98
2023-01-01,banxico,m2,"12,354,753,948.20",12354753948.2
2023-02-01,banxico,m2,"12,344,729,453.13",12344729453.13
2023-03-01,banxico,m2,"12,427,587,659.99",12427587659.99
2023-04-01,banxico,m2,"12,492,380,715.30",12492380715.3
2023-05-01,banxico,m2,"12,552,103,030.69",12552103030.69
2023-06-01,banxico,m2,"12,748,965,990.76",12748965990.76
2023-07-01,banxico,m2,"12,831,420,851.97",12831420851.97
2023-08-01,banxico,m2,"12,878,461,469.08",12878461469.08
2023-09-01,banxico,m2,"12,986,798,581.68",12986798581.68
2023-10-01,banxico,m2,"13,170,781,057.50",13170781057.5
2023-11-01,banxico,m2,"13,407,036,973.97",13407036973.97
2023-12-01,banxico,m2,"13,656,138,124.11",13656138124.11
2024-01-01,banxico,m2,"13,666,992,284.62",13666992284.62
2024-02-01,banxico,m2,"13,884,032,685.30",13884032685.3
2024-03-01,banxico,m2,"13,929,171,629.65",13929171629.65
2024-04-01,banxico,m2,"13,968,494,514.17",13968494514.17
2024-05-01,banxico,m2,"14,127,074,876.56",14127074876.56
2024-06-01,banxico,m2,"14,292,507,103.54",14292507103.54
2024-07-01,banxico,m2,"14,404,271,328.37",14404271328.37
2024-08-01,banxico,m2,"14,542,159,653.62",14542159653.62
2024-09-01,banxico,m2,"14,631,779,107.32",14631779107.32
2024-10-01,banxico,m2,"14,796,447,103.80",14796447103.8
2024-11-01,banxico,m2,"15,105,897,474.07",15105897474.07
2024-12-01,banxico,m2,"15,570,861,076.71",15570861076.71
2025-01-01,banxico,m2,"15,328,579,246.75",15328579246.75
2025-02-01,banxico,m2,"15,423,705,344.00",15423705344.0
2025-03-01,banxico,m2,"15,504,509,495.34",15504509495.34
2025-04-01,banxico,m2,"15,553,767,886.34",15553767886.34
2025-05-01,banxico,m2,"15,775,373,869.62",15775373869.62
2025-06-01,banxico,m2,"15,739,675,153.94",15739675153.94
2025-07-01,banxico,m2,"15,837,340,999.34",15837340999.34
2025-08-01,banxico,m2,"15,864,951,333.33",15864951333.33
2025-09-01,banxico,m2,"15,996,289,268.39",15996289268.39
2025-10-01,banxico,m2,"16,071,349,866.65",16071349866.65
2025-11-01,banxico,m2,"16,230,716,080.30",16230716080.3
2025-12-01,banxico,m2,"16,633,570,478.06",16633570478.06
2026-01-01,banxico,m2,"16,385,639,640.77",16385639640.77
2026-02-01,banxico,m2,"16,378,861,142.50",16378861142.5
2026-03-01,banxico,m2,"16,507,527,007.60",16507527007.6
2026-04-01,banxico,m2,"16,589,499,658.44",16589499658.44
2026-05-01,banxico,m2,"16,840,114,899.34",16840114899.34
2026-06-01,banxico,m2,"16,838,523,686.40",16838523686.4
2026-07-01,banxico,m2,"16,988,915,062.14",16988915062.14
1980-03-01,inegi,quarterly_gdp,10401367.60700000100000000000,10401367.607
1980-06-01,inegi,quarterly_gdp,10342350.00000000000000000000,10342350.0
1980-09-01,inegi,quarterly_gdp,10392733.01200000000000000000,10392733.012
1980-12-01,inegi,quarterly_gdp,10927666.35300000000000000000,10927666.353
1981-03-01,inegi,quarterly_gdp,11345848.49100000000000000000,11345848.491
1981-06-01,inegi,quarterly_gdp,11564024.63199999900000000000,11564024.632
1981-09-01,inegi,quarterly_gdp,11427297.66699999900000000000,11427297.667
1981-12-01,inegi,quarterly_gdp,11759145.61700000100000000000,11759145.617
1982-03-01,inegi,quarterly_gdp,11739627.49599999900000000000,11739627.496
1982-06-01,inegi,quarterly_gdp,11650017.81600000000000000000,11650017.816
1982-09-01,inegi,quarterly_gdp,11397428.97000000100000000000,11397428.97
1982-12-01,inegi,quarterly_gdp,11286384.63800000000000000000,11286384.638
1983-03-01,inegi,quarterly_gdp,11163156.38700000000000000000,11163156.387
1983-06-01,inegi,quarterly_gdp,10952709.70300000000000000000,10952709.703
1983-09-01,inegi,quarterly_gdp,10762491.88800000000000000000,10762491.888
1983-12-01,inegi,quarterly_gdp,11064605.24700000000000000000,11064605.247
1984-03-01,inegi,quarterly_gdp,11521509.44400000000000000000,11521509.444
1984-06-01,inegi,quarterly_gdp,11274728.77999999900000000000,11274728.78
1984-09-01,inegi,quarterly_gdp,11260790.38700000000000000000,11260790.387
1984-12-01,inegi,quarterly_gdp,11429832.55000000100000000000,11429832.55
1985-03-01,inegi,quarterly_gdp,11748571.41100000000000000000,11748571.411
1985-06-01,inegi,quarterly_gdp,11628257.35700000100000000000,11628257.357
1985-09-01,inegi,quarterly_gdp,11367630.01200000000000000000,11367630.012
1985-12-01,inegi,quarterly_gdp,11615393.40000000000000000000,11615393.4
1986-03-01,inegi,quarterly_gdp,11278255.89000000100000000000,11278255.89
1986-06-01,inegi,quarterly_gdp,11503306.60200000000000000000,11503306.602
1986-09-01,inegi,quarterly_gdp,10747058.78600000000000000000,10747058.786
1986-12-01,inegi,quarterly_gdp,11009307.29900000100000000000,11009307.299
1987-03-01,inegi,quarterly_gdp,11137876.91300000100000000000,11137876.913
1987-06-01,inegi,quarterly_gdp,11543181.29700000000000000000,11543181.297
1987-09-01,inegi,quarterly_gdp,11129229.09200000000000000000,11129229.092
1987-12-01,inegi,quarterly_gdp,11646620.51200000000000000000,11646620.512
1988-03-01,inegi,quarterly_gdp,11501000.15000000000000000000,11501000.15
1988-06-01,inegi,quarterly_gdp,11678253.18600000100000000000,11678253.186
1988-09-01,inegi,quarterly_gdp,11103016.64700000000000000000,11103016.647
1988-12-01,inegi,quarterly_gdp,11728421.71600000000000000000,11728421.716
1989-03-01,inegi,quarterly_gdp,11764439.83400000100000000000,11764439.834
1989-06-01,inegi,quarterly_gdp,12178231.79600000000000000000,12178231.796
1989-09-01,inegi,quarterly_gdp,11685108.16000000000000000000,11685108.16
1989-12-01,inegi,quarterly_gdp,12051005.94999999900000000000,12051005.95
1990-03-01,inegi,quarterly_gdp,12307181.98200000100000000000,12307181.982
1990-06-01,inegi,quarterly_gdp,12654375.20400000000000000000,12654375.204
1990-09-01,inegi,quarterly_gdp,12289241.30800000000000000000,12289241.308
1990-12-01,inegi,quarterly_gdp,12931144.14100000100000000000,12931144.141
1991-03-01,inegi,quarterly_gdp,12713377.40599999900000000000,12713377.406
1991-06-01,inegi,quarterly_gdp,13349245.67000000000000000000,13349245.67
1991-09-01,inegi,quarterly_gdp,12678199.39700000000000000000,12678199.397
1991-12-01,inegi,quarterly_gdp,13436306.51500000100000000000,13436306.515
1992-03-01,inegi,quarterly_gdp,13317626.77000000000000000000,13317626.77
1992-06-01,inegi,quarterly_gdp,13636576.40000000000000000000,13636576.4
1992-09-01,inegi,quarterly_gdp,13291879.02999999900000000000,13291879.03
1992-12-01,inegi,quarterly_gdp,13793046.88000000100000000000,13793046.88
1993-03-01,inegi,quarterly_gdp,13759053.95600000000000000000,13759053.956
1993-06-01,inegi,quarterly_gdp,13889145.02200000000000000000,13889145.022
1993-09-01,inegi,quarterly_gdp,13862878.87200000000000000000,13862878.872
1993-12-01,inegi,quarterly_gdp,14077352.76700000100000000000,14077352.767
1994-03-01,inegi,quarterly_gdp,14100080.57399999700000000000,14100080.573999997
1994-06-01,inegi,quarterly_gdp,14655082.63700000000000000000,14655082.637
1994-09-01,inegi,quarterly_gdp,14488831.88900000000000000000,14488831.889
1994-12-01,inegi,quarterly_gdp,14787062.24699999800000000000,14787062.246999998
1995-03-01,inegi,quarterly_gdp,14043942.17400000100000000000,14043942.174
1995-06-01,inegi,quarterly_gdp,13287443.87000000100000000000,13287443.870000001
1995-09-01,inegi,quarterly_gdp,13412238.39000000100000000000,13412238.39
1995-12-01,inegi,quarterly_gdp,13857623.54999999900000000000,13857623.549999999
1996-03-01,inegi,quarterly_gdp,14237650.09600000100000000000,14237650.096
1996-06-01,inegi,quarterly_gdp,14340821.38600000200000000000,14340821.386000002
1996-09-01,inegi,quarterly_gdp,14412887.42100000000000000000,14412887.421
1996-12-01,inegi,quarterly_gdp,15005156.93400000200000000000,15005156.934000002
1997-03-01,inegi,quarterly_gdp,14809591.39800000000000000000,14809591.398
1997-06-01,inegi,quarterly_gdp,15584335.62300000200000000000,15584335.623000002
1997-09-01,inegi,quarterly_gdp,15624252.00100000200000000000,15624252.001000002
1997-12-01,inegi,quarterly_gdp,16153434.16100000200000000000,16153434.161000002
1998-03-01,inegi,quarterly_gdp,16337214.14300000100000000000,16337214.143000001
1998-06-01,inegi,quarterly_gdp,16539597.62600000000000000000,16539597.626
1998-09-01,inegi,quarterly_gdp,16552799.27499999900000000000,16552799.274999999
1998-12-01,inegi,quarterly_gdp,16587365.48799999800000000000,16587365.487999998
1999-03-01,inegi,quarterly_gdp,16704973.28199999800000000000,16704973.281999998
1999-06-01,inegi,quarterly_gdp,16929118.02400000000000000000,16929118.024
1999-09-01,inegi,quarterly_gdp,17050482.21099999900000000000,17050482.211
1999-12-01,inegi,quarterly_gdp,17151190.78300000000000000000,17151190.783
2000-03-01,inegi,quarterly_gdp,17649705.00499999900000000000,17649705.005
2000-06-01,inegi,quarterly_gdp,17862016.73900000000000000000,17862016.739
2000-09-01,inegi,quarterly_gdp,18020884.40400000300000000000,18020884.404000003
2000-12-01,inegi,quarterly_gdp,17714811.38700000200000000000,17714811.387000002
2001-03-01,inegi,quarterly_gdp,17764232.95300000200000000000,17764232.953
2001-06-01,inegi,quarterly_gdp,17874019.34000000000000000000,17874019.34
2001-09-01,inegi,quarterly_gdp,17761059.86500000200000000000,17761059.865000002
2001-12-01,inegi,quarterly_gdp,17526889.77799999700000000000,17526889.777999997
2002-03-01,inegi,quarterly_gdp,17079137.48499999900000000000,17079137.485
2002-06-01,inegi,quarterly_gdp,18016798.14999999900000000000,18016798.15
2002-09-01,inegi,quarterly_gdp,17828003.40500000100000000000,17828003.405
2002-12-01,inegi,quarterly_gdp,17834460.01000000200000000000,17834460.01
2003-03-01,inegi,quarterly_gdp,17609605.87799999900000000000,17609605.878
2003-06-01,inegi,quarterly_gdp,18082663.84999999800000000000,18082663.849999998
2003-09-01,inegi,quarterly_gdp,17859147.30200000100000000000,17859147.302
2003-12-01,inegi,quarterly_gdp,18045854.58900000200000000000,18045854.589
2004-03-01,inegi,quarterly_gdp,18185015.46400000200000000000,18185015.464
2004-06-01,inegi,quarterly_gdp,18770260.28399999800000000000,18770260.283999998
2004-09-01,inegi,quarterly_gdp,18461379.99399999500000000000,18461379.993999995
2004-12-01,inegi,quarterly_gdp,18733374.37300000000000000000,18733374.373
2005-03-01,inegi,quarterly_gdp,18271688.43899999900000000000,18271688.439
2005-06-01,inegi,quarterly_gdp,19218715.20400000000000000000,19218715.204
2005-09-01,inegi,quarterly_gdp,18883270.70899999900000000000,18883270.709
2005-12-01,inegi,quarterly_gdp,19343329.13600000000000000000,19343329.136
2006-03-01,inegi,quarterly_gdp,19362570.75600000100000000000,19362570.756
2006-06-01,inegi,quarterly_gdp,20116112.95100000100000000000,20116112.951
2006-09-01,inegi,quarterly_gdp,19836008.95699999900000000000,19836008.957
2006-12-01,inegi,quarterly_gdp,20040523.07599999800000000000,20040523.075999998
2007-03-01,inegi,quarterly_gdp,19745597.36500000200000000000,19745597.365000002
2007-06-01,inegi,quarterly_gdp,20509471.91799999800000000000,20509471.917999998
2007-09-01,inegi,quarterly_gdp,20266835.20300000200000000000,20266835.203
2007-12-01,inegi,quarterly_gdp,20482204.66499999500000000000,20482204.664999995
2008-03-01,inegi,quarterly_gdp,19902921.78999999900000000000,19902921.79
2008-06-01,inegi,quarterly_gdp,20998503.90999999600000000000,20998503.909999996
2008-09-01,inegi,quarterly_gdp,20495872.62699999700000000000,20495872.626999997
2008-12-01,inegi,quarterly_gdp,20370948.40399999900000000000,20370948.404
2009-03-01,inegi,quarterly_gdp,18537259.14800000200000000000,18537259.148000002
2009-06-01,inegi,quarterly_gdp,18827563.20699999900000000000,18827563.207
2009-09-01,inegi,quarterly_gdp,19292209.61800000100000000000,19292209.618
2009-12-01,inegi,quarterly_gdp,19963698.74300000100000000000,19963698.743
2010-03-01,inegi,quarterly_gdp,19371870.87099999900000000000,19371870.871
2010-06-01,inegi,quarterly_gdp,20180561.28200000500000000000,20180561.282000005
2010-09-01,inegi,quarterly_gdp,20200797.99200000200000000000,20200797.992000002
2010-12-01,inegi,quarterly_gdp,20676573.45200000000000000000,20676573.452
2011-03-01,inegi,quarterly_gdp,20091352.13300000100000000000,20091352.133
2011-06-01,inegi,quarterly_gdp,20682934.14200000100000000000,20682934.142
2011-09-01,inegi,quarterly_gdp,20950181.65300000100000000000,20950181.653
2011-12-01,inegi,quarterly_gdp,21475374.34399999700000000000,21475374.343999997
2012-03-01,inegi,quarterly_gdp,21083780.27400000000000000000,21083780.274
2012-06-01,inegi,quarterly_gdp,21522112.93899999900000000000,21522112.939
2012-09-01,inegi,quarterly_gdp,21479008.34499999900000000000,21479008.345
2012-12-01,inegi,quarterly_gdp,22071206.47000000300000000000,22071206.470000003
2013-03-01,inegi,quarterly_gdp,21025801.06100000100000000000,21025801.061
2013-06-01,inegi,quarterly_gdp,21893508.35200000200000000000,21893508.352
2013-09-01,inegi,quarterly_gdp,21702816.34899999900000000000,21702816.349
2013-12-01,inegi,quarterly_gdp,22268119.78900000100000000000,22268119.789
2014-03-01,inegi,quarterly_gdp,21547782.44100000000000000000,21547782.441
2014-06-01,inegi,quarterly_gdp,22320155.99100000000000000000,22320155.991
2014-09-01,inegi,quarterly_gdp,22258188.34200000000000000000,22258188.342
2014-12-01,inegi,quarterly_gdp,22939645.04500000200000000000,22939645.045
2015-03-01,inegi,quarterly_gdp,22169554.36399999600000000000,22169554.363999996
2015-06-01,inegi,quarterly_gdp,22843017.52200000000000000000,22843017.522
2015-09-01,inegi,quarterly_gdp,23011745.79999999700000000000,23011745.799999997
2015-12-01,inegi,quarterly_gdp,23448299.34200000000000000000,23448299.342
2016-03-01,inegi,quarterly_gdp,22537031.33499999700000000000,22537031.334999997
2016-06-01,inegi,quarterly_gdp,23359955.77000000000000000000,23359955.77
2016-09-01,inegi,quarterly_gdp,23214541.35799999900000000000,23214541.358
2016-12-01,inegi,quarterly_gdp,23982434.51399999900000000000,23982434.514
2017-03-01,inegi,quarterly_gdp,23306068.73900000000000000000,23306068.739
2017-06-01,inegi,quarterly_gdp,23710325.71100000300000000000,23710325.711000003
2017-09-01,inegi,quarterly_gdp,23491266.41299999900000000000,23491266.413
2017-12-01,inegi,quarterly_gdp,24328768.39000000800000000000,24328768.390000008
2018-03-01,inegi,quarterly_gdp,23568391.99899999800000000000,23568391.998999998
2018-06-01,inegi,quarterly_gdp,24395736.06300000100000000000,24395736.063
2018-09-01,inegi,quarterly_gdp,24137287.71000000100000000000,24137287.71
2018-12-01,inegi,quarterly_gdp,24605265.72900000200000000000,24605265.729000002
2019-03-01,inegi,quarterly_gdp,23790581.65200000300000000000,23790581.652000003
2019-06-01,inegi,quarterly_gdp,24154792.37799999900000000000,24154792.378
2019-09-01,inegi,quarterly_gdp,24024906.35000000100000000000,24024906.35
2019-12-01,inegi,quarterly_gdp,24356643.15500000500000000000,24356643.155000005
2020-03-01,inegi,quarterly_gdp,23449993.64299999900000000000,23449993.643
2020-06-01,inegi,quarterly_gdp,19252739.68499999900000000000,19252739.685
2020-09-01,inegi,quarterly_gdp,22072209.16699999900000000000,22072209.167
2020-12-01,inegi,quarterly_gdp,23504796.54699999800000000000,23504796.547
2021-03-01,inegi,quarterly_gdp,22841359.68499999900000000000,22841359.685
2021-06-01,inegi,quarterly_gdp,23623455.05600000500000000000,23623455.056000005
2021-09-01,inegi,quarterly_gdp,23204796.81699999800000000000,23204796.816999998
2021-12-01,inegi,quarterly_gdp,23949712.89800000200000000000,23949712.898000002
2022-03-01,inegi,quarterly_gdp,23440574.46599999800000000000,23440574.466
2022-06-01,inegi,quarterly_gdp,24310024.25199999700000000000,24310024.251999997
2022-09-01,inegi,quarterly_gdp,24289379.47899999800000000000,24289379.479
2022-12-01,inegi,quarterly_gdp,25052395.77899999500000000000,25052395.778999995
2023-03-01,inegi,quarterly_gdp,24330982.53599999800000000000,24330982.536
2023-06-01,inegi,quarterly_gdp,25108268.24999999600000000000,25108268.249999996
2023-09-01,inegi,quarterly_gdp,25094793.14099999900000000000,25094793.141
2023-12-01,inegi,quarterly_gdp,25590082.60700000100000000000,25590082.607
2024-03-01,inegi,quarterly_gdp,24761655.52400000000000000000,24761655.524
2024-06-01,inegi,quarterly_gdp,25655479.04699999800000000000,25655479.047
2024-09-01,inegi,quarterly_gdp,25475446.44499999700000000000,25475446.444999997
2024-12-01,inegi,quarterly_gdp,25693292.98300000300000000000,25693292.983000003
2025-03-01,inegi,quarterly_gdp,24913610.28099999900000000000,24913610.281
2025-06-01,inegi,quarterly_gdp,25618678.76699999300000000000,25618678.766999993
2025-09-01,inegi,quarterly_gdp,25422850.19100000300000000000,25422850.191000003
2025-12-01,inegi,quarterly_gdp,26135644.69600000200000000000,26135644.696000002
2026-03-01,inegi,quarterly_gdp,24963384.13699999800000000000,24963384.137
2026-06-01,inegi,quarterly_gdp,26144132.44200000200000000000,26144132.442
2008-01-21,banxico,target_rate,7.5000,7.5
2008-01-22,banxico,target_rate,7.5000,7.5
2008-01-23,banxico,target_rate,7.5000,7.5
2008-01-24,banxico,target_rate,7.5000,7.5
2008-01-25,banxico,target_rate,7.5000,7.5
2008-01-28,banxico,target_rate,7.5000,7.5
2008-01-29,banxico,target_rate,7.5000,7.5
2008-01-30,banxico,target_rate,7.5000,7.5
2008-01-31,banxico,target_rate,7.5000,7.5
2008-02-01,banxico,target_rate,7.5000,7.5
2008-02-05,banxico,target_rate,7.5000,7.5
2008-02-06,banxico,target_rate,7.5000,7.5
2008-02-07,banxico,target_rate,7.5000,7.5
2008-02-08,banxico,target_rate,7.5000,7.5
2008-02-11,banxico,target_rate,7.5000,7.5
2008-02-12,banxico,target_rate,7.5000,7.5
2008-02-13,banxico,target_rate,7.5000,7.5
2008-02-14,banxico,target_rate,7.5000,7.5
2008-02-15,banxico,target_rate,7.5000,7.5
2008-02-18,banxico,target_rate,7.5000,7.5
2008-02-19,banxico,target_rate,7.5000,7.5
2008-02-20,banxico,target_rate,7.5000,7.5
2008-02-21,banxico,target_rate,7.5000,7.5
2008-02-22,banxico,target_rate,7.5000,7.5
2008-02-25,banxico,target_rate,7.5000,7.5
2008-02-26,banxico,target_rate,7.5000,7.5
2008-02-27,banxico,target_rate,7.5000,7.5
2008-02-28,banxico,target_rate,7.5000,7.5
2008-02-29,banxico,target_rate,7.5000,7.5
2008-03-03,banxico,target_rate,7.5000,7.5
2008-03-04,banxico,target_rate,7.5000,7.5
2008-03-05,banxico,target_rate,7.5000,7.5
2008-03-06,banxico,target_rate,7.5000,7.5
2008-03-07,banxico,target_rate,7.5000,7.5
2008-03-10,banxico,target_rate,7.5000,7.5
2008-03-11,banxico,target_rate,7.5000,7.5
2008-03-12,banxico,target_rate,7.5000,7.5
2008-03-13,banxico,target_rate,7.5000,7.5
2008-03-14,banxico,target_rate,7.5000,7.5
2008-03-18,banxico,target_rate,7.5000,7.5
2008-03-19,banxico,target_rate,7.5000,7.5
2008-03-24,banxico,target_rate,7.5000,7.5
2008-03-25,banxico,target_rate,7.5000,7.5
2008-03-26,banxico,target_rate,7.5000,7.5
2008-03-27,banxico,target_rate,7.5000,7.5
2008-03-28,banxico,target_rate,7.5000,7.5
2008-03-31,banxico,target_rate,7.5000,7.5
2008-04-01,banxico,target_rate,7.5000,7.5
2008-04-02,banxico,target_rate,7.5000,7.5
2008-04-03,banxico,target_rate,7.5000,7.5
2008-04-04,banxico,target_rate,7.5000,7.5
2008-04-07,banxico,target_rate,7.5000,7.5
2008-04-08,banxico,target_rate,7.5000,7.5
2008-04-09,banxico,target_rate,7.5000,7.5
2008-04-10,banxico,target_rate,7.5000,7.5
2008-04-11,banxico,target_rate,7.5000,7.5
2008-04-14,banxico,target_rate,7.5000,7.5
2008-04-15,banxico,target_rate,7.5000,7.5
2008-04-16,banxico,target_rate,7.5000,7.5
2008-04-17,banxico,target_rate,7.5000,7.5
2008-04-18,banxico,target_rate,7.5000,7.5
2008-04-21,banxico,target_rate,7.5000,7.5
2008-04-22,banxico,target_rate,7.5000,7.5
2008-04-23,banxico,target_rate,7.5000,7.5
2008-04-24,banxico,target_rate,7.5000,7.5
2008-04-25,banxico,target_rate,7.5000,7.5
2008-04-28,banxico,target_rate,7.5000,7.5
2008-04-29,banxico,target_rate,7.5000,7.5
2008-04-30,banxico,target_rate,7.5000,7.5
2008-05-02,banxico,target_rate,7.5000,7.5
2008-05-05,banxico,target_rate,7.5000,7.5
2008-05-06,banxico,target_rate,7.5000,7.5
2008-05-07,banxico,target_rate,7.5000,7.5
2008-05-08,banxico,target_rate,7.5000,7.5
2008-05-09,banxico,target_rate,7.5000,7.5
2008-05-12,banxico,target_rate,7.5000,7.5
2008-05-13,banxico,target_rate,7.5000,7.5
2008-05-14,banxico,target_rate,7.5000,7.5
2008-05-15,banxico,target_rate,7.5000,7.5
2008-05-16,banxico,target_rate,7.5000,7.5
2008-05-19,banxico,target_rate,7.5000,7.5
2008-05-20,banxico,target_rate,7.5000,7.5
2008-05-21,banxico,target_rate,7.5000,7.5
2008-05-22,banxico,target_rate,7.5000,7.5
2008-05-23,banxico,target_rate,7.5000,7.5
2008-05-26,banxico,target_rate,7.5000,7.5
2008-05-27,banxico,target_rate,7.5000,7.5
2008-05-28,banxico,target_rate,7.5000,7.5
2008-05-29,banxico,target_rate,7.5000,7.5
2008-05-30,banxico,target_rate,7.5000,7.5
2008-06-02,banxico,target_rate,7.5000,7.5
2008-06-03,banxico,target_rate,7.5000,7.5
2008-06-04,banxico,target_rate,7.5000,7.5
2008-06-05,banxico,target_rate,7.5000,7.5
2008-06-06,banxico,target_rate,7.5000,7.5
2008-06-09,banxico,target_rate,7.5000,7.5
2008-06-10,banxico,target_rate,7.5000,7.5
2008-06-11,banxico,target_rate,7.5000,7.5
2008-06-12,banxico,target_rate,7.5000,7.5
2008-06-13,banxico,target_rate,7.5000,7.5
2008-06-16,banxico,target_rate,7.5000,7.5
2008-06-17,banxico,target_rate,7.5000,7.5
2008-06-18,banxico,target_rate,7.5000,7.5
2008-06-19,banxico,target_rate,7.5000,7.5
2008-06-20,banxico,target_rate,7.7500,7.75
2008-06-23,banxico,target_rate,7.7500,7.75
2008-06-24,banxico,target_rate,7.7500,7.75
2008-06-25,banxico,target_rate,7.7500,7.75
2008-06-26,banxico,target_rate,7.7500,7.75
2008-06-27,banxico,target_rate,7.7500,7.75
2008-06-30,banxico,target_rate,7.7500,7.75
2008-07-01,banxico,target_rate,7.7500,7.75
2008-07-02,banxico,target_rate,7.7500,7.75
2008-07-03,banxico,target_rate,7.7500,7.75
2008-07-04,banxico,target_rate,7.7500,7.75
2008-07-07,banxico,target_rate,7.7500,7.75
2008-07-08,banxico,target_rate,7.7500,7.75
2008-07-09,banxico,target_rate,7.7500,7.75
2008-07-10,banxico,target_rate,7.7500,7.75
2008-07-11,banxico,target_rate,7.7500,7.75
2008-07-14,banxico,target_rate,7.7500,7.75
2008-07-15,banxico,target_rate,7.7500,7.75
2008-07-16,banxico,target_rate,7.7500,7.75
2008-07-17,banxico,target_rate,7.7500,7.75
2008-07-18,banxico,target_rate,8.0000,8.0
2008-07-21,banxico,target_rate,8.0000,8.0
2008-07-22,banxico,target_rate,8.0000,8.0
2008-07-23,banxico,target_rate,8.0000,8.0
2008-07-24,banxico,target_rate,8.0000,8.0
2008-07-25,banxico,target_rate,8.0000,8.0
2008-07-28,banxico,target_rate,8.0000,8.0
2008-07-29,banxico,target_rate,8.0000,8.0
2008-07-30,banxico,target_rate,8.0000,8.0
2008-07-31,banxico,target_rate,8.0000,8.0
2008-08-01,banxico,target_rate,8.0000,8.0
2008-08-04,banxico,target_rate,8.0000,8.0
2008-08-05,banxico,target_rate,8.0000,8.0
2008-08-06,banxico,target_rate,8.0000,8.0
2008-08-07,banxico,target_rate,8.0000,8.0
2008-08-08,banxico,target_rate,8.0000,8.0
2008-08-11,banxico,target_rate,8.0000,8.0
2008-08-12,banxico,target_rate,8.0000,8.0
2008-08-13,banxico,target_rate,8.0000,8.0
2008-08-14,banxico,target_rate,8.0000,8.0
2008-08-15,banxico,target_rate,8.2500,8.25
2008-08-18,banxico,target_rate,8.2500,8.25
2008-08-19,banxico,target_rate,8.2500,8.25
2008-08-20,banxico,target_rate,8.2500,8.25
2008-08-21,banxico,target_rate,8.2500,8.25
2008-08-22,banxico,target_rate,8.2500,8.25
2008-08-25,banxico,target_rate,8.2500,8.25
2008-08-26,banxico,target_rate,8.2500,8.25
2008-08-27,banxico,target_rate,8.2500,8.25
2008-08-28,banxico,target_rate,8.2500,8.25
2008-08-29,banxico,target_rate,8.2500,8.25
2008-09-01,banxico,target_rate,8.2500,8.25
2008-09-02,banxico,target_rate,8.2500,8.25
2008-09-03,banxico,target_rate,8.2500,8.25
2008-09-04,banxico,target_rate,8.2500,8.25
2008-09-05,banxico,target_rate,8.2500,8.25
2008-09-08,banxico,target_rate,8.2500,8.25
2008-09-09,banxico,target_rate,8.2500,8.25
2008-09-10,banxico,target_rate,8.2500,8.25
2008-09-11,banxico,target_rate,8.2500,8.25
2008-09-12,banxico,target_rate,8.2500,8.25
2008-09-15,banxico,target_rate,8.2500,8.25
2008-09-17,banxico,target_rate,8.2500,8.25
2008-09-18,banxico,target_rate,8.2500,8.25
2008-09-19,banxico,target_rate,8.2500,8.25
2008-09-22,banxico,target_rate,8.2500,8.25
2008-09-23,banxico,target_rate,8.2500,8.25
2008-09-24,banxico,target_rate,8.2500,8.25
2008-09-25,banxico,target_rate,8.2500,8.25
2008-09-26,banxico,target_rate,8.2500,8.25
2008-09-29,banxico,target_rate,8.2500,8.25
2008-09-30,banxico,target_rate,8.2500,8.25
2008-10-01,banxico,target_rate,8.2500,8.25
2008-10-02,banxico,target_rate,8.2500,8.25
2008-10-03,banxico,target_rate,8.2500,8.25
2008-10-06,banxico,target_rate,8.2500,8.25
2008-10-07,banxico,target_rate,8.2500,8.25
2008-10-08,banxico,target_rate,8.2500,8.25
2008-10-09,banxico,target_rate,8.2500,8.25
2008-10-10,banxico,target_rate,8.2500,8.25
2008-10-12,banxico,target_rate,8.2500,8.25
2008-10-13,banxico,target_rate,8.2500,8.25
2008-10-14,banxico,target_rate,8.2500,8.25
2008-10-15,banxico,target_rate,8.2500,8.25
2008-10-16,banxico,target_rate,8.2500,8.25
2008-10-17,banxico,target_rate,8.2500,8.25
2008-10-18,banxico,target_rate,8.2500,8.25
2008-10-19,banxico,target_rate,8.2500,8.25
2008-10-20,banxico,target_rate,8.2500,8.25
2008-10-21,banxico,target_rate,8.2500,8.25
2008-10-22,banxico,target_rate,8.2500,8.25
2008-10-23,banxico,target_rate,8.2500,8.25
2008-10-24,banxico,target_rate,8.2500,8.25
2008-10-25,banxico,target_rate,8.2500,8.25
2008-10-26,banxico,target_rate,8.2500,8.25
2008-10-27,banxico,target_rate,8.2500,8.25
2008-10-28,banxico,target_rate,8.2500,8.25
2008-10-29,banxico,target_rate,8.2500,8.25
2008-10-30,banxico,target_rate,8.2500,8.25
2008-10-31,banxico,target_rate,8.2500,8.25
2008-11-01,banxico,target_rate,8.2500,8.25
2008-11-02,banxico,target_rate,8.2500,8.25
2008-11-03,banxico,target_rate,8.2500,8.25
2008-11-04,banxico,target_rate,8.2500,8.25
2008-11-05,banxico,target_rate,8.2500,8.25
2008-11-06,banxico,target_rate,8.2500,8.25
2008-11-07,banxico,target_rate,8.2500,8.25
2008-11-08,banxico,target_rate,8.2500,8.25
2008-11-09,banxico,target_rate,8.2500,8.25
2008-11-10,banxico,target_rate,8.2500,8.25
2008-11-11,banxico,target_rate,8.2500,8.25
2008-11-12,banxico,target_rate,8.2500,8.25
2008-11-13,banxico,target_rate,8.2500,8.25
2008-11-14,banxico,target_rate,8.2500,8.25
2008-11-15,banxico,target_rate,8.2500,8.25
2008-11-16,banxico,target_rate,8.2500,8.25
2008-11-17,banxico,target_rate,8.2500,8.25
2008-11-18,banxico,target_rate,8.2500,8.25
2008-11-19,banxico,target_rate,8.2500,8.25
2008-11-20,banxico,target_rate,8.2500,8.25
2008-11-21,banxico,target_rate,8.2500,8.25
2008-11-22,banxico,target_rate,8.2500,8.25
2008-11-23,banxico,target_rate,8.2500,8.25
2008-11-24,banxico,target_rate,8.2500,8.25
2008-11-25,banxico,target_rate,8.2500,8.25
2008-11-26,banxico,target_rate,8.2500,8.25
2008-11-27,banxico,target_rate,8.2500,8.25
2008-11-28,banxico,target_rate,8.2500,8.25
2008-11-29,banxico,target_rate,8.2500,8.25
2008-11-30,banxico,target_rate,8.2500,8.25
2008-12-01,banxico,target_rate,8.2500,8.25
2008-12-02,banxico,target_rate,8.2500,8.25
2008-12-03,banxico,target_rate,8.2500,8.25
2008-12-04,banxico,target_rate,8.2500,8.25
2008-12-05,banxico,target_rate,8.2500,8.25
2008-12-06,banxico,target_rate,8.2500,8.25
2008-12-07,banxico,target_rate,8.2500,8.25
2008-12-08,banxico,target_rate,8.2500,8.25
2008-12-09,banxico,target_rate,8.2500,8.25
2008-12-10,banxico,target_rate,8.2500,8.25
2008-12-11,banxico,target_rate,8.2500,8.25
2008-12-12,banxico,target_rate,8.2500,8.25
2008-12-13,banxico,target_rate,8.2500,8.25
2008-12-14,banxico,target_rate,8.2500,8.25
2008-12-15,banxico,target_rate,8.2500,8.25
2008-12-16,banxico,target_rate,8.2500,8.25
2008-12-17,banxico,target_rate,8.2500,8.25
2008-12-18,banxico,target_rate,8.2500,8.25
2008-12-19,banxico,target_rate,8.2500,8.25
2008-12-20,banxico,target_rate,8.2500,8.25
2008-12-21,banxico,target_rate,8.2500,8.25
2008-12-22,banxico,target_rate,8.2500,8.25
2008-12-23,banxico,target_rate,8.2500,8.25
2008-12-24,banxico,target_rate,8.2500,8.25
2008-12-25,banxico,target_rate,8.2500,8.25
2008-12-26,banxico,target_rate,8.2500,8.25
2008-12-27,banxico,target_rate,8.2500,8.25
2008-12-28,banxico,target_rate,8.2500,8.25
2008-12-29,banxico,target_rate,8.2500,8.25
2008-12-30,banxico,target_rate,8.2500,8.25
2008-12-31,banxico,target_rate,8.2500,8.25
2009-01-01,banxico,target_rate,8.2500,8.25
2009-01-02,banxico,target_rate,8.2500,8.25
2009-01-03,banxico,target_rate,8.2500,8.25
2009-01-04,banxico,target_rate,8.2500,8.25
2009-01-05,banxico,target_rate,8.2500,8.25
2009-01-06,banxico,target_rate,8.2500,8.25
2009-01-07,banxico,target_rate,8.2500,8.25
2009-01-08,banxico,target_rate,8.2500,8.25
2009-01-09,banxico,target_rate,8.2500,8.25
2009-01-10,banxico,target_rate,8.2500,8.25
2009-01-11,banxico,target_rate,8.2500,8.25
2009-01-12,banxico,target_rate,8.2500,8.25
2009-01-13,banxico,target_rate,8.2500,8.25
2009-01-14,banxico,target_rate,8.2500,8.25
2009-01-15,banxico,target_rate,8.2500,8.25
2009-01-16,banxico,target_rate,7.7500,7.75
2009-01-17,banxico,target_rate,7.7500,7.75
2009-01-18,banxico,target_rate,7.7500,7.75
2009-01-19,banxico,target_rate,7.7500,7.75
2009-01-20,banxico,target_rate,7.7500,7.75
2009-01-21,banxico,target_rate,7.7500,7.75
2009-01-22,banxico,target_rate,7.7500,7.75
2009-01-23,banxico,target_rate,7.7500,7.75
2009-01-24,banxico,target_rate,7.7500,7.75
2009-01-25,banxico,target_rate,7.7500,7.75
2009-01-26,banxico,target_rate,7.7500,7.75
2009-01-27,banxico,target_rate,7.7500,7.75
2009-01-28,banxico,target_rate,7.7500,7.75
2009-01-29,banxico,target_rate,7.7500,7.75
2009-01-30,banxico,target_rate,7.7500,7.75
2009-01-31,banxico,target_rate,7.7500,7.75
2009-02-01,banxico,target_rate,7.7500,7.75
2009-02-02,banxico,target_rate,7.7500,7.75
2009-02-03,banxico,target_rate,7.7500,7.75
2009-02-04,banxico,target_rate,7.7500,7.75
2009-02-05,banxico,target_rate,7.7500,7.75
2009-02-06,banxico,target_rate,7.7500,7.75
2009-02-07,banxico,target_rate,7.7500,7.75
2009-02-08,banxico,target_rate,7.7500,7.75
2009-02-09,banxico,target_rate,7.7500,7.75
2009-02-10,banxico,target_rate,7.7500,7.75
2009-02-11,banxico,target_rate,7.7500,7.75
2009-02-12,banxico,target_rate,7.7500,7.75
2009-02-13,banxico,target_rate,7.7500,7.75
2009-02-14,banxico,target_rate,7.7500,7.75
2009-02-15,banxico,target_rate,7.7500,7.75
2009-02-16,banxico,target_rate,7.7500,7.75
2009-02-17,banxico,target_rate,7.7500,7.75
2009-02-18,banxico,target_rate,7.7500,7.75
2009-02-19,banxico,target_rate,7.7500,7.75
2009-02-20,banxico,target_rate,7.5000,7.5
2009-02-21,banxico,target_rate,7.5000,7.5
2009-02-22,banxico,target_rate,7.5000,7.5
2009-02-23,banxico,target_rate,7.5000,7.5
2009-02-24,banxico,target_rate,7.5000,7.5
2009-02-25,banxico,target_rate,7.5000,7.5
2009-02-26,banxico,target_rate,7.5000,7.5
2009-02-27,banxico,target_rate,7.5000,7.5
2009-02-28,banxico,target_rate,7.5000,7.5
2009-03-01,banxico,target_rate,7.5000,7.5
2009-03-02,banxico,target_rate,7.5000,7.5
2009-03-03,banxico,target_rate,7.5000,7.5
2009-03-04,banxico,target_rate,7.5000,7.5
2009-03-05,banxico,target_rate,7.5000,7.5
2009-03-06,banxico,target_rate,7.5000,7.5
2009-03-07,banxico,target_rate,7.5000,7.5
2009-03-08,banxico,target_rate,7.5000,7.5
2009-03-09,banxico,target_rate,7.5000,7.5
2009-03-10,banxico,target_rate,7.5000,7.5
2009-03-11,banxico,target_rate,7.5000,7.5
2009-03-12,banxico,target_rate,7.5000,7.5
2009-03-13,banxico,target_rate,7.5000,7.5
2009-03-14,banxico,target_rate,7.5000,7.5
2009-03-15,banxico,target_rate,7.5000,7.5
2009-03-16,banxico,target_rate,7.5000,7.5
2009-03-17,banxico,target_rate,7.5000,7.5
2009-03-18,banxico,target_rate,7.5000,7.5
2009-03-19,banxico,target_rate,7.5000,7.5
2009-03-20,banxico,target_rate,6.7500,6.75
2009-03-21,banxico,target_rate,6.7500,6.75
2009-03-22,banxico,target_rate,6.7500,6.75
2009-03-23,banxico,target_rate,6.7500,6.75
2009-03-24,banxico,target_rate,6.7500,6.75
2009-03-25,banxico,target_rate,6.7500,6.75
2009-03-26,banxico,target_rate,6.7500,6.75
2009-03-27,banxico,target_rate,6.7500,6.75
2009-03-28,banxico,target_rate,6.7500,6.75
2009-03-29,banxico,target_rate,6.7500,6.75
2009-03-30,banxico,target_rate,6.7500,6.75
2009-03-31,banxico,target_rate,6.7500,6.75
2009-04-01,banxico,target_rate,6.7500,6.75
2009-04-02,banxico,target_rate,6.7500,6.75
2009-04-03,banxico,target_rate,6.7500,6.75
2009-04-04,banxico,target_rate,6.7500,6.75
2009-04-05,banxico,target_rate,6.7500,6.75
2009-04-06,banxico,target_rate,6.7500,6.75
2009-04-07,banxico,target_rate,6.7500,6.75
2009-04-08,banxico,target_rate,6.7500,6.75
2009-04-09,banxico,target_rate,6.7500,6.75
2009-04-10,banxico,target_rate,6.7500,6.75
2009-04-11,banxico,target_rate,6.7500,6.75
2009-04-12,banxico,target_rate,6.7500,6.75
2009-04-13,banxico,target_rate,6.7500,6.75
2009-04-14,banxico,target_rate,6.7500,6.75
2009-04-15,banxico,target_rate,6.7500,6.75
2009-04-16,banxico,target_rate,6.7500,6.75
2009-04-17,banxico,target_rate,6.0000,6.0
2009-04-18,banxico,target_rate,6.0000,6.0
2009-04-19,banxico,target_rate,6.0000,6.0
2009-04-20,banxico,target_rate,6.0000,6.0
2009-04-21,banxico,target_rate,6.0000,6.0
2009-04-22,banxico,target_rate,6.0000,6.0
2009-04-23,banxico,target_rate,6.0000,6.0
2009-04-24,banxico,target_rate,6.0000,6.0
2009-04-25,banxico,target_rate,6.0000,6.0
2009-04-26,banxico,target_rate,6.0000,6.0
2009-04-27,banxico,target_rate,6.0000,6.0
2009-04-28,banxico,target_rate,6.0000,6.0
2009-04-29,banxico,target_rate,6.0000,6.0
2009-04-30,banxico,target_rate,6.0000,6.0
2009-05-01,banxico,target_rate,6.0000,6.0
2009-05-02,banxico,target_rate,6.0000,6.0
2009-05-03,banxico,target_rate,6.0000,6.0
2009-05-04,banxico,target_rate,6.0000,6.0
2009-05-05,banxico,target_rate,6.0000,6.0
2009-05-06,banxico,target_rate,6.0000,6.0
2009-05-07,banxico,target_rate,6.0000,6.0
2009-05-08,banxico,target_rate,6.0000,6.0
2009-05-09,banxico,target_rate,6.0000,6.0
2009-05-10,banxico,target_rate,6.0000,6.0
2009-05-11,banxico,target_rate,6.0000,6.0
2009-05-12,banxico,target_rate,6.0000,6.0
2009-05-13,banxico,target_rate,6.0000,6.0
2009-05-14,banxico,target_rate,6.0000,6.0
2009-05-15,banxico,target_rate,5.2500,5.25
2009-05-16,banxico,target_rate,5.2500,5.25
2009-05-17,banxico,target_rate,5.2500,5.25
2009-05-18,banxico,target_rate,5.2500,5.25
2009-05-19,banxico,target_rate,5.2500,5.25
2009-05-20,banxico,target_rate,5.2500,5.25
2009-05-21,banxico,target_rate,5.2500,5.25
2009-05-22,banxico,target_rate,5.2500,5.25
2009-05-23,banxico,target_rate,5.2500,5.25
2009-05-24,banxico,target_rate,5.2500,5.25
2009-05-25,banxico,target_rate,5.2500,5.25
2009-05-26,banxico,target_rate,5.2500,5.25
2009-05-27,banxico,target_rate,5.2500,5.25
2009-05-28,banxico,target_rate,5.2500,5.25
2009-05-29,banxico,target_rate,5.2500,5.25
2009-05-30,banxico,target_rate,5.2500,5.25
2009-05-31,banxico,target_rate,5.2500,5.25
2009-06-01,banxico,target_rate,5.2500,5.25
2009-06-02,banxico,target_rate,5.2500,5.25
2009-06-03,banxico,target_rate,5.2500,5.25
2009-06-04,banxico,target_rate,5.2500,5.25
2009-06-05,banxico,target_rate,5.2500,5.25
2009-06-06,banxico,target_rate,5.2500,5.25
2009-06-07,banxico,target_rate,5.2500,5.25
2009-06-08,banxico,target_rate,5.2500,5.25
2009-06-09,banxico,target_rate,5.2500,5.25
2009-06-10,banxico,target_rate,5.2500,5.25
2009-06-11,banxico,target_rate,5.2500,5.25
2009-06-12,banxico,target_rate,5.2500,5.25
2009-06-13,banxico,target_rate,5.2500,5.25
2009-06-14,banxico,target_rate,5.2500,5.25
2009-06-15,banxico,target_rate,5.2500,5.25
2009-06-16,banxico,target_rate,5.2500,5.25
2009-06-17,banxico,target_rate,5.2500,5.25
2009-06-18,banxico,target_rate,5.2500,5.25
2009-06-19,banxico,target_rate,4.7500,4.75
2009-06-20,banxico,target_rate,4.7500,4.75
2009-06-21,banxico,target_rate,4.7500,4.75
2009-06-22,banxico,target_rate,4.7500,4.75
2009-06-23,banxico,target_rate,4.7500,4.75
2009-06-24,banxico,target_rate,4.7500,4.75
2009-06-25,banxico,target_rate,4.7500,4.75
2009-06-26,banxico,target_rate,4.7500,4.75
2009-06-27,banxico,target_rate,4.7500,4.75
2009-06-28,banxico,target_rate,4.7500,4.75
2009-06-29,banxico,target_rate,4.7500,4.75
2009-06-30,banxico,target_rate,4.7500,4.75
2009-07-01,banxico,target_rate,4.7500,4.75
2009-07-02,banxico,target_rate,4.7500,4.75
2009-07-03,banxico,target_rate,4.7500,4.75
2009-07-04,banxico,target_rate,4.7500,4.75
2009-07-05,banxico,target_rate,4.7500,4.75
2009-07-06,banxico,target_rate,4.7500,4.75
2009-07-07,banxico,target_rate,4.7500,4.75
2009-07-08,banxico,target_rate,4.7500,4.75
2009-07-09,banxico,target_rate,4.7500,4.75
2009-07-10,banxico,target_rate,4.7500,4.75
2009-07-11,banxico,target_rate,4.7500,4.75
2009-07-12,banxico,target_rate,4.7500,4.75
2009-07-13,banxico,target_rate,4.7500,4.75
2009-07-14,banxico,target_rate,4.7500,4.75
2009-07-15,banxico,target_rate,4.7500,4.75
2009-07-16,banxico,target_rate,4.7500,4.75
2009-07-17,banxico,target_rate,4.5000,4.5
2009-07-18,banxico,target_rate,4.5000,4.5
2009-07-19,banxico,target_rate,4.5000,4.5
2009-07-20,banxico,target_rate,4.5000,4.5
2009-07-21,banxico,target_rate,4.5000,4.5
2009-07-22,banxico,target_rate,4.5000,4.5
2009-07-23,banxico,target_rate,4.5000,4.5
2009-07-24,banxico,target_rate,4.5000,4.5
2009-07-25,banxico,target_rate,4.5000,4.5
2009-07-26,banxico,target_rate,4.5000,4.5
2009-07-27,banxico,target_rate,4.5000,4.5
2009-07-28,banxico,target_rate,4.5000,4.5
2009-07-29,banxico,target_rate,4.5000,4.5
2009-07-30,banxico,target_rate,4.5000,4.5
2009-07-31,banxico,target_rate,4.5000,4.5
2009-08-01,banxico,target_rate,4.5000,4.5
2009-08-02,banxico,target_rate,4.5000,4.5
2009-08-03,banxico,target_rate,4.5000,4.5
2009-08-04,banxico,target_rate,4.5000,4.5
2009-08-05,banxico,target_rate,4.5000,4.5
2009-08-06,banxico,target_rate,4.5000,4.5
2009-08-07,banxico,target_rate,4.5000,4.5
2009-08-08,banxico,target_rate,4.5000,4.5
2009-08-09,banxico,target_rate,4.5000,4.5
2009-08-10,banxico,target_rate,4.5000,4.5
2009-08-11,banxico,target_rate,4.5000,4.5
2009-08-12,banxico,target_rate,4.5000,4.5
2009-08-13,banxico,target_rate,4.5000,4.5
2009-08-14,banxico,target_rate,4.5000,4.5
2009-08-15,banxico,target_rate,4.5000,4.5
2009-08-16,banxico,target_rate,4.5000,4.5
2009-08-17,banxico,target_rate,4.5000,4.5
2009-08-18,banxico,target_rate,4.5000,4.5
2009-08-19,banxico,target_rate,4.5000,4.5
2009-08-20,banxico,target_rate,4.5000,4.5
2009-08-21,banxico,target_rate,4.5000,4.5
2009-08-22,banxico,target_rate,4.5000,4.5
2009-08-23,banxico,target_rate,4.5000,4.5
2009-08-24,banxico,target_rate,4.5000,4.5
2009-08-25,banxico,target_rate,4.5000,4.5
2009-08-26,banxico,target_rate,4.5000,4.5
2009-08-27,banxico,target_rate,4.5000,4.5
2009-08-28,banxico,target_rate,4.5000,4.5
2009-08-29,banxico,target_rate,4.5000,4.5
2009-08-30,banxico,target_rate,4.5000,4.5
2009-08-31,banxico,target_rate,4.5000,4.5
2009-09-01,banxico,target_rate,4.5000,4.5
2009-09-02,banxico,target_rate,4.5000,4.5
2009-09-03,banxico,target_rate,4.5000,4.5
2009-09-04,banxico,target_rate,4.5000,4.5
2009-09-05,banxico,target_rate,4.5000,4.5
2009-09-06,banxico,target_rate,4.5000,4.5
2009-09-07,banxico,target_rate,4.5000,4.5
2009-09-08,banxico,target_rate,4.5000,4.5
2009-09-09,banxico,target_rate,4.5000,4.5
2009-09-10,banxico,target_rate,4.5000,4.5
2009-09-11,banxico,target_rate,4.5000,4.5
2009-09-12,banxico,target_rate,4.5000,4.5
2009-09-13,banxico,target_rate,4.5000,4.5
2009-09-14,banxico,target_rate,4.5000,4.5
2009-09-15,banxico,target_rate,4.5000,4.5
2009-09-16,banxico,target_rate,4.5000,4.5
2009-09-17,banxico,target_rate,4.5000,4.5
2009-09-18,banxico,target_rate,4.5000,4.5
2009-09-19,banxico,target_rate,4.5000,4.5
2009-09-20,banxico,target_rate,4.5000,4.5
2009-09-21,banxico,target_rate,4.5000,4.5
2009-09-22,banxico,target_rate,4.5000,4.5
2009-09-23,banxico,target_rate,4.5000,4.5
2009-09-24,banxico,target_rate,4.5000,4.5
2009-09-25,banxico,target_rate,4.5000,4.5
2009-09-26,banxico,target_rate,4.5000,4.5
2009-09-27,banxico,target_rate,4.5000,4.5
2009-09-28,banxico,target_rate,4.5000,4.5
2009-09-29,banxico,target_rate,4.5000,4.5
2009-09-30,banxico,target_rate,4.5000,4.5
2009-10-01,banxico,target_rate,4.5000,4.5
2009-10-02,banxico,target_rate,4.5000,4.5
2009-10-03,banxico,target_rate,4.5000,4.5
2009-10-04,banxico,target_rate,4.5000,4.5
2009-10-05,banxico,target_rate,4.5000,4.5
2009-10-06,banxico,target_rate,4.5000,4.5
2009-10-07,banxico,target_rate,4.5000,4.5
2009-10-08,banxico,target_rate,4.5000,4.5
2009-10-09,banxico,target_rate,4.5000,4.5
2009-10-10,banxico,target_rate,4.5000,4.5
2009-10-11,banxico,target_rate,4.5000,4.5
2009-10-12,banxico,target_rate,4.5000,4.5
2009-10-13,banxico,target_rate,4.5000,4.5
2009-10-14,banxico,target_rate,4.5000,4.5
2009-10-15,banxico,target_rate,4.5000,4.5
2009-10-16,banxico,target_rate,4.5000,4.5
2009-10-17,banxico,target_rate,4.5000,4.5
2009-10-18,banxico,target_rate,4.5000,4.5
2009-10-19,banxico,target_rate,4.5000,4.5
2009-10-20,banxico,target_rate,4.5000,4.5
2009-10-21,banxico,target_rate,4.5000,4.5
2009-10-22,banxico,target_rate,4.5000,4.5
2009-10-23,banxico,target_rate,4.5000,4.5
2009-10-24,banxico,target_rate,4.5000,4.5
2009-10-25,banxico,target_rate,4.5000,4.5
2009-10-26,banxico,target_rate,4.5000,4.5
2009-10-27,banxico,target_rate,4.5000,4.5
2009-10-28,banxico,target_rate,4.5000,4.5
2009-10-29,banxico,target_rate,4.5000,4.5
2009-10-30,banxico,target_rate,4.5000,4.5
2009-10-31,banxico,target_rate,4.5000,4.5
2009-11-01,banxico,target_rate,4.5000,4.5
2009-11-02,banxico,target_rate,4.5000,4.5
2009-11-03,banxico,target_rate,4.5000,4.5
2009-11-04,banxico,target_rate,4.5000,4.5
2009-11-05,banxico,target_rate,4.5000,4.5
2009-11-06,banxico,target_rate,4.5000,4.5
2009-11-07,banxico,target_rate,4.5000,4.5
2009-11-08,banxico,target_rate,4.5000,4.5
2009-11-09,banxico,target_rate,4.5000,4.5
2009-11-10,banxico,target_rate,4.5000,4.5
2009-11-11,banxico,target_rate,4.5000,4.5
2009-11-12,banxico,target_rate,4.5000,4.5
2009-11-13,banxico,target_rate,4.5000,4.5
2009-11-14,banxico,target_rate,4.5000,4.5
2009-11-15,banxico,target_rate,4.5000,4.5
2009-11-16,banxico,target_rate,4.5000,4.5
2009-11-17,banxico,target_rate,4.5000,4.5
2009-11-18,banxico,target_rate,4.5000,4.5
2009-11-19,banxico,target_rate,4.5000,4.5
2009-11-20,banxico,target_rate,4.5000,4.5
2009-11-21,banxico,target_rate,4.5000,4.5
2009-11-22,banxico,target_rate,4.5000,4.5
2009-11-23,banxico,target_rate,4.5000,4.5
2009-11-24,banxico,target_rate,4.5000,4.5
2009-11-25,banxico,target_rate,4.5000,4.5
2009-11-26,banxico,target_rate,4.5000,4.5
2009-11-27,banxico,target_rate,4.5000,4.5
2009-11-28,banxico,target_rate,4.5000,4.5
2009-11-29,banxico,target_rate,4.5000,4.5
2009-11-30,banxico,target_rate,4.5000,4.5
2009-12-01,banxico,target_rate,4.5000,4.5
2009-12-02,banxico,target_rate,4.5000,4.5
2009-12-03,banxico,target_rate,4.5000,4.5
2009-12-04,banxico,target_rate,4.5000,4.5
2009-12-05,banxico,target_rate,4.5000,4.5
2009-12-06,banxico,target_rate,4.5000,4.5
2009-12-07,banxico,target_rate,4.5000,4.5
2009-12-08,banxico,target_rate,4.5000,4.5
2009-12-09,banxico,target_rate,4.5000,4.5
2009-12-10,banxico,target_rate,4.5000,4.5
2009-12-11,banxico,target_rate,4.5000,4.5
2009-12-12,banxico,target_rate,4.5000,4.5
2009-12-13,banxico,target_rate,4.5000,4.5
2009-12-14,banxico,target_rate,4.5000,4.5
2009-12-15,banxico,target_rate,4.5000,4.5
2009-12-16,banxico,target_rate,4.5000,4.5
2009-12-17,banxico,target_rate,4.5000,4.5
2009-12-18,banxico,target_rate,4.5000,4.5
2009-12-19,banxico,target_rate,4.5000,4.5
2009-12-20,banxico,target_rate,4.5000,4.5
2009-12-21,banxico,target_rate,4.5000,4.5
2009-12-22,banxico,target_rate,4.5000,4.5
2009-12-23,banxico,target_rate,4.5000,4.5
2009-12-24,banxico,target_rate,4.5000,4.5
2009-12-25,banxico,target_rate,4.5000,4.5
2009-12-26,banxico,target_rate,4.5000,4.5
2009-12-27,banxico,target_rate,4.5000,4.5
2009-12-28,banxico,target_rate,4.5000,4.5
2009-12-29,banxico,target_rate,4.5000,4.5
2009-12-30,banxico,target_rate,4.5000,4.5
2009-12-31,banxico,target_rate,4.5000,4.5
2010-01-01,banxico,target_rate,4.5000,4.5
2010-01-02,banxico,target_rate,4.5000,4.5
2010-01-03,banxico,target_rate,4.5000,4.5
2010-01-04,banxico,target_rate,4.5000,4.5
2010-01-05,banxico,target_rate,4.5000,4.5
2010-01-06,banxico,target_rate,4.5000,4.5
2010-01-07,banxico,target_rate,4.5000,4.5
2010-01-08,banxico,target_rate,4.5000,4.5
2010-01-09,banxico,target_rate,4.5000,4.5
2010-01-10,banxico,target_rate,4.5000,4.5
2010-01-11,banxico,target_rate,4.5000,4.5
2010-01-12,banxico,target_rate,4.5000,4.5
2010-01-13,banxico,target_rate,4.5000,4.5
2010-01-14,banxico,target_rate,4.5000,4.5
2010-01-15,banxico,target_rate,4.5000,4.5
2010-01-16,banxico,target_rate,4.5000,4.5
2010-01-17,banxico,target_rate,4.5000,4.5
2010-01-18,banxico,target_rate,4.5000,4.5
2010-01-19,banxico,target_rate,4.5000,4.5
2010-01-20,banxico,target_rate,4.5000,4.5
2010-01-21,banxico,target_rate,4.5000,4.5
2010-01-22,banxico,target_rate,4.5000,4.5
2010-01-23,banxico,target_rate,4.5000,4.5
2010-01-24,banxico,target_rate,4.5000,4.5
2010-01-25,banxico,target_rate,4.5000,4.5
2010-01-26,banxico,target_rate,4.5000,4.5
2010-01-27,banxico,target_rate,4.5000,4.5
2010-01-28,banxico,target_rate,4.5000,4.5
2010-01-29,banxico,target_rate,4.5000,4.5
2010-01-30,banxico,target_rate,4.5000,4.5
2010-01-31,banxico,target_rate,4.5000,4.5
2010-02-01,banxico,target_rate,4.5000,4.5
2010-02-02,banxico,target_rate,4.5000,4.5
2010-02-03,banxico,target_rate,4.5000,4.5
2010-02-04,banxico,target_rate,4.5000,4.5
2010-02-05,banxico,target_rate,4.5000,4.5
2010-02-06,banxico,target_rate,4.5000,4.5
2010-02-07,banxico,target_rate,4.5000,4.5
2010-02-08,banxico,target_rate,4.5000,4.5
2010-02-09,banxico,target_rate,4.5000,4.5
2010-02-10,banxico,target_rate,4.5000,4.5
2010-02-11,banxico,target_rate,4.5000,4.5
2010-02-12,banxico,target_rate,4.5000,4.5
2010-02-13,banxico,target_rate,4.5000,4.5
2010-02-14,banxico,target_rate,4.5000,4.5
2010-02-15,banxico,target_rate,4.5000,4.5
2010-02-16,banxico,target_rate,4.5000,4.5
2010-02-17,banxico,target_rate,4.5000,4.5
2010-02-18,banxico,target_rate,4.5000,4.5
2010-02-19,banxico,target_rate,4.5000,4.5
2010-02-20,banxico,target_rate,4.5000,4.5
2010-02-21,banxico,target_rate,4.5000,4.5
2010-02-22,banxico,target_rate,4.5000,4.5
2010-02-23,banxico,target_rate,4.5000,4.5
2010-02-24,banxico,target_rate,4.5000,4.5
2010-02-25,banxico,target_rate,4.5000,4.5
2010-02-26,banxico,target_rate,4.5000,4.5
2010-02-27,banxico,target_rate,4.5000,4.5
2010-02-28,banxico,target_rate,4.5000,4.5
2010-03-01,banxico,target_rate,4.5000,4.5
2010-03-02,banxico,target_rate,4.5000,4.5
2010-03-03,banxico,target_rate,4.5000,4.5
2010-03-04,banxico,target_rate,4.5000,4.5
2010-03-05,banxico,target_rate,4.5000,4.5
2010-03-06,banxico,target_rate,4.5000,4.5
2010-03-07,banxico,target_rate,4.5000,4.5
2010-03-08,banxico,target_rate,4.5000,4.5
2010-03-09,banxico,target_rate,4.5000,4.5
2010-03-10,banxico,target_rate,4.5000,4.5
2010-03-11,banxico,target_rate,4.5000,4.5
2010-03-12,banxico,target_rate,4.5000,4.5
2010-03-13,banxico,target_rate,4.5000,4.5
2010-03-14,banxico,target_rate,4.5000,4.5
2010-03-15,banxico,target_rate,4.5000,4.5
2010-03-16,banxico,target_rate,4.5000,4.5
2010-03-17,banxico,target_rate,4.5000,4.5
2010-03-18,banxico,target_rate,4.5000,4.5
2010-03-19,banxico,target_rate,4.5000,4.5
2010-03-20,banxico,target_rate,4.5000,4.5
2010-03-21,banxico,target_rate,4.5000,4.5
2010-03-22,banxico,target_rate,4.5000,4.5
2010-03-23,banxico,target_rate,4.5000,4.5
2010-03-24,banxico,target_rate,4.5000,4.5
2010-03-25,banxico,target_rate,4.5000,4.5
2010-03-26,banxico,target_rate,4.5000,4.5
2010-03-27,banxico,target_rate,4.5000,4.5
2010-03-28,banxico,target_rate,4.5000,4.5
2010-03-29,banxico,target_rate,4.5000,4.5
2010-03-30,banxico,target_rate,4.5000,4.5
2010-03-31,banxico,target_rate,4.5000,4.5
2010-04-01,banxico,target_rate,4.5000,4.5
2010-04-02,banxico,target_rate,4.5000,4.5
2010-04-03,banxico,target_rate,4.5000,4.5
2010-04-04,banxico,target_rate,4.5000,4.5
2010-04-05,banxico,target_rate,4.5000,4.5
2010-04-06,banxico,target_rate,4.5000,4.5
2010-04-07,banxico,target_rate,4.5000,4.5
2010-04-08,banxico,target_rate,4.5000,4.5
2010-04-09,banxico,target_rate,4.5000,4.5
2010-04-10,banxico,target_rate,4.5000,4.5
2010-04-11,banxico,target_rate,4.5000,4.5
2010-04-12,banxico,target_rate,4.5000,4.5
2010-04-13,banxico,target_rate,4.5000,4.5
2010-04-14,banxico,target_rate,4.5000,4.5
2010-04-15,banxico,target_rate,4.5000,4.5
2010-04-16,banxico,target_rate,4.5000,4.5
2010-04-17,banxico,target_rate,4.5000,4.5
2010-04-18,banxico,target_rate,4.5000,4.5
2010-04-19,banxico,target_rate,4.5000,4.5
2010-04-20,banxico,target_rate,4.5000,4.5
2010-04-21,banxico,target_rate,4.5000,4.5
2010-04-22,banxico,target_rate,4.5000,4.5
2010-04-23,banxico,target_rate,4.5000,4.5
2010-04-24,banxico,target_rate,4.5000,4.5
2010-04-25,banxico,target_rate,4.5000,4.5
2010-04-26,banxico,target_rate,4.5000,4.5
2010-04-27,banxico,target_rate,4.5000,4.5
2010-04-28,banxico,target_rate,4.5000,4.5
2010-04-29,banxico,target_rate,4.5000,4.5
2010-04-30,banxico,target_rate,4.5000,4.5
2010-05-01,banxico,target_rate,4.5000,4.5
2010-05-02,banxico,target_rate,4.5000,4.5
2010-05-03,banxico,target_rate,4.5000,4.5
2010-05-04,banxico,target_rate,4.5000,4.5
2010-05-05,banxico,target_rate,4.5000,4.5
2010-05-06,banxico,target_rate,4.5000,4.5
2010-05-07,banxico,target_rate,4.5000,4.5
2010-05-08,banxico,target_rate,4.5000,4.5
2010-05-09,banxico,target_rate,4.5000,4.5
2010-05-10,banxico,target_rate,4.5000,4.5
2010-05-11,banxico,target_rate,4.5000,4.5
2010-05-12,banxico,target_rate,4.5000,4.5
2010-05-13,banxico,target_rate,4.5000,4.5
2010-05-14,banxico,target_rate,4.5000,4.5
2010-05-15,banxico,target_rate,4.5000,4.5
2010-05-16,banxico,target_rate,4.5000,4.5
2010-05-17,banxico,target_rate,4.5000,4.5
2010-05-18,banxico,target_rate,4.5000,4.5
2010-05-19,banxico,target_rate,4.5000,4.5
2010-05-20,banxico,target_rate,4.5000,4.5
2010-05-21,banxico,target_rate,4.5000,4.5
2010-05-22,banxico,target_rate,4.5000,4.5
2010-05-23,banxico,target_rate,4.5000,4.5
2010-05-24,banxico,target_rate,4.5000,4.5
2010-05-25,banxico,target_rate,4.5000,4.5
2010-05-26,banxico,target_rate,4.5000,4.5
2010-05-27,banxico,target_rate,4.5000,4.5
2010-05-28,banxico,target_rate,4.5000,4.5
2010-05-29,banxico,target_rate,4.5000,4.5
2010-05-30,banxico,target_rate,4.5000,4.5
2010-05-31,banxico,target_rate,4.5000,4.5
2010-06-01,banxico,target_rate,4.5000,4.5
2010-06-02,banxico,target_rate,4.5000,4.5
2010-06-03,banxico,target_rate,4.5000,4.5
2010-06-04,banxico,target_rate,4.5000,4.5
2010-06-05,banxico,target_rate,4.5000,4.5
2010-06-06,banxico,target_rate,4.5000,4.5
2010-06-07,banxico,target_rate,4.5000,4.5
2010-06-08,banxico,target_rate,4.5000,4.5
2010-06-09,banxico,target_rate,4.5000,4.5
2010-06-10,banxico,target_rate,4.5000,4.5
2010-06-11,banxico,target_rate,4.5000,4.5
2010-06-12,banxico,target_rate,4.5000,4.5
2010-06-13,banxico,target_rate,4.5000,4.5
2010-06-14,banxico,target_rate,4.5000,4.5
2010-06-15,banxico,target_rate,4.5000,4.5
2010-06-16,banxico,target_rate,4.5000,4.5
2010-06-17,banxico,target_rate,4.5000,4.5
2010-06-18,banxico,target_rate,4.5000,4.5
2010-06-19,banxico,target_rate,4.5000,4.5
2010-06-20,banxico,target_rate,4.5000,4.5
2010-06-21,banxico,target_rate,4.5000,4.5
2010-06-22,banxico,target_rate,4.5000,4.5
2010-06-23,banxico,target_rate,4.5000,4.5
2010-06-24,banxico,target_rate,4.5000,4.5
2010-06-25,banxico,target_rate,4.5000,4.5
2010-06-26,banxico,target_rate,4.5000,4.5
2010-06-27,banxico,target_rate,4.5000,4.5
2010-06-28,banxico,target_rate,4.5000,4.5
2010-06-29,banxico,target_rate,4.5000,4.5
2010-06-30,banxico,target_rate,4.5000,4.5
2010-07-01,banxico,target_rate,4.5000,4.5
2010-07-02,banxico,target_rate,4.5000,4.5
2010-07-03,banxico,target_rate,4.5000,4.5
2010-07-04,banxico,target_rate,4.5000,4.5
2010-07-05,banxico,target_rate,4.5000,4.5
2010-07-06,banxico,target_rate,4.5000,4.5
2010-07-07,banxico,target_rate,4.5000,4.5
2010-07-08,banxico,target_rate,4.5000,4.5
2010-07-09,banxico,target_rate,4.5000,4.5
2010-07-10,banxico,target_rate,4.5000,4.5
2010-07-11,banxico,target_rate,4.5000,4.5
2010-07-12,banxico,target_rate,4.5000,4.5
2010-07-13,banxico,target_rate,4.5000,4.5
2010-07-14,banxico,target_rate,4.5000,4.5
2010-07-15,banxico,target_rate,4.5000,4.5
2010-07-16,banxico,target_rate,4.5000,4.5
2010-07-17,banxico,target_rate,4.5000,4.5
2010-07-18,banxico,target_rate,4.5000,4.5
2010-07-19,banxico,target_rate,4.5000,4.5
2010-07-20,banxico,target_rate,4.5000,4.5
2010-07-21,banxico,target_rate,4.5000,4.5
2010-07-22,banxico,target_rate,4.5000,4.5
2010-07-23,banxico,target_rate,4.5000,4.5
2010-07-24,banxico,target_rate,4.5000,4.5
2010-07-25,banxico,target_rate,4.5000,4.5
2010-07-26,banxico,target_rate,4.5000,4.5
2010-07-27,banxico,target_rate,4.5000,4.5
2010-07-28,banxico,target_rate,4.5000,4.5
2010-07-29,banxico,target_rate,4.5000,4.5
2010-07-30,banxico,target_rate,4.5000,4.5
2010-07-31,banxico,target_rate,4.5000,4.5
2010-08-01,banxico,target_rate,4.5000,4.5
2010-08-02,banxico,target_rate,4.5000,4.5
2010-08-03,banxico,target_rate,4.5000,4.5
2010-08-04,banxico,target_rate,4.5000,4.5
2010-08-05,banxico,target_rate,4.5000,4.5
2010-08-06,banxico,target_rate,4.5000,4.5
2010-08-07,banxico,target_rate,4.5000,4.5
2010-08-08,banxico,target_rate,4.5000,4.5
2010-08-09,banxico,target_rate,4.5000,4.5
2010-08-10,banxico,target_rate,4.5000,4.5
2010-08-11,banxico,target_rate,4.5000,4.5
2010-08-12,banxico,target_rate,4.5000,4.5
2010-08-13,banxico,target_rate,4.5000,4.5
2010-08-14,banxico,target_rate,4.5000,4.5
2010-08-15,banxico,target_rate,4.5000,4.5
2010-08-16,banxico,target_rate,4.5000,4.5
2010-08-17,banxico,target_rate,4.5000,4.5
2010-08-18,banxico,target_rate,4.5000,4.5
2010-08-19,banxico,target_rate,4.5000,4.5
2010-08-20,banxico,target_rate,4.5000,4.5
2010-08-21,banxico,target_rate,4.5000,4.5
2010-08-22,banxico,target_rate,4.5000,4.5
2010-08-23,banxico,target_rate,4.5000,4.5
2010-08-24,banxico,target_rate,4.5000,4.5
2010-08-25,banxico,target_rate,4.5000,4.5
2010-08-26,banxico,target_rate,4.5000,4.5
2010-08-27,banxico,target_rate,4.5000,4.5
2010-08-28,banxico,target_rate,4.5000,4.5
2010-08-29,banxico,target_rate,4.5000,4.5
2010-08-30,banxico,target_rate,4.5000,4.5
2010-08-31,banxico,target_rate,4.5000,4.5
2010-09-01,banxico,target_rate,4.5000,4.5
2010-09-02,banxico,target_rate,4.5000,4.5
2010-09-03,banxico,target_rate,4.5000,4.5
2010-09-04,banxico,target_rate,4.5000,4.5
2010-09-05,banxico,target_rate,4.5000,4.5
2010-09-06,banxico,target_rate,4.5000,4.5
2010-09-07,banxico,target_rate,4.5000,4.5
2010-09-08,banxico,target_rate,4.5000,4.5
2010-09-09,banxico,target_rate,4.5000,4.5
2010-09-10,banxico,target_rate,4.5000,4.5
2010-09-11,banxico,target_rate,4.5000,4.5
2010-09-12,banxico,target_rate,4.5000,4.5
2010-09-13,banxico,target_rate,4.5000,4.5
2010-09-14,banxico,target_rate,4.5000,4.5
2010-09-15,banxico,target_rate,4.5000,4.5
2010-09-16,banxico,target_rate,4.5000,4.5
2010-09-17,banxico,target_rate,4.5000,4.5
2010-09-18,banxico,target_rate,4.5000,4.5
2010-09-19,banxico,target_rate,4.5000,4.5
2010-09-20,banxico,target_rate,4.5000,4.5
2010-09-21,banxico,target_rate,4.5000,4.5
2010-09-22,banxico,target_rate,4.5000,4.5
2010-09-23,banxico,target_rate,4.5000,4.5
2010-09-24,banxico,target_rate,4.5000,4.5
2010-09-25,banxico,target_rate,4.5000,4.5
2010-09-26,banxico,target_rate,4.5000,4.5
2010-09-27,banxico,target_rate,4.5000,4.5
2010-09-28,banxico,target_rate,4.5000,4.5
2010-09-29,banxico,target_rate,4.5000,4.5
2010-09-30,banxico,target_rate,4.5000,4.5
2010-10-01,banxico,target_rate,4.5000,4.5
2010-10-02,banxico,target_rate,4.5000,4.5
2010-10-03,banxico,target_rate,4.5000,4.5
2010-10-04,banxico,target_rate,4.5000,4.5
2010-10-05,banxico,target_rate,4.5000,4.5
2010-10-06,banxico,target_rate,4.5000,4.5
2010-10-07,banxico,target_rate,4.5000,4.5
2010-10-08,banxico,target_rate,4.5000,4.5
2010-10-09,banxico,target_rate,4.5000,4.5
2010-10-10,banxico,target_rate,4.5000,4.5
2010-10-11,banxico,target_rate,4.5000,4.5
2010-10-12,banxico,target_rate,4.5000,4.5
2010-10-13,banxico,target_rate,4.5000,4.5
2010-10-14,banxico,target_rate,4.5000,4.5
2010-10-15,banxico,target_rate,4.5000,4.5
2010-10-16,banxico,target_rate,4.5000,4.5
2010-10-17,banxico,target_rate,4.5000,4.5
2010-10-18,banxico,target_rate,4.5000,4.5
2010-10-19,banxico,target_rate,4.5000,4.5
2010-10-20,banxico,target_rate,4.5000,4.5
2010-10-21,banxico,target_rate,4.5000,4.5
2010-10-22,banxico,target_rate,4.5000,4.5
2010-10-23,banxico,target_rate,4.5000,4.5
2010-10-24,banxico,target_rate,4.5000,4.5
2010-10-25,banxico,target_rate,4.5000,4.5
2010-10-26,banxico,target_rate,4.5000,4.5
2010-10-27,banxico,target_rate,4.5000,4.5
2010-10-28,banxico,target_rate,4.5000,4.5
2010-10-29,banxico,target_rate,4.5000,4.5
2010-10-30,banxico,target_rate,4.5000,4.5
2010-10-31,banxico,target_rate,4.5000,4.5
2010-11-01,banxico,target_rate,4.5000,4.5
2010-11-02,banxico,target_rate,4.5000,4.5
2010-11-03,banxico,target_rate,4.5000,4.5
2010-11-04,banxico,target_rate,4.5000,4.5
2010-11-05,banxico,target_rate,4.5000,4.5
2010-11-06,banxico,target_rate,4.5000,4.5
2010-11-07,banxico,target_rate,4.5000,4.5
2010-11-08,banxico,target_rate,4.5000,4.5
2010-11-09,banxico,target_rate,4.5000,4.5
2010-11-10,banxico,target_rate,4.5000,4.5
2010-11-11,banxico,target_rate,4.5000,4.5
2010-11-12,banxico,target_rate,4.5000,4.5
2010-11-13,banxico,target_rate,4.5000,4.5
2010-11-14,banxico,target_rate,4.5000,4.5
2010-11-15,banxico,target_rate,4.5000,4.5
2010-11-16,banxico,target_rate,4.5000,4.5
2010-11-17,banxico,target_rate,4.5000,4.5
2010-11-18,banxico,target_rate,4.5000,4.5
2010-11-19,banxico,target_rate,4.5000,4.5
2010-11-20,banxico,target_rate,4.5000,4.5
2010-11-21,banxico,target_rate,4.5000,4.5
2010-11-22,banxico,target_rate,4.5000,4.5
2010-11-23,banxico,target_rate,4.5000,4.5
2010-11-24,banxico,target_rate,4.5000,4.5
2010-11-25,banxico,target_rate,4.5000,4.5
2010-11-26,banxico,target_rate,4.5000,4.5
2010-11-27,banxico,target_rate,4.5000,4.5
2010-11-28,banxico,target_rate,4.5000,4.5
2010-11-29,banxico,target_rate,4.5000,4.5
2010-11-30,banxico,target_rate,4.5000,4.5
2010-12-01,banxico,target_rate,4.5000,4.5
2010-12-02,banxico,target_rate,4.5000,4.5
2010-12-03,banxico,target_rate,4.5000,4.5
2010-12-04,banxico,target_rate,4.5000,4.5
2010-12-05,banxico,target_rate,4.5000,4.5
2010-12-06,banxico,target_rate,4.5000,4.5
2010-12-07,banxico,target_rate,4.5000,4.5
2010-12-08,banxico,target_rate,4.5000,4.5
2010-12-09,banxico,target_rate,4.5000,4.5
2010-12-10,banxico,target_rate,4.5000,4.5
2010-12-11,banxico,target_rate,4.5000,4.5
2010-12-12,banxico,target_rate,4.5000,4.5
2010-12-13,banxico,target_rate,4.5000,4.5
2010-12-14,banxico,target_rate,4.5000,4.5
2010-12-15,banxico,target_rate,4.5000,4.5
2010-12-16,banxico,target_rate,4.5000,4.5
2010-12-17,banxico,target_rate,4.5000,4.5
2010-12-18,banxico,target_rate,4.5000,4.5
2010-12-19,banxico,target_rate,4.5000,4.5
2010-12-20,banxico,target_rate,4.5000,4.5
2010-12-21,banxico,target_rate,4.5000,4.5
2010-12-22,banxico,target_rate,4.5000,4.5
2010-12-23,banxico,target_rate,4.5000,4.5
2010-12-24,banxico,target_rate,4.5000,4.5
2010-12-25,banxico,target_rate,4.5000,4.5
2010-12-26,banxico,target_rate,4.5000,4.5
2010-12-27,banxico,target_rate,4.5000,4.5
2010-12-28,banxico,target_rate,4.5000,4.5
2010-12-29,banxico,target_rate,4.5000,4.5
2010-12-30,banxico,target_rate,4.5000,4.5
2010-12-31,banxico,target_rate,4.5000,4.5
2011-01-01,banxico,target_rate,4.5000,4.5
2011-01-02,banxico,target_rate,4.5000,4.5
2011-01-03,banxico,target_rate,4.5000,4.5
2011-01-04,banxico,target_rate,4.5000,4.5
2011-01-05,banxico,target_rate,4.5000,4.5
2011-01-06,banxico,target_rate,4.5000,4.5
2011-01-07,banxico,target_rate,4.5000,4.5
2011-01-08,banxico,target_rate,4.5000,4.5
2011-01-09,banxico,target_rate,4.5000,4.5
2011-01-10,banxico,target_rate,4.5000,4.5
2011-01-11,banxico,target_rate,4.5000,4.5
2011-01-12,banxico,target_rate,4.5000,4.5
2011-01-13,banxico,target_rate,4.5000,4.5
2011-01-14,banxico,target_rate,4.5000,4.5
2011-01-15,banxico,target_rate,4.5000,4.5
2011-01-16,banxico,target_rate,4.5000,4.5
2011-01-17,banxico,target_rate,4.5000,4.5
2011-01-18,banxico,target_rate,4.5000,4.5
2011-01-19,banxico,target_rate,4.5000,4.5
2011-01-20,banxico,target_rate,4.5000,4.5
2011-01-21,banxico,target_rate,4.5000,4.5
2011-01-22,banxico,target_rate,4.5000,4.5
2011-01-23,banxico,target_rate,4.5000,4.5
2011-01-24,banxico,target_rate,4.5000,4.5
2011-01-25,banxico,target_rate,4.5000,4.5
2011-01-26,banxico,target_rate,4.5000,4.5
2011-01-27,banxico,target_rate,4.5000,4.5
2011-01-28,banxico,target_rate,4.5000,4.5
2011-01-29,banxico,target_rate,4.5000,4.5
2011-01-30,banxico,target_rate,4.5000,4.5
2011-01-31,banxico,target_rate,4.5000,4.5
2011-02-01,banxico,target_rate,4.5000,4.5
2011-02-02,banxico,target_rate,4.5000,4.5
2011-02-03,banxico,target_rate,4.5000,4.5
2011-02-04,banxico,target_rate,4.5000,4.5
2011-02-05,banxico,target_rate,4.5000,4.5
2011-02-06,banxico,target_rate,4.5000,4.5
2011-02-07,banxico,target_rate,4.5000,4.5
2011-02-08,banxico,target_rate,4.5000,4.5
2011-02-09,banxico,target_rate,4.5000,4.5
2011-02-10,banxico,target_rate,4.5000,4.5
2011-02-11,banxico,target_rate,4.5000,4.5
2011-02-12,banxico,target_rate,4.5000,4.5
2011-02-13,banxico,target_rate,4.5000,4.5
2011-02-14,banxico,target_rate,4.5000,4.5
2011-02-15,banxico,target_rate,4.5000,4.5
2011-02-16,banxico,target_rate,4.5000,4.5
2011-02-17,banxico,target_rate,4.5000,4.5
2011-02-18,banxico,target_rate,4.5000,4.5
2011-02-19,banxico,target_rate,4.5000,4.5
2011-02-20,banxico,target_rate,4.5000,4.5
2011-02-21,banxico,target_rate,4.5000,4.5
2011-02-22,banxico,target_rate,4.5000,4.5
2011-02-23,banxico,target_rate,4.5000,4.5
2011-02-24,banxico,target_rate,4.5000,4.5
2011-02-25,banxico,target_rate,4.5000,4.5
2011-02-26,banxico,target_rate,4.5000,4.5
2011-02-27,banxico,target_rate,4.5000,4.5
2011-02-28,banxico,target_rate,4.5000,4.5
2011-03-01,banxico,target_rate,4.5000,4.5
2011-03-02,banxico,target_rate,4.5000,4.5
2011-03-03,banxico,target_rate,4.5000,4.5
2011-03-04,banxico,target_rate,4.5000,4.5
2011-03-05,banxico,target_rate,4.5000,4.5
2011-03-06,banxico,target_rate,4.5000,4.5
2011-03-07,banxico,target_rate,4.5000,4.5
2011-03-08,banxico,target_rate,4.5000,4.5
2011-03-09,banxico,target_rate,4.5000,4.5
2011-03-10,banxico,target_rate,4.5000,4.5
2011-03-11,banxico,target_rate,4.5000,4.5
2011-03-12,banxico,target_rate,4.5000,4.5
2011-03-13,banxico,target_rate,4.5000,4.5
2011-03-14,banxico,target_rate,4.5000,4.5
2011-03-15,banxico,target_rate,4.5000,4.5
2011-03-16,banxico,target_rate,4.5000,4.5
2011-03-17,banxico,target_rate,4.5000,4.5
2011-03-18,banxico,target_rate,4.5000,4.5
2011-03-19,banxico,target_rate,4.5000,4.5
2011-03-20,banxico,target_rate,4.5000,4.5
2011-03-21,banxico,target_rate,4.5000,4.5
2011-03-22,banxico,target_rate,4.5000,4.5
2011-03-23,banxico,target_rate,4.5000,4.5
2011-03-24,banxico,target_rate,4.5000,4.5
2011-03-25,banxico,target_rate,4.5000,4.5
2011-03-26,banxico,target_rate,4.5000,4.5
2011-03-27,banxico,target_rate,4.5000,4.5
2011-03-28,banxico,target_rate,4.5000,4.5
2011-03-29,banxico,target_rate,4.5000,4.5
2011-03-30,banxico,target_rate,4.5000,4.5
2011-03-31,banxico,target_rate,4.5000,4.5
2011-04-01,banxico,target_rate,4.5000,4.5
2011-04-02,banxico,target_rate,4.5000,4.5
2011-04-03,banxico,target_rate,4.5000,4.5
2011-04-04,banxico,target_rate,4.5000,4.5
2011-04-05,banxico,target_rate,4.5000,4.5
2011-04-06,banxico,target_rate,4.5000,4.5
2011-04-07,banxico,target_rate,4.5000,4.5
2011-04-08,banxico,target_rate,4.5000,4.5
2011-04-09,banxico,target_rate,4.5000,4.5
2011-04-10,banxico,target_rate,4.5000,4.5
2011-04-11,banxico,target_rate,4.5000,4.5
2011-04-12,banxico,target_rate,4.5000,4.5
2011-04-13,banxico,target_rate,4.5000,4.5
2011-04-14,banxico,target_rate,4.5000,4.5
2011-04-15,banxico,target_rate,4.5000,4.5
2011-04-16,banxico,target_rate,4.5000,4.5
2011-04-17,banxico,target_rate,4.5000,4.5
2011-04-18,banxico,target_rate,4.5000,4.5
2011-04-19,banxico,target_rate,4.5000,4.5
2011-04-20,banxico,target_rate,4.5000,4.5
2011-04-21,banxico,target_rate,4.5000,4.5
2011-04-22,banxico,target_rate,4.5000,4.5
2011-04-23,banxico,target_rate,4.5000,4.5
2011-04-24,banxico,target_rate,4.5000,4.5
2011-04-25,banxico,target_rate,4.5000,4.5
2011-04-26,banxico,target_rate,4.5000,4.5
2011-04-27,banxico,target_rate,4.5000,4.5
2011-04-28,banxico,target_rate,4.5000,4.5
2011-04-29,banxico,target_rate,4.5000,4.5
2011-04-30,banxico,target_rate,4.5000,4.5
2011-05-01,banxico,target_rate,4.5000,4.5
2011-05-02,banxico,target_rate,4.5000,4.5
2011-05-03,banxico,target_rate,4.5000,4.5
2011-05-04,banxico,target_rate,4.5000,4.5
2011-05-05,banxico,target_rate,4.5000,4.5
2011-05-06,banxico,target_rate,4.5000,4.5
2011-05-07,banxico,target_rate,4.5000,4.5
2011-05-08,banxico,target_rate,4.5000,4.5
2011-05-09,banxico,target_rate,4.5000,4.5
2011-05-10,banxico,target_rate,4.5000,4.5
2011-05-11,banxico,target_rate,4.5000,4.5
2011-05-12,banxico,target_rate,4.5000,4.5
2011-05-13,banxico,target_rate,4.5000,4.5
2011-05-14,banxico,target_rate,4.5000,4.5
2011-05-15,banxico,target_rate,4.5000,4.5
2011-05-16,banxico,target_rate,4.5000,4.5
2011-05-17,banxico,target_rate,4.5000,4.5
2011-05-18,banxico,target_rate,4.5000,4.5
2011-05-19,banxico,target_rate,4.5000,4.5
2011-05-20,banxico,target_rate,4.5000,4.5
2011-05-21,banxico,target_rate,4.5000,4.5
2011-05-22,banxico,target_rate,4.5000,4.5
2011-05-23,banxico,target_rate,4.5000,4.5
2011-05-24,banxico,target_rate,4.5000,4.5
2011-05-25,banxico,target_rate,4.5000,4.5
2011-05-26,banxico,target_rate,4.5000,4.5
2011-05-27,banxico,target_rate,4.5000,4.5
2011-05-28,banxico,target_rate,4.5000,4.5
2011-05-29,banxico,target_rate,4.5000,4.5
2011-05-30,banxico,target_rate,4.5000,4.5
2011-05-31,banxico,target_rate,4.5000,4.5
2011-06-01,banxico,target_rate,4.5000,4.5
2011-06-02,banxico,target_rate,4.5000,4.5
2011-06-03,banxico,target_rate,4.5000,4.5
2011-06-04,banxico,target_rate,4.5000,4.5
2011-06-05,banxico,target_rate,4.5000,4.5
2011-06-06,banxico,target_rate,4.5000,4.5
2011-06-07,banxico,target_rate,4.5000,4.5
2011-06-08,banxico,target_rate,4.5000,4.5
2011-06-09,banxico,target_rate,4.5000,4.5
2011-06-10,banxico,target_rate,4.5000,4.5
2011-06-11,banxico,target_rate,4.5000,4.5
2011-06-12,banxico,target_rate,4.5000,4.5
2011-06-13,banxico,target_rate,4.5000,4.5
2011-06-14,banxico,target_rate,4.5000,4.5
2011-06-15,banxico,target_rate,4.5000,4.5
2011-06-16,banxico,target_rate,4.5000,4.5
2011-06-17,banxico,target_rate,4.5000,4.5
2011-06-18,banxico,target_rate,4.5000,4.5
2011-06-19,banxico,target_rate,4.5000,4.5
2011-06-20,banxico,target_rate,4.5000,4.5
2011-06-21,banxico,target_rate,4.5000,4.5
2011-06-22,banxico,target_rate,4.5000,4.5
2011-06-23,banxico,target_rate,4.5000,4.5
2011-06-24,banxico,target_rate,4.5000,4.5
2011-06-25,banxico,target_rate,4.5000,4.5
2011-06-26,banxico,target_rate,4.5000,4.5
2011-06-27,banxico,target_rate,4.5000,4.5
2011-06-28,banxico,target_rate,4.5000,4.5
2011-06-29,banxico,target_rate,4.5000,4.5
2011-06-30,banxico,target_rate,4.5000,4.5
2011-07-01,banxico,target_rate,4.5000,4.5
2011-07-02,banxico,target_rate,4.5000,4.5
2011-07-03,banxico,target_rate,4.5000,4.5
2011-07-04,banxico,target_rate,4.5000,4.5
2011-07-05,banxico,target_rate,4.5000,4.5
2011-07-06,banxico,target_rate,4.5000,4.5
2011-07-07,banxico,target_rate,4.5000,4.5
2011-07-08,banxico,target_rate,4.5000,4.5
2011-07-09,banxico,target_rate,4.5000,4.5
2011-07-10,banxico,target_rate,4.5000,4.5
2011-07-11,banxico,target_rate,4.5000,4.5
2011-07-12,banxico,target_rate,4.5000,4.5
2011-07-13,banxico,target_rate,4.5000,4.5
2011-07-14,banxico,target_rate,4.5000,4.5
2011-07-15,banxico,target_rate,4.5000,4.5
2011-07-16,banxico,target_rate,4.5000,4.5
2011-07-17,banxico,target_rate,4.5000,4.5
2011-07-18,banxico,target_rate,4.5000,4.5
2011-07-19,banxico,target_rate,4.5000,4.5
2011-07-20,banxico,target_rate,4.5000,4.5
2011-07-21,banxico,target_rate,4.5000,4.5
2011-07-22,banxico,target_rate,4.5000,4.5
2011-07-23,banxico,target_rate,4.5000,4.5
2011-07-24,banxico,target_rate,4.5000,4.5
2011-07-25,banxico,target_rate,4.5000,4.5
2011-07-26,banxico,target_rate,4.5000,4.5
2011-07-27,banxico,target_rate,4.5000,4.5
2011-07-28,banxico,target_rate,4.5000,4.5
2011-07-29,banxico,target_rate,4.5000,4.5
2011-07-30,banxico,target_rate,4.5000,4.5
2011-07-31,banxico,target_rate,4.5000,4.5
2011-08-01,banxico,target_rate,4.5000,4.5
2011-08-02,banxico,target_rate,4.5000,4.5
2011-08-03,banxico,target_rate,4.5000,4.5
2011-08-04,banxico,target_rate,4.5000,4.5
2011-08-05,banxico,target_rate,4.5000,4.5
2011-08-06,banxico,target_rate,4.5000,4.5
2011-08-07,banxico,target_rate,4.5000,4.5
2011-08-08,banxico,target_rate,4.5000,4.5
2011-08-09,banxico,target_rate,4.5000,4.5
2011-08-10,banxico,target_rate,4.5000,4.5
2011-08-11,banxico,target_rate,4.5000,4.5
2011-08-12,banxico,target_rate,4.5000,4.5
2011-08-13,banxico,target_rate,4.5000,4.5
2011-08-14,banxico,target_rate,4.5000,4.5
2011-08-15,banxico,target_rate,4.5000,4.5
2011-08-16,banxico,target_rate,4.5000,4.5
2011-08-17,banxico,target_rate,4.5000,4.5
2011-08-18,banxico,target_rate,4.5000,4.5
2011-08-19,banxico,target_rate,4.5000,4.5
2011-08-20,banxico,target_rate,4.5000,4.5
2011-08-21,banxico,target_rate,4.5000,4.5
2011-08-22,banxico,target_rate,4.5000,4.5
2011-08-23,banxico,target_rate,4.5000,4.5
2011-08-24,banxico,target_rate,4.5000,4.5
2011-08-25,banxico,target_rate,4.5000,4.5
2011-08-26,banxico,target_rate,4.5000,4.5
2011-08-27,banxico,target_rate,4.5000,4.5
2011-08-28,banxico,target_rate,4.5000,4.5
2011-08-29,banxico,target_rate,4.5000,4.5
2011-08-30,banxico,target_rate,4.5000,4.5
2011-08-31,banxico,target_rate,4.5000,4.5
2011-09-01,banxico,target_rate,4.5000,4.5
2011-09-02,banxico,target_rate,4.5000,4.5
2011-09-03,banxico,target_rate,4.5000,4.5
2011-09-04,banxico,target_rate,4.5000,4.5
2011-09-05,banxico,target_rate,4.5000,4.5
2011-09-06,banxico,target_rate,4.5000,4.5
2011-09-07,banxico,target_rate,4.5000,4.5
2011-09-08,banxico,target_rate,4.5000,4.5
2011-09-09,banxico,target_rate,4.5000,4.5
2011-09-10,banxico,target_rate,4.5000,4.5
2011-09-11,banxico,target_rate,4.5000,4.5
2011-09-12,banxico,target_rate,4.5000,4.5
2011-09-13,banxico,target_rate,4.5000,4.5
2011-09-14,banxico,target_rate,4.5000,4.5
2011-09-15,banxico,target_rate,4.5000,4.5
2011-09-16,banxico,target_rate,4.5000,4.5
2011-09-17,banxico,target_rate,4.5000,4.5
2011-09-18,banxico,target_rate,4.5000,4.5
2011-09-19,banxico,target_rate,4.5000,4.5
2011-09-20,banxico,target_rate,4.5000,4.5
2011-09-21,banxico,target_rate,4.5000,4.5
2011-09-22,banxico,target_rate,4.5000,4.5
2011-09-23,banxico,target_rate,4.5000,4.5
2011-09-24,banxico,target_rate,4.5000,4.5
2011-09-25,banxico,target_rate,4.5000,4.5
2011-09-26,banxico,target_rate,4.5000,4.5
2011-09-27,banxico,target_rate,4.5000,4.5
2011-09-28,banxico,target_rate,4.5000,4.5
2011-09-29,banxico,target_rate,4.5000,4.5
2011-09-30,banxico,target_rate,4.5000,4.5
2011-10-01,banxico,target_rate,4.5000,4.5
2011-10-02,banxico,target_rate,4.5000,4.5
2011-10-03,banxico,target_rate,4.5000,4.5
2011-10-04,banxico,target_rate,4.5000,4.5
2011-10-05,banxico,target_rate,4.5000,4.5
2011-10-06,banxico,target_rate,4.5000,4.5
2011-10-07,banxico,target_rate,4.5000,4.5
2011-10-08,banxico,target_rate,4.5000,4.5
2011-10-09,banxico,target_rate,4.5000,4.5
2011-10-10,banxico,target_rate,4.5000,4.5
2011-10-11,banxico,target_rate,4.5000,4.5
2011-10-12,banxico,target_rate,4.5000,4.5
2011-10-13,banxico,target_rate,4.5000,4.5
2011-10-14,banxico,target_rate,4.5000,4.5
2011-10-15,banxico,target_rate,4.5000,4.5
2011-10-16,banxico,target_rate,4.5000,4.5
2011-10-17,banxico,target_rate,4.5000,4.5
2011-10-18,banxico,target_rate,4.5000,4.5
2011-10-19,banxico,target_rate,4.5000,4.5
2011-10-20,banxico,target_rate,4.5000,4.5
2011-10-21,banxico,target_rate,4.5000,4.5
2011-10-22,banxico,target_rate,4.5000,4.5
2011-10-23,banxico,target_rate,4.5000,4.5
2011-10-24,banxico,target_rate,4.5000,4.5
2011-10-25,banxico,target_rate,4.5000,4.5
2011-10-26,banxico,target_rate,4.5000,4.5
2011-10-27,banxico,target_rate,4.5000,4.5
2011-10-28,banxico,target_rate,4.5000,4.5
2011-10-29,banxico,target_rate,4.5000,4.5
2011-10-30,banxico,target_rate,4.5000,4.5
2011-10-31,banxico,target_rate,4.5000,4.5
2011-11-01,banxico,target_rate,4.5000,4.5
2011-11-02,banxico,target_rate,4.5000,4.5
2011-11-03,banxico,target_rate,4.5000,4.5
2011-11-04,banxico,target_rate,4.5000,4.5
2011-11-05,banxico,target_rate,4.5000,4.5
2011-11-06,banxico,target_rate,4.5000,4.5
2011-11-07,banxico,target_rate,4.5000,4.5
2011-11-08,banxico,target_rate,4.5000,4.5
2011-11-09,banxico,target_rate,4.5000,4.5
2011-11-10,banxico,target_rate,4.5000,4.5
2011-11-11,banxico,target_rate,4.5000,4.5
2011-11-12,banxico,target_rate,4.5000,4.5
2011-11-13,banxico,target_rate,4.5000,4.5
2011-11-14,banxico,target_rate,4.5000,4.5
2011-11-15,banxico,target_rate,4.5000,4.5
2011-11-16,banxico,target_rate,4.5000,4.5
2011-11-17,banxico,target_rate,4.5000,4.5
2011-11-18,banxico,target_rate,4.5000,4.5
2011-11-19,banxico,target_rate,4.5000,4.5
2011-11-20,banxico,target_rate,4.5000,4.5
2011-11-21,banxico,target_rate,4.5000,4.5
2011-11-22,banxico,target_rate,4.5000,4.5
2011-11-23,banxico,target_rate,4.5000,4.5
2011-11-24,banxico,target_rate,4.5000,4.5
2011-11-25,banxico,target_rate,4.5000,4.5
2011-11-26,banxico,target_rate,4.5000,4.5
2011-11-27,banxico,target_rate,4.5000,4.5
2011-11-28,banxico,target_rate,4.5000,4.5
2011-11-29,banxico,target_rate,4.5000,4.5
2011-11-30,banxico,target_rate,4.5000,4.5
2011-12-01,banxico,target_rate,4.5000,4.5
2011-12-02,banxico,target_rate,4.5000,4.5
2011-12-03,banxico,target_rate,4.5000,4.5
2011-12-04,banxico,target_rate,4.5000,4.5
2011-12-05,banxico,target_rate,4.5000,4.5
2011-12-06,banxico,target_rate,4.5000,4.5
2011-12-07,banxico,target_rate,4.5000,4.5
2011-12-08,banxico,target_rate,4.5000,4.5
2011-12-09,banxico,target_rate,4.5000,4.5
2011-12-10,banxico,target_rate,4.5000,4.5
2011-12-11,banxico,target_rate,4.5000,4.5
2011-12-12,banxico,target_rate,4.5000,4.5
2011-12-13,banxico,target_rate,4.5000,4.5
2011-12-14,banxico,target_rate,4.5000,4.5
2011-12-15,banxico,target_rate,4.5000,4.5
2011-12-16,banxico,target_rate,4.5000,4.5
2011-12-17,banxico,target_rate,4.5000,4.5
2011-12-18,banxico,target_rate,4.5000,4.5
2011-12-19,banxico,target_rate,4.5000,4.5
2011-12-20,banxico,target_rate,4.5000,4.5
2011-12-21,banxico,target_rate,4.5000,4.5
2011-12-22,banxico,target_rate,4.5000,4.5
2011-12-23,banxico,target_rate,4.5000,4.5
2011-12-24,banxico,target_rate,4.5000,4.5
2011-12-25,banxico,target_rate,4.5000,4.5
2011-12-26,banxico,target_rate,4.5000,4.5
2011-12-27,banxico,target_rate,4.5000,4.5
2011-12-28,banxico,target_rate,4.5000,4.5
2011-12-29,banxico,target_rate,4.5000,4.5
2011-12-30,banxico,target_rate,4.5000,4.5
2011-12-31,banxico,target_rate,4.5000,4.5
2012-01-01,banxico,target_rate,4.5000,4.5
2012-01-02,banxico,target_rate,4.5000,4.5
2012-01-03,banxico,target_rate,4.5000,4.5
2012-01-04,banxico,target_rate,4.5000,4.5
2012-01-05,banxico,target_rate,4.5000,4.5
2012-01-06,banxico,target_rate,4.5000,4.5
2012-01-07,banxico,target_rate,4.5000,4.5
2012-01-08,banxico,target_rate,4.5000,4.5
2012-01-09,banxico,target_rate,4.5000,4.5
2012-01-10,banxico,target_rate,4.5000,4.5
2012-01-11,banxico,target_rate,4.5000,4.5
2012-01-12,banxico,target_rate,4.5000,4.5
2012-01-13,banxico,target_rate,4.5000,4.5
2012-01-14,banxico,target_rate,4.5000,4.5
2012-01-15,banxico,target_rate,4.5000,4.5
2012-01-16,banxico,target_rate,4.5000,4.5
2012-01-17,banxico,target_rate,4.5000,4.5
2012-01-18,banxico,target_rate,4.5000,4.5
2012-01-19,banxico,target_rate,4.5000,4.5
2012-01-20,banxico,target_rate,4.5000,4.5
2012-01-22,banxico,target_rate,4.5000,4.5
2012-01-23,banxico,target_rate,4.5000,4.5
2012-01-24,banxico,target_rate,4.5000,4.5
2012-01-25,banxico,target_rate,4.5000,4.5
2012-01-26,banxico,target_rate,4.5000,4.5
2012-01-27,banxico,target_rate,4.5000,4.5
2012-01-28,banxico,target_rate,4.5000,4.5
2012-01-29,banxico,target_rate,4.5000,4.5
2012-01-30,banxico,target_rate,4.5000,4.5
2012-01-31,banxico,target_rate,4.5000,4.5
2012-02-01,banxico,target_rate,4.5000,4.5
2012-02-02,banxico,target_rate,4.5000,4.5
2012-02-03,banxico,target_rate,4.5000,4.5
2012-02-04,banxico,target_rate,4.5000,4.5
2012-02-05,banxico,target_rate,4.5000,4.5
2012-02-06,banxico,target_rate,4.5000,4.5
2012-02-07,banxico,target_rate,4.5000,4.5
2012-02-08,banxico,target_rate,4.5000,4.5
2012-02-09,banxico,target_rate,4.5000,4.5
2012-02-10,banxico,target_rate,4.5000,4.5
2012-02-11,banxico,target_rate,4.5000,4.5
2012-02-12,banxico,target_rate,4.5000,4.5
2012-02-13,banxico,target_rate,4.5000,4.5
2012-02-14,banxico,target_rate,4.5000,4.5
2012-02-15,banxico,target_rate,4.5000,4.5
2012-02-16,banxico,target_rate,4.5000,4.5
2012-02-17,banxico,target_rate,4.5000,4.5
2012-02-18,banxico,target_rate,4.5000,4.5
2012-02-19,banxico,target_rate,4.5000,4.5
2012-02-20,banxico,target_rate,4.5000,4.5
2012-02-21,banxico,target_rate,4.5000,4.5
2012-02-22,banxico,target_rate,4.5000,4.5
2012-02-23,banxico,target_rate,4.5000,4.5
2012-02-24,banxico,target_rate,4.5000,4.5
2012-02-25,banxico,target_rate,4.5000,4.5
2012-02-26,banxico,target_rate,4.5000,4.5
2012-02-27,banxico,target_rate,4.5000,4.5
2012-02-28,banxico,target_rate,4.5000,4.5
2012-02-29,banxico,target_rate,4.5000,4.5
2012-03-01,banxico,target_rate,4.5000,4.5
2012-03-02,banxico,target_rate,4.5000,4.5
2012-03-03,banxico,target_rate,4.5000,4.5
2012-03-04,banxico,target_rate,4.5000,4.5
2012-03-05,banxico,target_rate,4.5000,4.5
2012-03-06,banxico,target_rate,4.5000,4.5
2012-03-07,banxico,target_rate,4.5000,4.5
2012-03-08,banxico,target_rate,4.5000,4.5
2012-03-09,banxico,target_rate,4.5000,4.5
2012-03-10,banxico,target_rate,4.5000,4.5
2012-03-11,banxico,target_rate,4.5000,4.5
2012-03-12,banxico,target_rate,4.5000,4.5
2012-03-13,banxico,target_rate,4.5000,4.5
2012-03-14,banxico,target_rate,4.5000,4.5
2012-03-15,banxico,target_rate,4.5000,4.5
2012-03-16,banxico,target_rate,4.5000,4.5
2012-03-17,banxico,target_rate,4.5000,4.5
2012-03-18,banxico,target_rate,4.5000,4.5
2012-03-19,banxico,target_rate,4.5000,4.5
2012-03-20,banxico,target_rate,4.5000,4.5
2012-03-21,banxico,target_rate,4.5000,4.5
2012-03-22,banxico,target_rate,4.5000,4.5
2012-03-23,banxico,target_rate,4.5000,4.5
2012-03-24,banxico,target_rate,4.5000,4.5
2012-03-25,banxico,target_rate,4.5000,4.5
2012-03-26,banxico,target_rate,4.5000,4.5
2012-03-27,banxico,target_rate,4.5000,4.5
2012-03-28,banxico,target_rate,4.5000,4.5
2012-03-29,banxico,target_rate,4.5000,4.5
2012-03-30,banxico,target_rate,4.5000,4.5
2012-03-31,banxico,target_rate,4.5000,4.5
2012-04-01,banxico,target_rate,4.5000,4.5
2012-04-02,banxico,target_rate,4.5000,4.5
2012-04-03,banxico,target_rate,4.5000,4.5
2012-04-04,banxico,target_rate,4.5000,4.5
2012-04-05,banxico,target_rate,4.5000,4.5
2012-04-06,banxico,target_rate,4.5000,4.5
2012-04-07,banxico,target_rate,4.5000,4.5
2012-04-08,banxico,target_rate,4.5000,4.5
2012-04-09,banxico,target_rate,4.5000,4.5
2012-04-10,banxico,target_rate,4.5000,4.5
2012-04-11,banxico,target_rate,4.5000,4.5
2012-04-12,banxico,target_rate,4.5000,4.5
2012-04-13,banxico,target_rate,4.5000,4.5
2012-04-15,banxico,target_rate,4.5000,4.5
2012-04-16,banxico,target_rate,4.5000,4.5
2012-04-17,banxico,target_rate,4.5000,4.5
2012-04-18,banxico,target_rate,4.5000,4.5
2012-04-19,banxico,target_rate,4.5000,4.5
2012-04-20,banxico,target_rate,4.5000,4.5
2012-04-21,banxico,target_rate,4.5000,4.5
2012-04-22,banxico,target_rate,4.5000,4.5
2012-04-23,banxico,target_rate,4.5000,4.5
2012-04-24,banxico,target_rate,4.5000,4.5
2012-04-25,banxico,target_rate,4.5000,4.5
2012-04-26,banxico,target_rate,4.5000,4.5
2012-04-27,banxico,target_rate,4.5000,4.5
2012-04-28,banxico,target_rate,4.5000,4.5
2012-04-29,banxico,target_rate,4.5000,4.5
2012-04-30,banxico,target_rate,4.5000,4.5
2012-05-01,banxico,target_rate,4.5000,4.5
2012-05-02,banxico,target_rate,4.5000,4.5
2012-05-03,banxico,target_rate,4.5000,4.5
2012-05-04,banxico,target_rate,4.5000,4.5
2012-05-05,banxico,target_rate,4.5000,4.5
2012-05-06,banxico,target_rate,4.5000,4.5
2012-05-07,banxico,target_rate,4.5000,4.5
2012-05-08,banxico,target_rate,4.5000,4.5
2012-05-09,banxico,target_rate,4.5000,4.5
2012-05-10,banxico,target_rate,4.5000,4.5
2012-05-11,banxico,target_rate,4.5000,4.5
2012-05-12,banxico,target_rate,4.5000,4.5
2012-05-13,banxico,target_rate,4.5000,4.5
2012-05-14,banxico,target_rate,4.5000,4.5
2012-05-15,banxico,target_rate,4.5000,4.5
2012-05-16,banxico,target_rate,4.5000,4.5
2012-05-17,banxico,target_rate,4.5000,4.5
2012-05-18,banxico,target_rate,4.5000,4.5
2012-05-19,banxico,target_rate,4.5000,4.5
2012-05-20,banxico,target_rate,4.5000,4.5
2012-05-21,banxico,target_rate,4.5000,4.5
2012-05-22,banxico,target_rate,4.5000,4.5
2012-05-23,banxico,target_rate,4.5000,4.5
2012-05-24,banxico,target_rate,4.5000,4.5
2012-05-25,banxico,target_rate,4.5000,4.5
2012-05-26,banxico,target_rate,4.5000,4.5
2012-05-27,banxico,target_rate,4.5000,4.5
2012-05-28,banxico,target_rate,4.5000,4.5
2012-05-29,banxico,target_rate,4.5000,4.5
2012-05-30,banxico,target_rate,4.5000,4.5
2012-05-31,banxico,target_rate,4.5000,4.5
2012-06-01,banxico,target_rate,4.5000,4.5
2012-06-02,banxico,target_rate,4.5000,4.5
2012-06-03,banxico,target_rate,4.5000,4.5
2012-06-04,banxico,target_rate,4.5000,4.5
2012-06-05,banxico,target_rate,4.5000,4.5
2012-06-06,banxico,target_rate,4.5000,4.5
2012-06-07,banxico,target_rate,4.5000,4.5
2012-06-08,banxico,target_rate,4.5000,4.5
2012-06-09,banxico,target_rate,4.5000,4.5
2012-06-10,banxico,target_rate,4.5000,4.5
2012-06-11,banxico,target_rate,4.5000,4.5
2012-06-12,banxico,target_rate,4.5000,4.5
2012-06-13,banxico,target_rate,4.5000,4.5
2012-06-14,banxico,target_rate,4.5000,4.5
2012-06-15,banxico,target_rate,4.5000,4.5
2012-06-16,banxico,target_rate,4.5000,4.5
2012-06-17,banxico,target_rate,4.5000,4.5
2012-06-18,banxico,target_rate,4.5000,4.5
2012-06-19,banxico,target_rate,4.5000,4.5
2012-06-20,banxico,target_rate,4.5000,4.5
2012-06-21,banxico,target_rate,4.5000,4.5
2012-06-22,banxico,target_rate,4.5000,4.5
2012-06-23,banxico,target_rate,4.5000,4.5
2012-06-24,banxico,target_rate,4.5000,4.5
2012-06-25,banxico,target_rate,4.5000,4.5
2012-06-26,banxico,target_rate,4.5000,4.5
2012-06-27,banxico,target_rate,4.5000,4.5
2012-06-28,banxico,target_rate,4.5000,4.5
2012-06-29,banxico,target_rate,4.5000,4.5
2012-06-30,banxico,target_rate,4.5000,4.5
2012-07-01,banxico,target_rate,4.5000,4.5
2012-07-02,banxico,target_rate,4.5000,4.5
2012-07-03,banxico,target_rate,4.5000,4.5
2012-07-04,banxico,target_rate,4.5000,4.5
2012-07-05,banxico,target_rate,4.5000,4.5
2012-07-06,banxico,target_rate,4.5000,4.5
2012-07-07,banxico,target_rate,4.5000,4.5
2012-07-08,banxico,target_rate,4.5000,4.5
2012-07-09,banxico,target_rate,4.5000,4.5
2012-07-10,banxico,target_rate,4.5000,4.5
2012-07-11,banxico,target_rate,4.5000,4.5
2012-07-12,banxico,target_rate,4.5000,4.5
2012-07-13,banxico,target_rate,4.5000,4.5
2012-07-14,banxico,target_rate,4.5000,4.5
2012-07-15,banxico,target_rate,4.5000,4.5
2012-07-16,banxico,target_rate,4.5000,4.5
2012-07-17,banxico,target_rate,4.5000,4.5
2012-07-18,banxico,target_rate,4.5000,4.5
2012-07-19,banxico,target_rate,4.5000,4.5
2012-07-20,banxico,target_rate,4.5000,4.5
2012-07-21,banxico,target_rate,4.5000,4.5
2012-07-22,banxico,target_rate,4.5000,4.5
2012-07-23,banxico,target_rate,4.5000,4.5
2012-07-24,banxico,target_rate,4.5000,4.5
2012-07-25,banxico,target_rate,4.5000,4.5
2012-07-26,banxico,target_rate,4.5000,4.5
2012-07-27,banxico,target_rate,4.5000,4.5
2012-07-28,banxico,target_rate,4.5000,4.5
2012-07-29,banxico,target_rate,4.5000,4.5
2012-07-30,banxico,target_rate,4.5000,4.5
2012-07-31,banxico,target_rate,4.5000,4.5
2012-08-01,banxico,target_rate,4.5000,4.5
2012-08-02,banxico,target_rate,4.5000,4.5
2012-08-03,banxico,target_rate,4.5000,4.5
2012-08-04,banxico,target_rate,4.5000,4.5
2012-08-05,banxico,target_rate,4.5000,4.5
2012-08-06,banxico,target_rate,4.5000,4.5
2012-08-07,banxico,target_rate,4.5000,4.5
2012-08-08,banxico,target_rate,4.5000,4.5
2012-08-09,banxico,target_rate,4.5000,4.5
2012-08-10,banxico,target_rate,4.5000,4.5
2012-08-11,banxico,target_rate,4.5000,4.5
2012-08-12,banxico,target_rate,4.5000,4.5
2012-08-13,banxico,target_rate,4.5000,4.5
2012-08-14,banxico,target_rate,4.5000,4.5
2012-08-15,banxico,target_rate,4.5000,4.5
2012-08-16,banxico,target_rate,4.5000,4.5
2012-08-17,banxico,target_rate,4.5000,4.5
2012-08-18,banxico,target_rate,4.5000,4.5
2012-08-19,banxico,target_rate,4.5000,4.5
2012-08-20,banxico,target_rate,4.5000,4.5
2012-08-21,banxico,target_rate,4.5000,4.5
2012-08-22,banxico,target_rate,4.5000,4.5
2012-08-23,banxico,target_rate,4.5000,4.5
2012-08-24,banxico,target_rate,4.5000,4.5
2012-08-25,banxico,target_rate,4.5000,4.5
2012-08-26,banxico,target_rate,4.5000,4.5
2012-08-27,banxico,target_rate,4.5000,4.5
2012-08-28,banxico,target_rate,4.5000,4.5
2012-08-29,banxico,target_rate,4.5000,4.5
2012-08-30,banxico,target_rate,4.5000,4.5
2012-08-31,banxico,target_rate,4.5000,4.5
2012-09-01,banxico,target_rate,4.5000,4.5
2012-09-02,banxico,target_rate,4.5000,4.5
2012-09-03,banxico,target_rate,4.5000,4.5
2012-09-04,banxico,target_rate,4.5000,4.5
2012-09-05,banxico,target_rate,4.5000,4.5
2012-09-06,banxico,target_rate,4.5000,4.5
2012-09-07,banxico,target_rate,4.5000,4.5
2012-09-08,banxico,target_rate,4.5000,4.5
2012-09-09,banxico,target_rate,4.5000,4.5
2012-09-10,banxico,target_rate,4.5000,4.5
2012-09-11,banxico,target_rate,4.5000,4.5
2012-09-12,banxico,target_rate,4.5000,4.5
2012-09-13,banxico,target_rate,4.5000,4.5
2012-09-14,banxico,target_rate,4.5000,4.5
2012-09-15,banxico,target_rate,4.5000,4.5
2012-09-16,banxico,target_rate,4.5000,4.5
2012-09-17,banxico,target_rate,4.5000,4.5
2012-09-18,banxico,target_rate,4.5000,4.5
2012-09-19,banxico,target_rate,4.5000,4.5
2012-09-20,banxico,target_rate,4.5000,4.5
2012-09-21,banxico,target_rate,4.5000,4.5
2012-09-22,banxico,target_rate,4.5000,4.5
2012-09-23,banxico,target_rate,4.5000,4.5
2012-09-24,banxico,target_rate,4.5000,4.5
2012-09-25,banxico,target_rate,4.5000,4.5
2012-09-26,banxico,target_rate,4.5000,4.5
2012-09-27,banxico,target_rate,4.5000,4.5
2012-09-28,banxico,target_rate,4.5000,4.5
2012-09-29,banxico,target_rate,4.5000,4.5
2012-09-30,banxico,target_rate,4.5000,4.5
2012-10-01,banxico,target_rate,4.5000,4.5
2012-10-02,banxico,target_rate,4.5000,4.5
2012-10-03,banxico,target_rate,4.5000,4.5
2012-10-04,banxico,target_rate,4.5000,4.5
2012-10-05,banxico,target_rate,4.5000,4.5
2012-10-06,banxico,target_rate,4.5000,4.5
2012-10-07,banxico,target_rate,4.5000,4.5
2012-10-08,banxico,target_rate,4.5000,4.5
2012-10-09,banxico,target_rate,4.5000,4.5
2012-10-10,banxico,target_rate,4.5000,4.5
2012-10-11,banxico,target_rate,4.5000,4.5
2012-10-12,banxico,target_rate,4.5000,4.5
2012-10-13,banxico,target_rate,4.5000,4.5
2012-10-14,banxico,target_rate,4.5000,4.5
2012-10-15,banxico,target_rate,4.5000,4.5
2012-10-16,banxico,target_rate,4.5000,4.5
2012-10-17,banxico,target_rate,4.5000,4.5
2012-10-18,banxico,target_rate,4.5000,4.5
2012-10-19,banxico,target_rate,4.5000,4.5
2012-10-20,banxico,target_rate,4.5000,4.5
2012-10-21,banxico,target_rate,4.5000,4.5
2012-10-22,banxico,target_rate,4.5000,4.5
2012-10-23,banxico,target_rate,4.5000,4.5
2012-10-24,banxico,target_rate,4.5000,4.5
2012-10-25,banxico,target_rate,4.5000,4.5
2012-10-26,banxico,target_rate,4.5000,4.5
2012-10-27,banxico,target_rate,4.5000,4.5
2012-10-28,banxico,target_rate,4.5000,4.5
2012-10-29,banxico,target_rate,4.5000,4.5
2012-10-30,banxico,target_rate,4.5000,4.5
2012-10-31,banxico,target_rate,4.5000,4.5
2012-11-01,banxico,target_rate,4.5000,4.5
2012-11-02,banxico,target_rate,4.5000,4.5
2012-11-03,banxico,target_rate,4.5000,4.5
2012-11-04,banxico,target_rate,4.5000,4.5
2012-11-05,banxico,target_rate,4.5000,4.5
2012-11-06,banxico,target_rate,4.5000,4.5
2012-11-07,banxico,target_rate,4.5000,4.5
2012-11-08,banxico,target_rate,4.5000,4.5
2012-11-09,banxico,target_rate,4.5000,4.5
2012-11-10,banxico,target_rate,4.5000,4.5
2012-11-11,banxico,target_rate,4.5000,4.5
2012-11-12,banxico,target_rate,4.5000,4.5
2012-11-13,banxico,target_rate,4.5000,4.5
2012-11-14,banxico,target_rate,4.5000,4.5
2012-11-15,banxico,target_rate,4.5000,4.5
2012-11-16,banxico,target_rate,4.5000,4.5
2012-11-17,banxico,target_rate,4.5000,4.5
2012-11-18,banxico,target_rate,4.5000,4.5
2012-11-19,banxico,target_rate,4.5000,4.5
2012-11-20,banxico,target_rate,4.5000,4.5
2012-11-21,banxico,target_rate,4.5000,4.5
2012-11-22,banxico,target_rate,4.5000,4.5
2012-11-23,banxico,target_rate,4.5000,4.5
2012-11-24,banxico,target_rate,4.5000,4.5
2012-11-25,banxico,target_rate,4.5000,4.5
2012-11-26,banxico,target_rate,4.5000,4.5
2012-11-27,banxico,target_rate,4.5000,4.5
2012-11-28,banxico,target_rate,4.5000,4.5
2012-11-29,banxico,target_rate,4.5000,4.5
2012-11-30,banxico,target_rate,4.5000,4.5
2012-12-01,banxico,target_rate,4.5000,4.5
2012-12-02,banxico,target_rate,4.5000,4.5
2012-12-03,banxico,target_rate,4.5000,4.5
2012-12-04,banxico,target_rate,4.5000,4.5
2012-12-05,banxico,target_rate,4.5000,4.5
2012-12-06,banxico,target_rate,4.5000,4.5
2012-12-07,banxico,target_rate,4.5000,4.5
2012-12-08,banxico,target_rate,4.5000,4.5
2012-12-09,banxico,target_rate,4.5000,4.5
2012-12-10,banxico,target_rate,4.5000,4.5
2012-12-11,banxico,target_rate,4.5000,4.5
2012-12-12,banxico,target_rate,4.5000,4.5
2012-12-13,banxico,target_rate,4.5000,4.5
2012-12-14,banxico,target_rate,4.5000,4.5
2012-12-15,banxico,target_rate,4.5000,4.5
2012-12-16,banxico,target_rate,4.5000,4.5
2012-12-17,banxico,target_rate,4.5000,4.5
2012-12-18,banxico,target_rate,4.5000,4.5
2012-12-19,banxico,target_rate,4.5000,4.5
2012-12-20,banxico,target_rate,4.5000,4.5
2012-12-21,banxico,target_rate,4.5000,4.5
2012-12-22,banxico,target_rate,4.5000,4.5
2012-12-23,banxico,target_rate,4.5000,4.5
2012-12-24,banxico,target_rate,4.5000,4.5
2012-12-25,banxico,target_rate,4.5000,4.5
2012-12-26,banxico,target_rate,4.5000,4.5
2012-12-27,banxico,target_rate,4.5000,4.5
2012-12-28,banxico,target_rate,4.5000,4.5
2012-12-29,banxico,target_rate,4.5000,4.5
2012-12-30,banxico,target_rate,4.5000,4.5
2012-12-31,banxico,target_rate,4.5000,4.5
2013-01-01,banxico,target_rate,4.5000,4.5
2013-01-02,banxico,target_rate,4.5000,4.5
2013-01-03,banxico,target_rate,4.5000,4.5
2013-01-04,banxico,target_rate,4.5000,4.5
2013-01-05,banxico,target_rate,4.5000,4.5
2013-01-06,banxico,target_rate,4.5000,4.5
2013-01-07,banxico,target_rate,4.5000,4.5
2013-01-08,banxico,target_rate,4.5000,4.5
2013-01-09,banxico,target_rate,4.5000,4.5
2013-01-10,banxico,target_rate,4.5000,4.5
2013-01-11,banxico,target_rate,4.5000,4.5
2013-01-12,banxico,target_rate,4.5000,4.5
2013-01-13,banxico,target_rate,4.5000,4.5
2013-01-14,banxico,target_rate,4.5000,4.5
2013-01-15,banxico,target_rate,4.5000,4.5
2013-01-16,banxico,target_rate,4.5000,4.5
2013-01-17,banxico,target_rate,4.5000,4.5
2013-01-18,banxico,target_rate,4.5000,4.5
2013-01-19,banxico,target_rate,4.5000,4.5
2013-01-20,banxico,target_rate,4.5000,4.5
2013-01-21,banxico,target_rate,4.5000,4.5
2013-01-22,banxico,target_rate,4.5000,4.5
2013-01-23,banxico,target_rate,4.5000,4.5
2013-01-24,banxico,target_rate,4.5000,4.5
2013-01-25,banxico,target_rate,4.5000,4.5
2013-01-26,banxico,target_rate,4.5000,4.5
2013-01-27,banxico,target_rate,4.5000,4.5
2013-01-28,banxico,target_rate,4.5000,4.5
2013-01-29,banxico,target_rate,4.5000,4.5
2013-01-30,banxico,target_rate,4.5000,4.5
2013-01-31,banxico,target_rate,4.5000,4.5
2013-02-01,banxico,target_rate,4.5000,4.5
2013-02-02,banxico,target_rate,4.5000,4.5
2013-02-03,banxico,target_rate,4.5000,4.5
2013-02-04,banxico,target_rate,4.5000,4.5
2013-02-05,banxico,target_rate,4.5000,4.5
2013-02-06,banxico,target_rate,4.5000,4.5
2013-02-07,banxico,target_rate,4.5000,4.5
2013-02-08,banxico,target_rate,4.5000,4.5
2013-02-09,banxico,target_rate,4.5000,4.5
2013-02-10,banxico,target_rate,4.5000,4.5
2013-02-11,banxico,target_rate,4.5000,4.5
2013-02-12,banxico,target_rate,4.5000,4.5
2013-02-13,banxico,target_rate,4.5000,4.5
2013-02-14,banxico,target_rate,4.5000,4.5
2013-02-15,banxico,target_rate,4.5000,4.5
2013-02-16,banxico,target_rate,4.5000,4.5
2013-02-17,banxico,target_rate,4.5000,4.5
2013-02-18,banxico,target_rate,4.5000,4.5
2013-02-19,banxico,target_rate,4.5000,4.5
2013-02-20,banxico,target_rate,4.5000,4.5
2013-02-21,banxico,target_rate,4.5000,4.5
2013-02-22,banxico,target_rate,4.5000,4.5
2013-02-23,banxico,target_rate,4.5000,4.5
2013-02-24,banxico,target_rate,4.5000,4.5
2013-02-25,banxico,target_rate,4.5000,4.5
2013-02-26,banxico,target_rate,4.5000,4.5
2013-02-27,banxico,target_rate,4.5000,4.5
2013-02-28,banxico,target_rate,4.5000,4.5
2013-03-01,banxico,target_rate,4.5000,4.5
2013-03-02,banxico,target_rate,4.5000,4.5
2013-03-03,banxico,target_rate,4.5000,4.5
2013-03-04,banxico,target_rate,4.5000,4.5
2013-03-05,banxico,target_rate,4.5000,4.5
2013-03-06,banxico,target_rate,4.5000,4.5
2013-03-07,banxico,target_rate,4.5000,4.5
2013-03-08,banxico,target_rate,4.0000,4.0
2013-03-09,banxico,target_rate,4.0000,4.0
2013-03-10,banxico,target_rate,4.0000,4.0
2013-03-11,banxico,target_rate,4.0000,4.0
2013-03-12,banxico,target_rate,4.0000,4.0
2013-03-13,banxico,target_rate,4.0000,4.0
2013-03-14,banxico,target_rate,4.0000,4.0
2013-03-15,banxico,target_rate,4.0000,4.0
2013-03-16,banxico,target_rate,4.0000,4.0
2013-03-17,banxico,target_rate,4.0000,4.0
2013-03-18,banxico,target_rate,4.0000,4.0
2013-03-19,banxico,target_rate,4.0000,4.0
2013-03-20,banxico,target_rate,4.0000,4.0
2013-03-21,banxico,target_rate,4.0000,4.0
2013-03-22,banxico,target_rate,4.0000,4.0
2013-03-23,banxico,target_rate,4.0000,4.0
2013-03-24,banxico,target_rate,4.0000,4.0
2013-03-25,banxico,target_rate,4.0000,4.0
2013-03-26,banxico,target_rate,4.0000,4.0
2013-03-27,banxico,target_rate,4.0000,4.0
2013-03-28,banxico,target_rate,4.0000,4.0
2013-03-29,banxico,target_rate,4.0000,4.0
2013-03-30,banxico,target_rate,4.0000,4.0
2013-03-31,banxico,target_rate,4.0000,4.0
2013-04-01,banxico,target_rate,4.0000,4.0
2013-04-02,banxico,target_rate,4.0000,4.0
2013-04-03,banxico,target_rate,4.0000,4.0
2013-04-04,banxico,target_rate,4.0000,4.0
2013-04-05,banxico,target_rate,4.0000,4.0
2013-04-06,banxico,target_rate,4.0000,4.0
2013-04-07,banxico,target_rate,4.0000,4.0
2013-04-08,banxico,target_rate,4.0000,4.0
2013-04-09,banxico,target_rate,4.0000,4.0
2013-04-10,banxico,target_rate,4.0000,4.0
2013-04-11,banxico,target_rate,4.0000,4.0
2013-04-12,banxico,target_rate,4.0000,4.0
2013-04-13,banxico,target_rate,4.0000,4.0
2013-04-14,banxico,target_rate,4.0000,4.0
2013-04-15,banxico,target_rate,4.0000,4.0
2013-04-16,banxico,target_rate,4.0000,4.0
2013-04-17,banxico,target_rate,4.0000,4.0
2013-04-18,banxico,target_rate,4.0000,4.0
2013-04-19,banxico,target_rate,4.0000,4.0
2013-04-20,banxico,target_rate,4.0000,4.0
2013-04-21,banxico,target_rate,4.0000,4.0
2013-04-22,banxico,target_rate,4.0000,4.0
2013-04-23,banxico,target_rate,4.0000,4.0
2013-04-24,banxico,target_rate,4.0000,4.0
2013-04-25,banxico,target_rate,4.0000,4.0
2013-04-26,banxico,target_rate,4.0000,4.0
2013-04-27,banxico,target_rate,4.0000,4.0
2013-04-28,banxico,target_rate,4.0000,4.0
2013-04-29,banxico,target_rate,4.0000,4.0
2013-04-30,banxico,target_rate,4.0000,4.0
2013-05-01,banxico,target_rate,4.0000,4.0
2013-05-02,banxico,target_rate,4.0000,4.0
2013-05-03,banxico,target_rate,4.0000,4.0
2013-05-04,banxico,target_rate,4.0000,4.0
2013-05-05,banxico,target_rate,4.0000,4.0
2013-05-06,banxico,target_rate,4.0000,4.0
2013-05-07,banxico,target_rate,4.0000,4.0
2013-05-08,banxico,target_rate,4.0000,4.0
2013-05-09,banxico,target_rate,4.0000,4.0
2013-05-10,banxico,target_rate,4.0000,4.0
2013-05-11,banxico,target_rate,4.0000,4.0
2013-05-12,banxico,target_rate,4.0000,4.0
2013-05-13,banxico,target_rate,4.0000,4.0
2013-05-14,banxico,target_rate,4.0000,4.0
2013-05-15,banxico,target_rate,4.0000,4.0
2013-05-16,banxico,target_rate,4.0000,4.0
2013-05-17,banxico,target_rate,4.0000,4.0
2013-05-18,banxico,target_rate,4.0000,4.0
2013-05-19,banxico,target_rate,4.0000,4.0
2013-05-20,banxico,target_rate,4.0000,4.0
2013-05-21,banxico,target_rate,4.0000,4.0
2013-05-22,banxico,target_rate,4.0000,4.0
2013-05-23,banxico,target_rate,4.0000,4.0
2013-05-24,banxico,target_rate,4.0000,4.0
2013-05-25,banxico,target_rate,4.0000,4.0
2013-05-26,banxico,target_rate,4.0000,4.0
2013-05-27,banxico,target_rate,4.0000,4.0
2013-05-28,banxico,target_rate,4.0000,4.0
2013-05-29,banxico,target_rate,4.0000,4.0
2013-05-30,banxico,target_rate,4.0000,4.0
2013-05-31,banxico,target_rate,4.0000,4.0
2013-06-01,banxico,target_rate,4.0000,4.0
2013-06-02,banxico,target_rate,4.0000,4.0
2013-06-03,banxico,target_rate,4.0000,4.0
2013-06-04,banxico,target_rate,4.0000,4.0
2013-06-05,banxico,target_rate,4.0000,4.0
2013-06-06,banxico,target_rate,4.0000,4.0
2013-06-07,banxico,target_rate,4.0000,4.0
2013-06-08,banxico,target_rate,4.0000,4.0
2013-06-09,banxico,target_rate,4.0000,4.0
2013-06-10,banxico,target_rate,4.0000,4.0
2013-06-11,banxico,target_rate,4.0000,4.0
2013-06-12,banxico,target_rate,4.0000,4.0
2013-06-13,banxico,target_rate,4.0000,4.0
2013-06-14,banxico,target_rate,4.0000,4.0
2013-06-15,banxico,target_rate,4.0000,4.0
2013-06-16,banxico,target_rate,4.0000,4.0
2013-06-17,banxico,target_rate,4.0000,4.0
2013-06-18,banxico,target_rate,4.0000,4.0
2013-06-19,banxico,target_rate,4.0000,4.0
2013-06-20,banxico,target_rate,4.0000,4.0
2013-06-21,banxico,target_rate,4.0000,4.0
2013-06-22,banxico,target_rate,4.0000,4.0
2013-06-23,banxico,target_rate,4.0000,4.0
2013-06-24,banxico,target_rate,4.0000,4.0
2013-06-25,banxico,target_rate,4.0000,4.0
2013-06-26,banxico,target_rate,4.0000,4.0
2013-06-27,banxico,target_rate,4.0000,4.0
2013-06-28,banxico,target_rate,4.0000,4.0
2013-06-29,banxico,target_rate,4.0000,4.0
2013-06-30,banxico,target_rate,4.0000,4.0
2013-07-01,banxico,target_rate,4.0000,4.0
2013-07-02,banxico,target_rate,4.0000,4.0
2013-07-03,banxico,target_rate,4.0000,4.0
2013-07-04,banxico,target_rate,4.0000,4.0
2013-07-05,banxico,target_rate,4.0000,4.0
2013-07-06,banxico,target_rate,4.0000,4.0
2013-07-07,banxico,target_rate,4.0000,4.0
2013-07-08,banxico,target_rate,4.0000,4.0
2013-07-09,banxico,target_rate,4.0000,4.0
2013-07-10,banxico,target_rate,4.0000,4.0
2013-07-11,banxico,target_rate,4.0000,4.0
2013-07-12,banxico,target_rate,4.0000,4.0
2013-07-13,banxico,target_rate,4.0000,4.0
2013-07-14,banxico,target_rate,4.0000,4.0
2013-07-15,banxico,target_rate,4.0000,4.0
2013-07-16,banxico,target_rate,4.0000,4.0
2013-07-17,banxico,target_rate,4.0000,4.0
2013-07-18,banxico,target_rate,4.0000,4.0
2013-07-19,banxico,target_rate,4.0000,4.0
2013-07-20,banxico,target_rate,4.0000,4.0
2013-07-21,banxico,target_rate,4.0000,4.0
2013-07-22,banxico,target_rate,4.0000,4.0
2013-07-23,banxico,target_rate,4.0000,4.0
2013-07-24,banxico,target_rate,4.0000,4.0
2013-07-25,banxico,target_rate,4.0000,4.0
2013-07-26,banxico,target_rate,4.0000,4.0
2013-07-27,banxico,target_rate,4.0000,4.0
2013-07-28,banxico,target_rate,4.0000,4.0
2013-07-29,banxico,target_rate,4.0000,4.0
2013-07-30,banxico,target_rate,4.0000,4.0
2013-07-31,banxico,target_rate,4.0000,4.0
2013-08-01,banxico,target_rate,4.0000,4.0
2013-08-02,banxico,target_rate,4.0000,4.0
2013-08-03,banxico,target_rate,4.0000,4.0
2013-08-04,banxico,target_rate,4.0000,4.0
2013-08-05,banxico,target_rate,4.0000,4.0
2013-08-06,banxico,target_rate,4.0000,4.0
2013-08-07,banxico,target_rate,4.0000,4.0
2013-08-08,banxico,target_rate,4.0000,4.0
2013-08-09,banxico,target_rate,4.0000,4.0
2013-08-10,banxico,target_rate,4.0000,4.0
2013-08-11,banxico,target_rate,4.0000,4.0
2013-08-12,banxico,target_rate,4.0000,4.0
2013-08-13,banxico,target_rate,4.0000,4.0
2013-08-14,banxico,target_rate,4.0000,4.0
2013-08-15,banxico,target_rate,4.0000,4.0
2013-08-16,banxico,target_rate,4.0000,4.0
2013-08-17,banxico,target_rate,4.0000,4.0
2013-08-18,banxico,target_rate,4.0000,4.0
2013-08-19,banxico,target_rate,4.0000,4.0
2013-08-20,banxico,target_rate,4.0000,4.0
2013-08-21,banxico,target_rate,4.0000,4.0
2013-08-22,banxico,target_rate,4.0000,4.0
2013-08-23,banxico,target_rate,4.0000,4.0
2013-08-24,banxico,target_rate,4.0000,4.0
2013-08-25,banxico,target_rate,4.0000,4.0
2013-08-26,banxico,target_rate,4.0000,4.0
2013-08-27,banxico,target_rate,4.0000,4.0
2013-08-28,banxico,target_rate,4.0000,4.0
2013-08-29,banxico,target_rate,4.0000,4.0
2013-08-30,banxico,target_rate,4.0000,4.0
2013-08-31,banxico,target_rate,4.0000,4.0
2013-09-01,banxico,target_rate,4.0000,4.0
2013-09-02,banxico,target_rate,4.0000,4.0
2013-09-03,banxico,target_rate,4.0000,4.0
2013-09-04,banxico,target_rate,4.0000,4.0
2013-09-05,banxico,target_rate,4.0000,4.0
2013-09-06,banxico,target_rate,3.7500,3.75
2013-09-07,banxico,target_rate,3.7500,3.75
2013-09-08,banxico,target_rate,3.7500,3.75
2013-09-09,banxico,target_rate,3.7500,3.75
2013-09-10,banxico,target_rate,3.7500,3.75
2013-09-11,banxico,target_rate,3.7500,3.75
2013-09-12,banxico,target_rate,3.7500,3.75
2013-09-13,banxico,target_rate,3.7500,3.75
2013-09-14,banxico,target_rate,3.7500,3.75
2013-09-15,banxico,target_rate,3.7500,3.75
2013-09-16,banxico,target_rate,3.7500,3.75
2013-09-17,banxico,target_rate,3.7500,3.75
2013-09-18,banxico,target_rate,3.7500,3.75
2013-09-19,banxico,target_rate,3.7500,3.75
2013-09-20,banxico,target_rate,3.7500,3.75
2013-09-21,banxico,target_rate,3.7500,3.75
2013-09-22,banxico,target_rate,3.7500,3.75
2013-09-23,banxico,target_rate,3.7500,3.75
2013-09-24,banxico,target_rate,3.7500,3.75
2013-09-25,banxico,target_rate,3.7500,3.75
2013-09-26,banxico,target_rate,3.7500,3.75
2013-09-27,banxico,target_rate,3.7500,3.75
2013-09-28,banxico,target_rate,3.7500,3.75
2013-09-29,banxico,target_rate,3.7500,3.75
2013-09-30,banxico,target_rate,3.7500,3.75
2013-10-01,banxico,target_rate,3.7500,3.75
2013-10-02,banxico,target_rate,3.7500,3.75
2013-10-03,banxico,target_rate,3.7500,3.75
2013-10-04,banxico,target_rate,3.7500,3.75
2013-10-05,banxico,target_rate,3.7500,3.75
2013-10-06,banxico,target_rate,3.7500,3.75
2013-10-07,banxico,target_rate,3.7500,3.75
2013-10-08,banxico,target_rate,3.7500,3.75
2013-10-09,banxico,target_rate,3.7500,3.75
2013-10-10,banxico,target_rate,3.7500,3.75
2013-10-11,banxico,target_rate,3.7500,3.75
2013-10-12,banxico,target_rate,3.7500,3.75
2013-10-13,banxico,target_rate,3.7500,3.75
2013-10-14,banxico,target_rate,3.7500,3.75
2013-10-15,banxico,target_rate,3.7500,3.75
2013-10-16,banxico,target_rate,3.7500,3.75
2013-10-17,banxico,target_rate,3.7500,3.75
2013-10-18,banxico,target_rate,3.7500,3.75
2013-10-19,banxico,target_rate,3.7500,3.75
2013-10-20,banxico,target_rate,3.7500,3.75
2013-10-21,banxico,target_rate,3.7500,3.75
2013-10-22,banxico,target_rate,3.7500,3.75
2013-10-23,banxico,target_rate,3.7500,3.75
2013-10-24,banxico,target_rate,3.7500,3.75
2013-10-25,banxico,target_rate,3.5000,3.5
2013-10-26,banxico,target_rate,3.5000,3.5
2013-10-27,banxico,target_rate,3.5000,3.5
2013-10-28,banxico,target_rate,3.5000,3.5
2013-10-29,banxico,target_rate,3.5000,3.5
2013-10-30,banxico,target_rate,3.5000,3.5
2013-10-31,banxico,target_rate,3.5000,3.5
2013-11-01,banxico,target_rate,3.5000,3.5
2013-11-02,banxico,target_rate,3.5000,3.5
2013-11-03,banxico,target_rate,3.5000,3.5
2013-11-04,banxico,target_rate,3.5000,3.5
2013-11-05,banxico,target_rate,3.5000,3.5
2013-11-06,banxico,target_rate,3.5000,3.5
2013-11-07,banxico,target_rate,3.5000,3.5
2013-11-08,banxico,target_rate,3.5000,3.5
2013-11-09,banxico,target_rate,3.5000,3.5
2013-11-10,banxico,target_rate,3.5000,3.5
2013-11-11,banxico,target_rate,3.5000,3.5
2013-11-12,banxico,target_rate,3.5000,3.5
2013-11-13,banxico,target_rate,3.5000,3.5
2013-11-14,banxico,target_rate,3.5000,3.5
2013-11-15,banxico,target_rate,3.5000,3.5
2013-11-16,banxico,target_rate,3.5000,3.5
2013-11-17,banxico,target_rate,3.5000,3.5
2013-11-18,banxico,target_rate,3.5000,3.5
2013-11-19,banxico,target_rate,3.5000,3.5
2013-11-20,banxico,target_rate,3.5000,3.5
2013-11-21,banxico,target_rate,3.5000,3.5
2013-11-22,banxico,target_rate,3.5000,3.5
2013-11-23,banxico,target_rate,3.5000,3.5
2013-11-24,banxico,target_rate,3.5000,3.5
2013-11-25,banxico,target_rate,3.5000,3.5
2013-11-26,banxico,target_rate,3.5000,3.5
2013-11-27,banxico,target_rate,3.5000,3.5
2013-11-28,banxico,target_rate,3.5000,3.5
2013-11-29,banxico,target_rate,3.5000,3.5
2013-11-30,banxico,target_rate,3.5000,3.5
2013-12-01,banxico,target_rate,3.5000,3.5
2013-12-02,banxico,target_rate,3.5000,3.5
2013-12-03,banxico,target_rate,3.5000,3.5
2013-12-04,banxico,target_rate,3.5000,3.5
2013-12-05,banxico,target_rate,3.5000,3.5
2013-12-06,banxico,target_rate,3.5000,3.5
2013-12-07,banxico,target_rate,3.5000,3.5
2013-12-08,banxico,target_rate,3.5000,3.5
2013-12-09,banxico,target_rate,3.5000,3.5
2013-12-10,banxico,target_rate,3.5000,3.5
2013-12-11,banxico,target_rate,3.5000,3.5
2013-12-12,banxico,target_rate,3.5000,3.5
2013-12-13,banxico,target_rate,3.5000,3.5
2013-12-14,banxico,target_rate,3.5000,3.5
2013-12-15,banxico,target_rate,3.5000,3.5
2013-12-16,banxico,target_rate,3.5000,3.5
2013-12-17,banxico,target_rate,3.5000,3.5
2013-12-18,banxico,target_rate,3.5000,3.5
2013-12-19,banxico,target_rate,3.5000,3.5
2013-12-20,banxico,target_rate,3.5000,3.5
2013-12-21,banxico,target_rate,3.5000,3.5
2013-12-22,banxico,target_rate,3.5000,3.5
2013-12-23,banxico,target_rate,3.5000,3.5
2013-12-24,banxico,target_rate,3.5000,3.5
2013-12-25,banxico,target_rate,3.5000,3.5
2013-12-26,banxico,target_rate,3.5000,3.5
2013-12-27,banxico,target_rate,3.5000,3.5
2013-12-28,banxico,target_rate,3.5000,3.5
2013-12-29,banxico,target_rate,3.5000,3.5
2013-12-30,banxico,target_rate,3.5000,3.5
2013-12-31,banxico,target_rate,3.5000,3.5
2014-01-01,banxico,target_rate,3.5000,3.5
2014-01-02,banxico,target_rate,3.5000,3.5
2014-01-03,banxico,target_rate,3.5000,3.5
2014-01-04,banxico,target_rate,3.5000,3.5
2014-01-05,banxico,target_rate,3.5000,3.5
2014-01-06,banxico,target_rate,3.5000,3.5
2014-01-07,banxico,target_rate,3.5000,3.5
2014-01-08,banxico,target_rate,3.5000,3.5
2014-01-09,banxico,target_rate,3.5000,3.5
2014-01-10,banxico,target_rate,3.5000,3.5
2014-01-11,banxico,target_rate,3.5000,3.5
2014-01-12,banxico,target_rate,3.5000,3.5
2014-01-13,banxico,target_rate,3.5000,3.5
2014-01-14,banxico,target_rate,3.5000,3.5
2014-01-15,banxico,target_rate,3.5000,3.5
2014-01-16,banxico,target_rate,3.5000,3.5
2014-01-17,banxico,target_rate,3.5000,3.5
2014-01-18,banxico,target_rate,3.5000,3.5
2014-01-19,banxico,target_rate,3.5000,3.5
2014-01-20,banxico,target_rate,3.5000,3.5
2014-01-21,banxico,target_rate,3.5000,3.5
2014-01-22,banxico,target_rate,3.5000,3.5
2014-01-23,banxico,target_rate,3.5000,3.5
2014-01-24,banxico,target_rate,3.5000,3.5
2014-01-25,banxico,target_rate,3.5000,3.5
2014-01-26,banxico,target_rate,3.5000,3.5
2014-01-27,banxico,target_rate,3.5000,3.5
2014-01-28,banxico,target_rate,3.5000,3.5
2014-01-29,banxico,target_rate,3.5000,3.5
2014-01-30,banxico,target_rate,3.5000,3.5
2014-01-31,banxico,target_rate,3.5000,3.5
2014-02-01,banxico,target_rate,3.5000,3.5
2014-02-02,banxico,target_rate,3.5000,3.5
2014-02-03,banxico,target_rate,3.5000,3.5
2014-02-04,banxico,target_rate,3.5000,3.5
2014-02-05,banxico,target_rate,3.5000,3.5
2014-02-06,banxico,target_rate,3.5000,3.5
2014-02-07,banxico,target_rate,3.5000,3.5
2014-02-08,banxico,target_rate,3.5000,3.5
2014-02-09,banxico,target_rate,3.5000,3.5
2014-02-10,banxico,target_rate,3.5000,3.5
2014-02-11,banxico,target_rate,3.5000,3.5
2014-02-12,banxico,target_rate,3.5000,3.5
2014-02-13,banxico,target_rate,3.5000,3.5
2014-02-14,banxico,target_rate,3.5000,3.5
2014-02-15,banxico,target_rate,3.5000,3.5
2014-02-16,banxico,target_rate,3.5000,3.5
2014-02-17,banxico,target_rate,3.5000,3.5
2014-02-18,banxico,target_rate,3.5000,3.5
2014-02-19,banxico,target_rate,3.5000,3.5
2014-02-20,banxico,target_rate,3.5000,3.5
2014-02-21,banxico,target_rate,3.5000,3.5
2014-02-22,banxico,target_rate,3.5000,3.5
2014-02-23,banxico,target_rate,3.5000,3.5
2014-02-24,banxico,target_rate,3.5000,3.5
2014-02-25,banxico,target_rate,3.5000,3.5
2014-02-26,banxico,target_rate,3.5000,3.5
2014-02-27,banxico,target_rate,3.5000,3.5
2014-02-28,banxico,target_rate,3.5000,3.5
2014-03-01,banxico,target_rate,3.5000,3.5
2014-03-02,banxico,target_rate,3.5000,3.5
2014-03-03,banxico,target_rate,3.5000,3.5
2014-03-04,banxico,target_rate,3.5000,3.5
2014-03-05,banxico,target_rate,3.5000,3.5
2014-03-06,banxico,target_rate,3.5000,3.5
2014-03-07,banxico,target_rate,3.5000,3.5
2014-03-08,banxico,target_rate,3.5000,3.5
2014-03-09,banxico,target_rate,3.5000,3.5
2014-03-10,banxico,target_rate,3.5000,3.5
2014-03-11,banxico,target_rate,3.5000,3.5
2014-03-12,banxico,target_rate,3.5000,3.5
2014-03-13,banxico,target_rate,3.5000,3.5
2014-03-14,banxico,target_rate,3.5000,3.5
2014-03-15,banxico,target_rate,3.5000,3.5
2014-03-16,banxico,target_rate,3.5000,3.5
2014-03-17,banxico,target_rate,3.5000,3.5
2014-03-18,banxico,target_rate,3.5000,3.5
2014-03-19,banxico,target_rate,3.5000,3.5
2014-03-20,banxico,target_rate,3.5000,3.5
2014-03-21,banxico,target_rate,3.5000,3.5
2014-03-22,banxico,target_rate,3.5000,3.5
2014-03-23,banxico,target_rate,3.5000,3.5
2014-03-24,banxico,target_rate,3.5000,3.5
2014-03-25,banxico,target_rate,3.5000,3.5
2014-03-26,banxico,target_rate,3.5000,3.5
2014-03-27,banxico,target_rate,3.5000,3.5
2014-03-28,banxico,target_rate,3.5000,3.5
2014-03-29,banxico,target_rate,3.5000,3.5
2014-03-30,banxico,target_rate,3.5000,3.5
2014-03-31,banxico,target_rate,3.5000,3.5
2014-04-01,banxico,target_rate,3.5000,3.5
2014-04-02,banxico,target_rate,3.5000,3.5
2014-04-03,banxico,target_rate,3.5000,3.5
2014-04-04,banxico,target_rate,3.5000,3.5
2014-04-05,banxico,target_rate,3.5000,3.5
2014-04-06,banxico,target_rate,3.5000,3.5
2014-04-07,banxico,target_rate,3.5000,3.5
2014-04-08,banxico,target_rate,3.5000,3.5
2014-04-09,banxico,target_rate,3.5000,3.5
2014-04-10,banxico,target_rate,3.5000,3.5
2014-04-11,banxico,target_rate,3.5000,3.5
2014-04-12,banxico,target_rate,3.5000,3.5
2014-04-13,banxico,target_rate,3.5000,3.5
2014-04-14,banxico,target_rate,3.5000,3.5
2014-04-15,banxico,target_rate,3.5000,3.5
2014-04-16,banxico,target_rate,3.5000,3.5
2014-04-17,banxico,target_rate,3.5000,3.5
2014-04-18,banxico,target_rate,3.5000,3.5
2014-04-19,banxico,target_rate,3.5000,3.5
2014-04-20,banxico,target_rate,3.5000,3.5
2014-04-21,banxico,target_rate,3.5000,3.5
2014-04-22,banxico,target_rate,3.5000,3.5
2014-04-23,banxico,target_rate,3.5000,3.5
2014-04-24,banxico,target_rate,3.5000,3.5
2014-04-25,banxico,target_rate,3.5000,3.5
2014-04-26,banxico,target_rate,3.5000,3.5
2014-04-27,banxico,target_rate,3.5000,3.5
2014-04-28,banxico,target_rate,3.5000,3.5
2014-04-29,banxico,target_rate,3.5000,3.5
2014-04-30,banxico,target_rate,3.5000,3.5
2014-05-01,banxico,target_rate,3.5000,3.5
2014-05-02,banxico,target_rate,3.5000,3.5
2014-05-03,banxico,target_rate,3.5000,3.5
2014-05-04,banxico,target_rate,3.5000,3.5
2014-05-05,banxico,target_rate,3.5000,3.5
2014-05-06,banxico,target_rate,3.5000,3.5
2014-05-07,banxico,target_rate,3.5000,3.5
2014-05-08,banxico,target_rate,3.5000,3.5
2014-05-09,banxico,target_rate,3.5000,3.5
2014-05-10,banxico,target_rate,3.5000,3.5
2014-05-11,banxico,target_rate,3.5000,3.5
2014-05-12,banxico,target_rate,3.5000,3.5
2014-05-13,banxico,target_rate,3.5000,3.5
2014-05-14,banxico,target_rate,3.5000,3.5
2014-05-15,banxico,target_rate,3.5000,3.5
2014-05-16,banxico,target_rate,3.5000,3.5
2014-05-17,banxico,target_rate,3.5000,3.5
2014-05-18,banxico,target_rate,3.5000,3.5
2014-05-19,banxico,target_rate,3.5000,3.5
2014-05-20,banxico,target_rate,3.5000,3.5
2014-05-21,banxico,target_rate,3.5000,3.5
2014-05-22,banxico,target_rate,3.5000,3.5
2014-05-23,banxico,target_rate,3.5000,3.5
2014-05-24,banxico,target_rate,3.5000,3.5
2014-05-25,banxico,target_rate,3.5000,3.5
2014-05-26,banxico,target_rate,3.5000,3.5
2014-05-27,banxico,target_rate,3.5000,3.5
2014-05-28,banxico,target_rate,3.5000,3.5
2014-05-29,banxico,target_rate,3.5000,3.5
2014-05-30,banxico,target_rate,3.5000,3.5
2014-05-31,banxico,target_rate,3.5000,3.5
2014-06-01,banxico,target_rate,3.5000,3.5
2014-06-02,banxico,target_rate,3.5000,3.5
2014-06-03,banxico,target_rate,3.5000,3.5
2014-06-04,banxico,target_rate,3.5000,3.5
2014-06-05,banxico,target_rate,3.5000,3.5
2014-06-06,banxico,target_rate,3.0000,3.0
2014-06-07,banxico,target_rate,3.0000,3.0
2014-06-08,banxico,target_rate,3.0000,3.0
2014-06-09,banxico,target_rate,3.0000,3.0
2014-06-10,banxico,target_rate,3.0000,3.0
2014-06-11,banxico,target_rate,3.0000,3.0
2014-06-12,banxico,target_rate,3.0000,3.0
2014-06-13,banxico,target_rate,3.0000,3.0
2014-06-14,banxico,target_rate,3.0000,3.0
2014-06-15,banxico,target_rate,3.0000,3.0
2014-06-16,banxico,target_rate,3.0000,3.0
2014-06-17,banxico,target_rate,3.0000,3.0
2014-06-18,banxico,target_rate,3.0000,3.0
2014-06-19,banxico,target_rate,3.0000,3.0
2014-06-20,banxico,target_rate,3.0000,3.0
2014-06-21,banxico,target_rate,3.0000,3.0
2014-06-22,banxico,target_rate,3.0000,3.0
2014-06-23,banxico,target_rate,3.0000,3.0
2014-06-24,banxico,target_rate,3.0000,3.0
2014-06-25,banxico,target_rate,3.0000,3.0
2014-06-26,banxico,target_rate,3.0000,3.0
2014-06-27,banxico,target_rate,3.0000,3.0
2014-06-28,banxico,target_rate,3.0000,3.0
2014-06-29,banxico,target_rate,3.0000,3.0
2014-06-30,banxico,target_rate,3.0000,3.0
2014-07-01,banxico,target_rate,3.0000,3.0
2014-07-02,banxico,target_rate,3.0000,3.0
2014-07-03,banxico,target_rate,3.0000,3.0
2014-07-04,banxico,target_rate,3.0000,3.0
2014-07-05,banxico,target_rate,3.0000,3.0
2014-07-06,banxico,target_rate,3.0000,3.0
2014-07-07,banxico,target_rate,3.0000,3.0
2014-07-08,banxico,target_rate,3.0000,3.0
2014-07-09,banxico,target_rate,3.0000,3.0
2014-07-10,banxico,target_rate,3.0000,3.0
2014-07-11,banxico,target_rate,3.0000,3.0
2014-07-12,banxico,target_rate,3.0000,3.0
2014-07-13,banxico,target_rate,3.0000,3.0
2014-07-14,banxico,target_rate,3.0000,3.0
2014-07-15,banxico,target_rate,3.0000,3.0
2014-07-16,banxico,target_rate,3.0000,3.0
2014-07-17,banxico,target_rate,3.0000,3.0
2014-07-18,banxico,target_rate,3.0000,3.0
2014-07-19,banxico,target_rate,3.0000,3.0
2014-07-20,banxico,target_rate,3.0000,3.0
2014-07-21,banxico,target_rate,3.0000,3.0
2014-07-22,banxico,target_rate,3.0000,3.0
2014-07-23,banxico,target_rate,3.0000,3.0
2014-07-24,banxico,target_rate,3.0000,3.0
2014-07-25,banxico,target_rate,3.0000,3.0
2014-07-26,banxico,target_rate,3.0000,3.0
2014-07-27,banxico,target_rate,3.0000,3.0
2014-07-28,banxico,target_rate,3.0000,3.0
2014-07-29,banxico,target_rate,3.0000,3.0
2014-07-30,banxico,target_rate,3.0000,3.0
2014-07-31,banxico,target_rate,3.0000,3.0
2014-08-01,banxico,target_rate,3.0000,3.0
2014-08-02,banxico,target_rate,3.0000,3.0
2014-08-03,banxico,target_rate,3.0000,3.0
2014-08-04,banxico,target_rate,3.0000,3.0
2014-08-05,banxico,target_rate,3.0000,3.0
2014-08-06,banxico,target_rate,3.0000,3.0
2014-08-07,banxico,target_rate,3.0000,3.0
2014-08-08,banxico,target_rate,3.0000,3.0
2014-08-09,banxico,target_rate,3.0000,3.0
2014-08-10,banxico,target_rate,3.0000,3.0
2014-08-11,banxico,target_rate,3.0000,3.0
2014-08-12,banxico,target_rate,3.0000,3.0
2014-08-13,banxico,target_rate,3.0000,3.0
2014-08-14,banxico,target_rate,3.0000,3.0
2014-08-15,banxico,target_rate,3.0000,3.0
2014-08-16,banxico,target_rate,3.0000,3.0
2014-08-17,banxico,target_rate,3.0000,3.0
2014-08-18,banxico,target_rate,3.0000,3.0
2014-08-19,banxico,target_rate,3.0000,3.0
2014-08-20,banxico,target_rate,3.0000,3.0
2014-08-21,banxico,target_rate,3.0000,3.0
2014-08-22,banxico,target_rate,3.0000,3.0
2014-08-24,banxico,target_rate,3.0000,3.0
2014-08-25,banxico,target_rate,3.0000,3.0
2014-08-26,banxico,target_rate,3.0000,3.0
2014-08-27,banxico,target_rate,3.0000,3.0
2014-08-28,banxico,target_rate,3.0000,3.0
2014-08-29,banxico,target_rate,3.0000,3.0
2014-08-30,banxico,target_rate,3.0000,3.0
2014-08-31,banxico,target_rate,3.0000,3.0
2014-09-01,banxico,target_rate,3.0000,3.0
2014-09-02,banxico,target_rate,3.0000,3.0
2014-09-03,banxico,target_rate,3.0000,3.0
2014-09-04,banxico,target_rate,3.0000,3.0
2014-09-05,banxico,target_rate,3.0000,3.0
2014-09-06,banxico,target_rate,3.0000,3.0
2014-09-07,banxico,target_rate,3.0000,3.0
2014-09-08,banxico,target_rate,3.0000,3.0
2014-09-09,banxico,target_rate,3.0000,3.0
2014-09-10,banxico,target_rate,3.0000,3.0
2014-09-11,banxico,target_rate,3.0000,3.0
2014-09-12,banxico,target_rate,3.0000,3.0
2014-09-13,banxico,target_rate,3.0000,3.0
2014-09-14,banxico,target_rate,3.0000,3.0
2014-09-15,banxico,target_rate,3.0000,3.0
2014-09-16,banxico,target_rate,3.0000,3.0
2014-09-17,banxico,target_rate,3.0000,3.0
2014-09-18,banxico,target_rate,3.0000,3.0
2014-09-19,banxico,target_rate,3.0000,3.0
2014-09-20,banxico,target_rate,3.0000,3.0
2014-09-21,banxico,target_rate,3.0000,3.0
2014-09-22,banxico,target_rate,3.0000,3.0
2014-09-23,banxico,target_rate,3.0000,3.0
2014-09-24,banxico,target_rate,3.0000,3.0
2014-09-25,banxico,target_rate,3.0000,3.0
2014-09-26,banxico,target_rate,3.0000,3.0
2014-09-27,banxico,target_rate,3.0000,3.0
2014-09-28,banxico,target_rate,3.0000,3.0
2014-09-29,banxico,target_rate,3.0000,3.0
2014-09-30,banxico,target_rate,3.0000,3.0
2014-10-01,banxico,target_rate,3.0000,3.0
2014-10-02,banxico,target_rate,3.0000,3.0
2014-10-03,banxico,target_rate,3.0000,3.0
2014-10-04,banxico,target_rate,3.0000,3.0
2014-10-05,banxico,target_rate,3.0000,3.0
2014-10-06,banxico,target_rate,3.0000,3.0
2014-10-07,banxico,target_rate,3.0000,3.0
2014-10-08,banxico,target_rate,3.0000,3.0
2014-10-09,banxico,target_rate,3.0000,3.0
2014-10-10,banxico,target_rate,3.0000,3.0
2014-10-11,banxico,target_rate,3.0000,3.0
2014-10-12,banxico,target_rate,3.0000,3.0
2014-10-13,banxico,target_rate,3.0000,3.0
2014-10-14,banxico,target_rate,3.0000,3.0
2014-10-15,banxico,target_rate,3.0000,3.0
2014-10-16,banxico,target_rate,3.0000,3.0
2014-10-17,banxico,target_rate,3.0000,3.0
2014-10-18,banxico,target_rate,3.0000,3.0
2014-10-19,banxico,target_rate,3.0000,3.0
2014-10-20,banxico,target_rate,3.0000,3.0
2014-10-21,banxico,target_rate,3.0000,3.0
2014-10-22,banxico,target_rate,3.0000,3.0
2014-10-23,banxico,target_rate,3.0000,3.0
2014-10-24,banxico,target_rate,3.0000,3.0
2014-10-25,banxico,target_rate,3.0000,3.0
2014-10-26,banxico,target_rate,3.0000,3.0
2014-10-27,banxico,target_rate,3.0000,3.0
2014-10-28,banxico,target_rate,3.0000,3.0
2014-10-29,banxico,target_rate,3.0000,3.0
2014-10-30,banxico,target_rate,3.0000,3.0
2014-10-31,banxico,target_rate,3.0000,3.0
2014-11-01,banxico,target_rate,3.0000,3.0
2014-11-02,banxico,target_rate,3.0000,3.0
2014-11-03,banxico,target_rate,3.0000,3.0
2014-11-04,banxico,target_rate,3.0000,3.0
2014-11-05,banxico,target_rate,3.0000,3.0
2014-11-06,banxico,target_rate,3.0000,3.0
2014-11-07,banxico,target_rate,3.0000,3.0
2014-11-08,banxico,target_rate,3.0000,3.0
2014-11-09,banxico,target_rate,3.0000,3.0
2014-11-10,banxico,target_rate,3.0000,3.0
2014-11-11,banxico,target_rate,3.0000,3.0
2014-11-12,banxico,target_rate,3.0000,3.0
2014-11-13,banxico,target_rate,3.0000,3.0
2014-11-14,banxico,target_rate,3.0000,3.0
2014-11-15,banxico,target_rate,3.0000,3.0
2014-11-16,banxico,target_rate,3.0000,3.0
2014-11-17,banxico,target_rate,3.0000,3.0
2014-11-18,banxico,target_rate,3.0000,3.0
2014-11-19,banxico,target_rate,3.0000,3.0
2014-11-20,banxico,target_rate,3.0000,3.0
2014-11-21,banxico,target_rate,3.0000,3.0
2014-11-22,banxico,target_rate,3.0000,3.0
2014-11-23,banxico,target_rate,3.0000,3.0
2014-11-24,banxico,target_rate,3.0000,3.0
2014-11-25,banxico,target_rate,3.0000,3.0
2014-11-26,banxico,target_rate,3.0000,3.0
2014-11-27,banxico,target_rate,3.0000,3.0
2014-11-28,banxico,target_rate,3.0000,3.0
2014-11-29,banxico,target_rate,3.0000,3.0
2014-11-30,banxico,target_rate,3.0000,3.0
2014-12-01,banxico,target_rate,3.0000,3.0
2014-12-02,banxico,target_rate,3.0000,3.0
2014-12-03,banxico,target_rate,3.0000,3.0
2014-12-04,banxico,target_rate,3.0000,3.0
2014-12-05,banxico,target_rate,3.0000,3.0
2014-12-06,banxico,target_rate,3.0000,3.0
2014-12-07,banxico,target_rate,3.0000,3.0
2014-12-08,banxico,target_rate,3.0000,3.0
2014-12-09,banxico,target_rate,3.0000,3.0
2014-12-10,banxico,target_rate,3.0000,3.0
2014-12-11,banxico,target_rate,3.0000,3.0
2014-12-12,banxico,target_rate,3.0000,3.0
2014-12-13,banxico,target_rate,3.0000,3.0
2014-12-14,banxico,target_rate,3.0000,3.0
2014-12-15,banxico,target_rate,3.0000,3.0
2014-12-16,banxico,target_rate,3.0000,3.0
2014-12-17,banxico,target_rate,3.0000,3.0
2014-12-18,banxico,target_rate,3.0000,3.0
2014-12-19,banxico,target_rate,3.0000,3.0
2014-12-20,banxico,target_rate,3.0000,3.0
2014-12-21,banxico,target_rate,3.0000,3.0
2014-12-22,banxico,target_rate,3.0000,3.0
2014-12-23,banxico,target_rate,3.0000,3.0
2014-12-24,banxico,target_rate,3.0000,3.0
2014-12-25,banxico,target_rate,3.0000,3.0
2014-12-26,banxico,target_rate,3.0000,3.0
2014-12-27,banxico,target_rate,3.0000,3.0
2014-12-28,banxico,target_rate,3.0000,3.0
2014-12-29,banxico,target_rate,3.0000,3.0
2014-12-30,banxico,target_rate,3.0000,3.0
2014-12-31,banxico,target_rate,3.0000,3.0
2015-01-01,banxico,target_rate,3.0000,3.0
2015-01-02,banxico,target_rate,3.0000,3.0
2015-01-03,banxico,target_rate,3.0000,3.0
2015-01-04,banxico,target_rate,3.0000,3.0
2015-01-05,banxico,target_rate,3.0000,3.0
2015-01-06,banxico,target_rate,3.0000,3.0
2015-01-07,banxico,target_rate,3.0000,3.0
2015-01-08,banxico,target_rate,3.0000,3.0
2015-01-09,banxico,target_rate,3.0000,3.0
2015-01-10,banxico,target_rate,3.0000,3.0
2015-01-11,banxico,target_rate,3.0000,3.0
2015-01-12,banxico,target_rate,3.0000,3.0
2015-01-13,banxico,target_rate,3.0000,3.0
2015-01-14,banxico,target_rate,3.0000,3.0
2015-01-15,banxico,target_rate,3.0000,3.0
2015-01-16,banxico,target_rate,3.0000,3.0
2015-01-17,banxico,target_rate,3.0000,3.0
2015-01-18,banxico,target_rate,3.0000,3.0
2015-01-19,banxico,target_rate,3.0000,3.0
2015-01-20,banxico,target_rate,3.0000,3.0
2015-01-21,banxico,target_rate,3.0000,3.0
2015-01-22,banxico,target_rate,3.0000,3.0
2015-01-23,banxico,target_rate,3.0000,3.0
2015-01-24,banxico,target_rate,3.0000,3.0
2015-01-25,banxico,target_rate,3.0000,3.0
2015-01-26,banxico,target_rate,3.0000,3.0
2015-01-27,banxico,target_rate,3.0000,3.0
2015-01-28,banxico,target_rate,3.0000,3.0
2015-01-29,banxico,target_rate,3.0000,3.0
2015-01-30,banxico,target_rate,3.0000,3.0
2015-01-31,banxico,target_rate,3.0000,3.0
2015-02-01,banxico,target_rate,3.0000,3.0
2015-02-02,banxico,target_rate,3.0000,3.0
2015-02-03,banxico,target_rate,3.0000,3.0
2015-02-04,banxico,target_rate,3.0000,3.0
2015-02-05,banxico,target_rate,3.0000,3.0
2015-02-06,banxico,target_rate,3.0000,3.0
2015-02-07,banxico,target_rate,3.0000,3.0
2015-02-08,banxico,target_rate,3.0000,3.0
2015-02-09,banxico,target_rate,3.0000,3.0
2015-02-10,banxico,target_rate,3.0000,3.0
2015-02-11,banxico,target_rate,3.0000,3.0
2015-02-12,banxico,target_rate,3.0000,3.0
2015-02-13,banxico,target_rate,3.0000,3.0
2015-02-14,banxico,target_rate,3.0000,3.0
2015-02-15,banxico,target_rate,3.0000,3.0
2015-02-16,banxico,target_rate,3.0000,3.0
2015-02-17,banxico,target_rate,3.0000,3.0
2015-02-18,banxico,target_rate,3.0000,3.0
2015-02-19,banxico,target_rate,3.0000,3.0
2015-02-20,banxico,target_rate,3.0000,3.0
2015-02-21,banxico,target_rate,3.0000,3.0
2015-02-22,banxico,target_rate,3.0000,3.0
2015-02-23,banxico,target_rate,3.0000,3.0
2015-02-24,banxico,target_rate,3.0000,3.0
2015-02-25,banxico,target_rate,3.0000,3.0
2015-02-26,banxico,target_rate,3.0000,3.0
2015-02-27,banxico,target_rate,3.0000,3.0
2015-02-28,banxico,target_rate,3.0000,3.0
2015-03-01,banxico,target_rate,3.0000,3.0
2015-03-02,banxico,target_rate,3.0000,3.0
2015-03-03,banxico,target_rate,3.0000,3.0
2015-03-04,banxico,target_rate,3.0000,3.0
2015-03-05,banxico,target_rate,3.0000,3.0
2015-03-06,banxico,target_rate,3.0000,3.0
2015-03-07,banxico,target_rate,3.0000,3.0
2015-03-08,banxico,target_rate,3.0000,3.0
2015-03-09,banxico,target_rate,3.0000,3.0
2015-03-10,banxico,target_rate,3.0000,3.0
2015-03-11,banxico,target_rate,3.0000,3.0
2015-03-12,banxico,target_rate,3.0000,3.0
2015-03-13,banxico,target_rate,3.0000,3.0
2015-03-14,banxico,target_rate,3.0000,3.0
2015-03-15,banxico,target_rate,3.0000,3.0
2015-03-16,banxico,target_rate,3.0000,3.0
2015-03-17,banxico,target_rate,3.0000,3.0
2015-03-18,banxico,target_rate,3.0000,3.0
2015-03-19,banxico,target_rate,3.0000,3.0
2015-03-20,banxico,target_rate,3.0000,3.0
2015-03-21,banxico,target_rate,3.0000,3.0
2015-03-22,banxico,target_rate,3.0000,3.0
2015-03-23,banxico,target_rate,3.0000,3.0
2015-03-24,banxico,target_rate,3.0000,3.0
2015-03-25,banxico,target_rate,3.0000,3.0
2015-03-26,banxico,target_rate,3.0000,3.0
2015-03-27,banxico,target_rate,3.0000,3.0
2015-03-28,banxico,target_rate,3.0000,3.0
2015-03-29,banxico,target_rate,3.0000,3.0
2015-03-30,banxico,target_rate,3.0000,3.0
2015-03-31,banxico,target_rate,3.0000,3.0
2015-04-01,banxico,target_rate,3.0000,3.0
2015-04-02,banxico,target_rate,3.0000,3.0
2015-04-03,banxico,target_rate,3.0000,3.0
2015-04-04,banxico,target_rate,3.0000,3.0
2015-04-05,banxico,target_rate,3.0000,3.0
2015-04-06,banxico,target_rate,3.0000,3.0
2015-04-07,banxico,target_rate,3.0000,3.0
2015-04-08,banxico,target_rate,3.0000,3.0
2015-04-09,banxico,target_rate,3.0000,3.0
2015-04-10,banxico,target_rate,3.0000,3.0
2015-04-11,banxico,target_rate,3.0000,3.0
2015-04-12,banxico,target_rate,3.0000,3.0
2015-04-13,banxico,target_rate,3.0000,3.0
2015-04-14,banxico,target_rate,3.0000,3.0
2015-04-15,banxico,target_rate,3.0000,3.0
2015-04-16,banxico,target_rate,3.0000,3.0
2015-04-17,banxico,target_rate,3.0000,3.0
2015-04-18,banxico,target_rate,3.0000,3.0
2015-04-19,banxico,target_rate,3.0000,3.0
2015-04-20,banxico,target_rate,3.0000,3.0
2015-04-21,banxico,target_rate,3.0000,3.0
2015-04-22,banxico,target_rate,3.0000,3.0
2015-04-23,banxico,target_rate,3.0000,3.0
2015-04-24,banxico,target_rate,3.0000,3.0
2015-04-25,banxico,target_rate,3.0000,3.0
2015-04-26,banxico,target_rate,3.0000,3.0
2015-04-27,banxico,target_rate,3.0000,3.0
2015-04-28,banxico,target_rate,3.0000,3.0
2015-04-29,banxico,target_rate,3.0000,3.0
2015-04-30,banxico,target_rate,3.0000,3.0
2015-05-01,banxico,target_rate,3.0000,3.0
2015-05-02,banxico,target_rate,3.0000,3.0
2015-05-03,banxico,target_rate,3.0000,3.0
2015-05-04,banxico,target_rate,3.0000,3.0
2015-05-05,banxico,target_rate,3.0000,3.0
2015-05-06,banxico,target_rate,3.0000,3.0
2015-05-07,banxico,target_rate,3.0000,3.0
2015-05-08,banxico,target_rate,3.0000,3.0
2015-05-09,banxico,target_rate,3.0000,3.0
2015-05-10,banxico,target_rate,3.0000,3.0
2015-05-11,banxico,target_rate,3.0000,3.0
2015-05-12,banxico,target_rate,3.0000,3.0
2015-05-13,banxico,target_rate,3.0000,3.0
2015-05-14,banxico,target_rate,3.0000,3.0
2015-05-15,banxico,target_rate,3.0000,3.0
2015-05-16,banxico,target_rate,3.0000,3.0
2015-05-17,banxico,target_rate,3.0000,3.0
2015-05-18,banxico,target_rate,3.0000,3.0
2015-05-19,banxico,target_rate,3.0000,3.0
2015-05-20,banxico,target_rate,3.0000,3.0
2015-05-21,banxico,target_rate,3.0000,3.0
2015-05-22,banxico,target_rate,3.0000,3.0
2015-05-23,banxico,target_rate,3.0000,3.0
2015-05-24,banxico,target_rate,3.0000,3.0
2015-05-25,banxico,target_rate,3.0000,3.0
2015-05-26,banxico,target_rate,3.0000,3.0
2015-05-27,banxico,target_rate,3.0000,3.0
2015-05-28,banxico,target_rate,3.0000,3.0
2015-05-29,banxico,target_rate,3.0000,3.0
2015-05-30,banxico,target_rate,3.0000,3.0
2015-05-31,banxico,target_rate,3.0000,3.0
2015-06-01,banxico,target_rate,3.0000,3.0
2015-06-02,banxico,target_rate,3.0000,3.0
2015-06-03,banxico,target_rate,3.0000,3.0
2015-06-04,banxico,target_rate,3.0000,3.0
2015-06-05,banxico,target_rate,3.0000,3.0
2015-06-06,banxico,target_rate,3.0000,3.0
2015-06-07,banxico,target_rate,3.0000,3.0
2015-06-08,banxico,target_rate,3.0000,3.0
2015-06-09,banxico,target_rate,3.0000,3.0
2015-06-10,banxico,target_rate,3.0000,3.0
2015-06-11,banxico,target_rate,3.0000,3.0
2015-06-12,banxico,target_rate,3.0000,3.0
2015-06-13,banxico,target_rate,3.0000,3.0
2015-06-14,banxico,target_rate,3.0000,3.0
2015-06-15,banxico,target_rate,3.0000,3.0
2015-06-16,banxico,target_rate,3.0000,3.0
2015-06-17,banxico,target_rate,3.0000,3.0
2015-06-18,banxico,target_rate,3.0000,3.0
2015-06-19,banxico,target_rate,3.0000,3.0
2015-06-20,banxico,target_rate,3.0000,3.0
2015-06-21,banxico,target_rate,3.0000,3.0
2015-06-22,banxico,target_rate,3.0000,3.0
2015-06-23,banxico,target_rate,3.0000,3.0
2015-06-24,banxico,target_rate,3.0000,3.0
2015-06-25,banxico,target_rate,3.0000,3.0
2015-06-26,banxico,target_rate,3.0000,3.0
2015-06-27,banxico,target_rate,3.0000,3.0
2015-06-28,banxico,target_rate,3.0000,3.0
2015-06-29,banxico,target_rate,3.0000,3.0
2015-06-30,banxico,target_rate,3.0000,3.0
2015-07-01,banxico,target_rate,3.0000,3.0
2015-07-02,banxico,target_rate,3.0000,3.0
2015-07-03,banxico,target_rate,3.0000,3.0
2015-07-04,banxico,target_rate,3.0000,3.0
2015-07-05,banxico,target_rate,3.0000,3.0
2015-07-06,banxico,target_rate,3.0000,3.0
2015-07-07,banxico,target_rate,3.0000,3.0
2015-07-08,banxico,target_rate,3.0000,3.0
2015-07-09,banxico,target_rate,3.0000,3.0
2015-07-10,banxico,target_rate,3.0000,3.0
2015-07-11,banxico,target_rate,3.0000,3.0
2015-07-12,banxico,target_rate,3.0000,3.0
2015-07-13,banxico,target_rate,3.0000,3.0
2015-07-14,banxico,target_rate,3.0000,3.0
2015-07-15,banxico,target_rate,3.0000,3.0
2015-07-16,banxico,target_rate,3.0000,3.0
2015-07-17,banxico,target_rate,3.0000,3.0
2015-07-18,banxico,target_rate,3.0000,3.0
2015-07-19,banxico,target_rate,3.0000,3.0
2015-07-20,banxico,target_rate,3.0000,3.0
2015-07-21,banxico,target_rate,3.0000,3.0
2015-07-22,banxico,target_rate,3.0000,3.0
2015-07-23,banxico,target_rate,3.0000,3.0
2015-07-24,banxico,target_rate,3.0000,3.0
2015-07-25,banxico,target_rate,3.0000,3.0
2015-07-26,banxico,target_rate,3.0000,3.0
2015-07-27,banxico,target_rate,3.0000,3.0
2015-07-28,banxico,target_rate,3.0000,3.0
2015-07-29,banxico,target_rate,3.0000,3.0
2015-07-30,banxico,target_rate,3.0000,3.0
2015-07-31,banxico,target_rate,3.0000,3.0
2015-08-01,banxico,target_rate,3.0000,3.0
2015-08-02,banxico,target_rate,3.0000,3.0
2015-08-03,banxico,target_rate,3.0000,3.0
2015-08-04,banxico,target_rate,3.0000,3.0
2015-08-05,banxico,target_rate,3.0000,3.0
2015-08-06,banxico,target_rate,3.0000,3.0
2015-08-07,banxico,target_rate,3.0000,3.0
2015-08-08,banxico,target_rate,3.0000,3.0
2015-08-09,banxico,target_rate,3.0000,3.0
2015-08-10,banxico,target_rate,3.0000,3.0
2015-08-11,banxico,target_rate,3.0000,3.0
2015-08-12,banxico,target_rate,3.0000,3.0
2015-08-13,banxico,target_rate,3.0000,3.0
2015-08-14,banxico,target_rate,3.0000,3.0
2015-08-15,banxico,target_rate,3.0000,3.0
2015-08-16,banxico,target_rate,3.0000,3.0
2015-08-17,banxico,target_rate,3.0000,3.0
2015-08-18,banxico,target_rate,3.0000,3.0
2015-08-19,banxico,target_rate,3.0000,3.0
2015-08-20,banxico,target_rate,3.0000,3.0
2015-08-21,banxico,target_rate,3.0000,3.0
2015-08-22,banxico,target_rate,3.0000,3.0
2015-08-23,banxico,target_rate,3.0000,3.0
2015-08-24,banxico,target_rate,3.0000,3.0
2015-08-25,banxico,target_rate,3.0000,3.0
2015-08-26,banxico,target_rate,3.0000,3.0
2015-08-27,banxico,target_rate,3.0000,3.0
2015-08-28,banxico,target_rate,3.0000,3.0
2015-08-29,banxico,target_rate,3.0000,3.0
2015-08-30,banxico,target_rate,3.0000,3.0
2015-08-31,banxico,target_rate,3.0000,3.0
2015-09-01,banxico,target_rate,3.0000,3.0
2015-09-02,banxico,target_rate,3.0000,3.0
2015-09-03,banxico,target_rate,3.0000,3.0
2015-09-04,banxico,target_rate,3.0000,3.0
2015-09-05,banxico,target_rate,3.0000,3.0
2015-09-06,banxico,target_rate,3.0000,3.0
2015-09-07,banxico,target_rate,3.0000,3.0
2015-09-08,banxico,target_rate,3.0000,3.0
2015-09-09,banxico,target_rate,3.0000,3.0
2015-09-10,banxico,target_rate,3.0000,3.0
2015-09-11,banxico,target_rate,3.0000,3.0
2015-09-12,banxico,target_rate,3.0000,3.0
2015-09-13,banxico,target_rate,3.0000,3.0
2015-09-14,banxico,target_rate,3.0000,3.0
2015-09-15,banxico,target_rate,3.0000,3.0
2015-09-16,banxico,target_rate,3.0000,3.0
2015-09-17,banxico,target_rate,3.0000,3.0
2015-09-18,banxico,target_rate,3.0000,3.0
2015-09-19,banxico,target_rate,3.0000,3.0
2015-09-20,banxico,target_rate,3.0000,3.0
2015-09-21,banxico,target_rate,3.0000,3.0
2015-09-22,banxico,target_rate,3.0000,3.0
2015-09-23,banxico,target_rate,3.0000,3.0
2015-09-24,banxico,target_rate,3.0000,3.0
2015-09-25,banxico,target_rate,3.0000,3.0
2015-09-26,banxico,target_rate,3.0000,3.0
2015-09-27,banxico,target_rate,3.0000,3.0
2015-09-28,banxico,target_rate,3.0000,3.0
2015-09-29,banxico,target_rate,3.0000,3.0
2015-09-30,banxico,target_rate,3.0000,3.0
2015-10-01,banxico,target_rate,3.0000,3.0
2015-10-02,banxico,target_rate,3.0000,3.0
2015-10-03,banxico,target_rate,3.0000,3.0
2015-10-04,banxico,target_rate,3.0000,3.0
2015-10-05,banxico,target_rate,3.0000,3.0
2015-10-06,banxico,target_rate,3.0000,3.0
2015-10-07,banxico,target_rate,3.0000,3.0
2015-10-08,banxico,target_rate,3.0000,3.0
2015-10-09,banxico,target_rate,3.0000,3.0
2015-10-10,banxico,target_rate,3.0000,3.0
2015-10-11,banxico,target_rate,3.0000,3.0
2015-10-12,banxico,target_rate,3.0000,3.0
2015-10-13,banxico,target_rate,3.0000,3.0
2015-10-14,banxico,target_rate,3.0000,3.0
2015-10-15,banxico,target_rate,3.0000,3.0
2015-10-16,banxico,target_rate,3.0000,3.0
2015-10-17,banxico,target_rate,3.0000,3.0
2015-10-18,banxico,target_rate,3.0000,3.0
2015-10-19,banxico,target_rate,3.0000,3.0
2015-10-20,banxico,target_rate,3.0000,3.0
2015-10-21,banxico,target_rate,3.0000,3.0
2015-10-22,banxico,target_rate,3.0000,3.0
2015-10-23,banxico,target_rate,3.0000,3.0
2015-10-24,banxico,target_rate,3.0000,3.0
2015-10-25,banxico,target_rate,3.0000,3.0
2015-10-26,banxico,target_rate,3.0000,3.0
2015-10-27,banxico,target_rate,3.0000,3.0
2015-10-28,banxico,target_rate,3.0000,3.0
2015-10-29,banxico,target_rate,3.0000,3.0
2015-10-30,banxico,target_rate,3.0000,3.0
2015-10-31,banxico,target_rate,3.0000,3.0
2015-11-01,banxico,target_rate,3.0000,3.0
2015-11-02,banxico,target_rate,3.0000,3.0
2015-11-03,banxico,target_rate,3.0000,3.0
2015-11-04,banxico,target_rate,3.0000,3.0
2015-11-05,banxico,target_rate,3.0000,3.0
2015-11-06,banxico,target_rate,3.0000,3.0
2015-11-07,banxico,target_rate,3.0000,3.0
2015-11-08,banxico,target_rate,3.0000,3.0
2015-11-09,banxico,target_rate,3.0000,3.0
2015-11-10,banxico,target_rate,3.0000,3.0
2015-11-11,banxico,target_rate,3.0000,3.0
2015-11-12,banxico,target_rate,3.0000,3.0
2015-11-13,banxico,target_rate,3.0000,3.0
2015-11-14,banxico,target_rate,3.0000,3.0
2015-11-15,banxico,target_rate,3.0000,3.0
2015-11-16,banxico,target_rate,3.0000,3.0
2015-11-17,banxico,target_rate,3.0000,3.0
2015-11-18,banxico,target_rate,3.0000,3.0
2015-11-19,banxico,target_rate,3.0000,3.0
2015-11-20,banxico,target_rate,3.0000,3.0
2015-11-21,banxico,target_rate,3.0000,3.0
2015-11-22,banxico,target_rate,3.0000,3.0
2015-11-23,banxico,target_rate,3.0000,3.0
2015-11-24,banxico,target_rate,3.0000,3.0
2015-11-25,banxico,target_rate,3.0000,3.0
2015-11-26,banxico,target_rate,3.0000,3.0
2015-11-27,banxico,target_rate,3.0000,3.0
2015-11-28,banxico,target_rate,3.0000,3.0
2015-11-29,banxico,target_rate,3.0000,3.0
2015-11-30,banxico,target_rate,3.0000,3.0
2015-12-01,banxico,target_rate,3.0000,3.0
2015-12-02,banxico,target_rate,3.0000,3.0
2015-12-03,banxico,target_rate,3.0000,3.0
2015-12-04,banxico,target_rate,3.0000,3.0
2015-12-05,banxico,target_rate,3.0000,3.0
2015-12-06,banxico,target_rate,3.0000,3.0
2015-12-07,banxico,target_rate,3.0000,3.0
2015-12-08,banxico,target_rate,3.0000,3.0
2015-12-09,banxico,target_rate,3.0000,3.0
2015-12-10,banxico,target_rate,3.0000,3.0
2015-12-11,banxico,target_rate,3.0000,3.0
2015-12-12,banxico,target_rate,3.0000,3.0
2015-12-13,banxico,target_rate,3.0000,3.0
2015-12-14,banxico,target_rate,3.0000,3.0
2015-12-15,banxico,target_rate,3.0000,3.0
2015-12-16,banxico,target_rate,3.0000,3.0
2015-12-17,banxico,target_rate,3.2500,3.25
2015-12-18,banxico,target_rate,3.2500,3.25
2015-12-19,banxico,target_rate,3.2500,3.25
2015-12-20,banxico,target_rate,3.2500,3.25
2015-12-21,banxico,target_rate,3.2500,3.25
2015-12-22,banxico,target_rate,3.2500,3.25
2015-12-23,banxico,target_rate,3.2500,3.25
2015-12-24,banxico,target_rate,3.2500,3.25
2015-12-25,banxico,target_rate,3.2500,3.25
2015-12-26,banxico,target_rate,3.2500,3.25
2015-12-27,banxico,target_rate,3.2500,3.25
2015-12-28,banxico,target_rate,3.2500,3.25
2015-12-29,banxico,target_rate,3.2500,3.25
2015-12-30,banxico,target_rate,3.2500,3.25
2015-12-31,banxico,target_rate,3.2500,3.25
2016-01-01,banxico,target_rate,3.2500,3.25
2016-01-02,banxico,target_rate,3.2500,3.25
2016-01-03,banxico,target_rate,3.2500,3.25
2016-01-04,banxico,target_rate,3.2500,3.25
2016-01-05,banxico,target_rate,3.2500,3.25
2016-01-06,banxico,target_rate,3.2500,3.25
2016-01-07,banxico,target_rate,3.2500,3.25
2016-01-08,banxico,target_rate,3.2500,3.25
2016-01-09,banxico,target_rate,3.2500,3.25
2016-01-10,banxico,target_rate,3.2500,3.25
2016-01-11,banxico,target_rate,3.2500,3.25
2016-01-12,banxico,target_rate,3.2500,3.25
2016-01-13,banxico,target_rate,3.2500,3.25
2016-01-14,banxico,target_rate,3.2500,3.25
2016-01-15,banxico,target_rate,3.2500,3.25
2016-01-16,banxico,target_rate,3.2500,3.25
2016-01-17,banxico,target_rate,3.2500,3.25
2016-01-18,banxico,target_rate,3.2500,3.25
2016-01-19,banxico,target_rate,3.2500,3.25
2016-01-20,banxico,target_rate,3.2500,3.25
2016-01-21,banxico,target_rate,3.2500,3.25
2016-01-22,banxico,target_rate,3.2500,3.25
2016-01-23,banxico,target_rate,3.2500,3.25
2016-01-24,banxico,target_rate,3.2500,3.25
2016-01-25,banxico,target_rate,3.2500,3.25
2016-01-26,banxico,target_rate,3.2500,3.25
2016-01-27,banxico,target_rate,3.2500,3.25
2016-01-28,banxico,target_rate,3.2500,3.25
2016-01-29,banxico,target_rate,3.2500,3.25
2016-01-30,banxico,target_rate,3.2500,3.25
2016-01-31,banxico,target_rate,3.2500,3.25
2016-02-01,banxico,target_rate,3.2500,3.25
2016-02-02,banxico,target_rate,3.2500,3.25
2016-02-03,banxico,target_rate,3.2500,3.25
2016-02-04,banxico,target_rate,3.2500,3.25
2016-02-05,banxico,target_rate,3.2500,3.25
2016-02-06,banxico,target_rate,3.2500,3.25
2016-02-07,banxico,target_rate,3.2500,3.25
2016-02-08,banxico,target_rate,3.2500,3.25
2016-02-09,banxico,target_rate,3.2500,3.25
2016-02-10,banxico,target_rate,3.2500,3.25
2016-02-11,banxico,target_rate,3.2500,3.25
2016-02-12,banxico,target_rate,3.2500,3.25
2016-02-13,banxico,target_rate,3.2500,3.25
2016-02-14,banxico,target_rate,3.2500,3.25
2016-02-15,banxico,target_rate,3.2500,3.25
2016-02-16,banxico,target_rate,3.2500,3.25
2016-02-17,banxico,target_rate,3.7500,3.75
2016-02-18,banxico,target_rate,3.7500,3.75
2016-02-19,banxico,target_rate,3.7500,3.75
2016-02-20,banxico,target_rate,3.7500,3.75
2016-02-21,banxico,target_rate,3.7500,3.75
2016-02-22,banxico,target_rate,3.7500,3.75
2016-02-23,banxico,target_rate,3.7500,3.75
2016-02-24,banxico,target_rate,3.7500,3.75
2016-02-25,banxico,target_rate,3.7500,3.75
2016-02-26,banxico,target_rate,3.7500,3.75
2016-02-27,banxico,target_rate,3.7500,3.75
2016-02-28,banxico,target_rate,3.7500,3.75
2016-02-29,banxico,target_rate,3.7500,3.75
2016-03-01,banxico,target_rate,3.7500,3.75
2016-03-02,banxico,target_rate,3.7500,3.75
2016-03-03,banxico,target_rate,3.7500,3.75
2016-03-04,banxico,target_rate,3.7500,3.75
2016-03-05,banxico,target_rate,3.7500,3.75
2016-03-06,banxico,target_rate,3.7500,3.75
2016-03-07,banxico,target_rate,3.7500,3.75
2016-03-08,banxico,target_rate,3.7500,3.75
2016-03-09,banxico,target_rate,3.7500,3.75
2016-03-10,banxico,target_rate,3.7500,3.75
2016-03-11,banxico,target_rate,3.7500,3.75
2016-03-12,banxico,target_rate,3.7500,3.75
2016-03-13,banxico,target_rate,3.7500,3.75
2016-03-14,banxico,target_rate,3.7500,3.75
2016-03-15,banxico,target_rate,3.7500,3.75
2016-03-16,banxico,target_rate,3.7500,3.75
2016-03-17,banxico,target_rate,3.7500,3.75
2016-03-18,banxico,target_rate,3.7500,3.75
2016-03-19,banxico,target_rate,3.7500,3.75
2016-03-20,banxico,target_rate,3.7500,3.75
2016-03-21,banxico,target_rate,3.7500,3.75
2016-03-22,banxico,target_rate,3.7500,3.75
2016-03-23,banxico,target_rate,3.7500,3.75
2016-03-24,banxico,target_rate,3.7500,3.75
2016-03-25,banxico,target_rate,3.7500,3.75
2016-03-26,banxico,target_rate,3.7500,3.75
2016-03-27,banxico,target_rate,3.7500,3.75
2016-03-28,banxico,target_rate,3.7500,3.75
2016-03-29,banxico,target_rate,3.7500,3.75
2016-03-30,banxico,target_rate,3.7500,3.75
2016-03-31,banxico,target_rate,3.7500,3.75
2016-04-01,banxico,target_rate,3.7500,3.75
2016-04-02,banxico,target_rate,3.7500,3.75
2016-04-03,banxico,target_rate,3.7500,3.75
2016-04-04,banxico,target_rate,3.7500,3.75
2016-04-05,banxico,target_rate,3.7500,3.75
2016-04-06,banxico,target_rate,3.7500,3.75
2016-04-07,banxico,target_rate,3.7500,3.75
2016-04-08,banxico,target_rate,3.7500,3.75
2016-04-09,banxico,target_rate,3.7500,3.75
2016-04-10,banxico,target_rate,3.7500,3.75
2016-04-11,banxico,target_rate,3.7500,3.75
2016-04-12,banxico,target_rate,3.7500,3.75
2016-04-13,banxico,target_rate,3.7500,3.75
2016-04-14,banxico,target_rate,3.7500,3.75
2016-04-15,banxico,target_rate,3.7500,3.75
2016-04-16,banxico,target_rate,3.7500,3.75
2016-04-17,banxico,target_rate,3.7500,3.75
2016-04-18,banxico,target_rate,3.7500,3.75
2016-04-19,banxico,target_rate,3.7500,3.75
2016-04-20,banxico,target_rate,3.7500,3.75
2016-04-21,banxico,target_rate,3.7500,3.75
2016-04-22,banxico,target_rate,3.7500,3.75
2016-04-23,banxico,target_rate,3.7500,3.75
2016-04-24,banxico,target_rate,3.7500,3.75
2016-04-25,banxico,target_rate,3.7500,3.75
2016-04-26,banxico,target_rate,3.7500,3.75
2016-04-27,banxico,target_rate,3.7500,3.75
2016-04-28,banxico,target_rate,3.7500,3.75
2016-04-29,banxico,target_rate,3.7500,3.75
2016-04-30,banxico,target_rate,3.7500,3.75
2016-05-01,banxico,target_rate,3.7500,3.75
2016-05-02,banxico,target_rate,3.7500,3.75
2016-05-03,banxico,target_rate,3.7500,3.75
2016-05-04,banxico,target_rate,3.7500,3.75
2016-05-05,banxico,target_rate,3.7500,3.75
2016-05-06,banxico,target_rate,3.7500,3.75
2016-05-07,banxico,target_rate,3.7500,3.75
2016-05-08,banxico,target_rate,3.7500,3.75
2016-05-09,banxico,target_rate,3.7500,3.75
2016-05-10,banxico,target_rate,3.7500,3.75
2016-05-11,banxico,target_rate,3.7500,3.75
2016-05-12,banxico,target_rate,3.7500,3.75
2016-05-13,banxico,target_rate,3.7500,3.75
2016-05-14,banxico,target_rate,3.7500,3.75
2016-05-15,banxico,target_rate,3.7500,3.75
2016-05-16,banxico,target_rate,3.7500,3.75
2016-05-17,banxico,target_rate,3.7500,3.75
2016-05-18,banxico,target_rate,3.7500,3.75
2016-05-19,banxico,target_rate,3.7500,3.75
2016-05-20,banxico,target_rate,3.7500,3.75
2016-05-21,banxico,target_rate,3.7500,3.75
2016-05-22,banxico,target_rate,3.7500,3.75
2016-05-23,banxico,target_rate,3.7500,3.75
2016-05-24,banxico,target_rate,3.7500,3.75
2016-05-25,banxico,target_rate,3.7500,3.75
2016-05-26,banxico,target_rate,3.7500,3.75
2016-05-27,banxico,target_rate,3.7500,3.75
2016-05-28,banxico,target_rate,3.7500,3.75
2016-05-29,banxico,target_rate,3.7500,3.75
2016-05-30,banxico,target_rate,3.7500,3.75
2016-05-31,banxico,target_rate,3.7500,3.75
2016-06-01,banxico,target_rate,3.7500,3.75
2016-06-02,banxico,target_rate,3.7500,3.75
2016-06-03,banxico,target_rate,3.7500,3.75
2016-06-04,banxico,target_rate,3.7500,3.75
2016-06-05,banxico,target_rate,3.7500,3.75
2016-06-06,banxico,target_rate,3.7500,3.75
2016-06-07,banxico,target_rate,3.7500,3.75
2016-06-08,banxico,target_rate,3.7500,3.75
2016-06-09,banxico,target_rate,3.7500,3.75
2016-06-10,banxico,target_rate,3.7500,3.75
2016-06-11,banxico,target_rate,3.7500,3.75
2016-06-12,banxico,target_rate,3.7500,3.75
2016-06-13,banxico,target_rate,3.7500,3.75
2016-06-14,banxico,target_rate,3.7500,3.75
2016-06-15,banxico,target_rate,3.7500,3.75
2016-06-16,banxico,target_rate,3.7500,3.75
2016-06-17,banxico,target_rate,3.7500,3.75
2016-06-18,banxico,target_rate,3.7500,3.75
2016-06-19,banxico,target_rate,3.7500,3.75
2016-06-20,banxico,target_rate,3.7500,3.75
2016-06-21,banxico,target_rate,3.7500,3.75
2016-06-22,banxico,target_rate,3.7500,3.75
2016-06-23,banxico,target_rate,3.7500,3.75
2016-06-24,banxico,target_rate,3.7500,3.75
2016-06-25,banxico,target_rate,3.7500,3.75
2016-06-26,banxico,target_rate,3.7500,3.75
2016-06-27,banxico,target_rate,3.7500,3.75
2016-06-28,banxico,target_rate,3.7500,3.75
2016-06-29,banxico,target_rate,3.7500,3.75
2016-06-30,banxico,target_rate,4.2500,4.25
2016-07-01,banxico,target_rate,4.2500,4.25
2016-07-02,banxico,target_rate,4.2500,4.25
2016-07-03,banxico,target_rate,4.2500,4.25
2016-07-04,banxico,target_rate,4.2500,4.25
2016-07-05,banxico,target_rate,4.2500,4.25
2016-07-06,banxico,target_rate,4.2500,4.25
2016-07-07,banxico,target_rate,4.2500,4.25
2016-07-08,banxico,target_rate,4.2500,4.25
2016-07-09,banxico,target_rate,4.2500,4.25
2016-07-10,banxico,target_rate,4.2500,4.25
2016-07-11,banxico,target_rate,4.2500,4.25
2016-07-12,banxico,target_rate,4.2500,4.25
2016-07-13,banxico,target_rate,4.2500,4.25
2016-07-14,banxico,target_rate,4.2500,4.25
2016-07-15,banxico,target_rate,4.2500,4.25
2016-07-16,banxico,target_rate,4.2500,4.25
2016-07-17,banxico,target_rate,4.2500,4.25
2016-07-18,banxico,target_rate,4.2500,4.25
2016-07-19,banxico,target_rate,4.2500,4.25
2016-07-20,banxico,target_rate,4.2500,4.25
2016-07-21,banxico,target_rate,4.2500,4.25
2016-07-22,banxico,target_rate,4.2500,4.25
2016-07-23,banxico,target_rate,4.2500,4.25
2016-07-24,banxico,target_rate,4.2500,4.25
2016-07-25,banxico,target_rate,4.2500,4.25
2016-07-26,banxico,target_rate,4.2500,4.25
2016-07-27,banxico,target_rate,4.2500,4.25
2016-07-28,banxico,target_rate,4.2500,4.25
2016-07-29,banxico,target_rate,4.2500,4.25
2016-07-30,banxico,target_rate,4.2500,4.25
2016-07-31,banxico,target_rate,4.2500,4.25
2016-08-01,banxico,target_rate,4.2500,4.25
2016-08-02,banxico,target_rate,4.2500,4.25
2016-08-03,banxico,target_rate,4.2500,4.25
2016-08-04,banxico,target_rate,4.2500,4.25
2016-08-05,banxico,target_rate,4.2500,4.25
2016-08-06,banxico,target_rate,4.2500,4.25
2016-08-07,banxico,target_rate,4.2500,4.25
2016-08-08,banxico,target_rate,4.2500,4.25
2016-08-09,banxico,target_rate,4.2500,4.25
2016-08-10,banxico,target_rate,4.2500,4.25
2016-08-11,banxico,target_rate,4.2500,4.25
2016-08-12,banxico,target_rate,4.2500,4.25
2016-08-13,banxico,target_rate,4.2500,4.25
2016-08-14,banxico,target_rate,4.2500,4.25
2016-08-15,banxico,target_rate,4.2500,4.25
2016-08-16,banxico,target_rate,4.2500,4.25
2016-08-17,banxico,target_rate,4.2500,4.25
2016-08-18,banxico,target_rate,4.2500,4.25
2016-08-19,banxico,target_rate,4.2500,4.25
2016-08-20,banxico,target_rate,4.2500,4.25
2016-08-21,banxico,target_rate,4.2500,4.25
2016-08-22,banxico,target_rate,4.2500,4.25
2016-08-23,banxico,target_rate,4.2500,4.25
2016-08-24,banxico,target_rate,4.2500,4.25
2016-08-25,banxico,target_rate,4.2500,4.25
2016-08-26,banxico,target_rate,4.2500,4.25
2016-08-27,banxico,target_rate,4.2500,4.25
2016-08-28,banxico,target_rate,4.2500,4.25
2016-08-29,banxico,target_rate,4.2500,4.25
2016-08-30,banxico,target_rate,4.2500,4.25
2016-08-31,banxico,target_rate,4.2500,4.25
2016-09-01,banxico,target_rate,4.2500,4.25
2016-09-02,banxico,target_rate,4.2500,4.25
2016-09-03,banxico,target_rate,4.2500,4.25
2016-09-04,banxico,target_rate,4.2500,4.25
2016-09-05,banxico,target_rate,4.2500,4.25
2016-09-06,banxico,target_rate,4.2500,4.25
2016-09-07,banxico,target_rate,4.2500,4.25
2016-09-08,banxico,target_rate,4.2500,4.25
2016-09-09,banxico,target_rate,4.2500,4.25
2016-09-10,banxico,target_rate,4.2500,4.25
2016-09-11,banxico,target_rate,4.2500,4.25
2016-09-12,banxico,target_rate,4.2500,4.25
2016-09-13,banxico,target_rate,4.2500,4.25
2016-09-14,banxico,target_rate,4.2500,4.25
2016-09-15,banxico,target_rate,4.2500,4.25
2016-09-16,banxico,target_rate,4.2500,4.25
2016-09-17,banxico,target_rate,4.2500,4.25
2016-09-18,banxico,target_rate,4.2500,4.25
2016-09-19,banxico,target_rate,4.2500,4.25
2016-09-20,banxico,target_rate,4.2500,4.25
2016-09-21,banxico,target_rate,4.2500,4.25
2016-09-22,banxico,target_rate,4.2500,4.25
2016-09-23,banxico,target_rate,4.2500,4.25
2016-09-24,banxico,target_rate,4.2500,4.25
2016-09-25,banxico,target_rate,4.2500,4.25
2016-09-26,banxico,target_rate,4.2500,4.25
2016-09-27,banxico,target_rate,4.2500,4.25
2016-09-28,banxico,target_rate,4.2500,4.25
2016-09-29,banxico,target_rate,4.7500,4.75
2016-09-30,banxico,target_rate,4.7500,4.75
2016-10-01,banxico,target_rate,4.7500,4.75
2016-10-02,banxico,target_rate,4.7500,4.75
2016-10-03,banxico,target_rate,4.7500,4.75
2016-10-04,banxico,target_rate,4.7500,4.75
2016-10-05,banxico,target_rate,4.7500,4.75
2016-10-06,banxico,target_rate,4.7500,4.75
2016-10-07,banxico,target_rate,4.7500,4.75
2016-10-08,banxico,target_rate,4.7500,4.75
2016-10-09,banxico,target_rate,4.7500,4.75
2016-10-10,banxico,target_rate,4.7500,4.75
2016-10-11,banxico,target_rate,4.7500,4.75
2016-10-12,banxico,target_rate,4.7500,4.75
2016-10-13,banxico,target_rate,4.7500,4.75
2016-10-14,banxico,target_rate,4.7500,4.75
2016-10-15,banxico,target_rate,4.7500,4.75
2016-10-16,banxico,target_rate,4.7500,4.75
2016-10-17,banxico,target_rate,4.7500,4.75
2016-10-18,banxico,target_rate,4.7500,4.75
2016-10-19,banxico,target_rate,4.7500,4.75
2016-10-20,banxico,target_rate,4.7500,4.75
2016-10-21,banxico,target_rate,4.7500,4.75
2016-10-22,banxico,target_rate,4.7500,4.75
2016-10-23,banxico,target_rate,4.7500,4.75
2016-10-24,banxico,target_rate,4.7500,4.75
2016-10-25,banxico,target_rate,4.7500,4.75
2016-10-26,banxico,target_rate,4.7500,4.75
2016-10-27,banxico,target_rate,4.7500,4.75
2016-10-28,banxico,target_rate,4.7500,4.75
2016-10-29,banxico,target_rate,4.7500,4.75
2016-10-30,banxico,target_rate,4.7500,4.75
2016-10-31,banxico,target_rate,4.7500,4.75
2016-11-01,banxico,target_rate,4.7500,4.75
2016-11-02,banxico,target_rate,4.7500,4.75
2016-11-03,banxico,target_rate,4.7500,4.75
2016-11-04,banxico,target_rate,4.7500,4.75
2016-11-05,banxico,target_rate,4.7500,4.75
2016-11-06,banxico,target_rate,4.7500,4.75
2016-11-07,banxico,target_rate,4.7500,4.75
2016-11-08,banxico,target_rate,4.7500,4.75
2016-11-09,banxico,target_rate,4.7500,4.75
2016-11-10,banxico,target_rate,4.7500,4.75
2016-11-11,banxico,target_rate,4.7500,4.75
2016-11-12,banxico,target_rate,4.7500,4.75
2016-11-13,banxico,target_rate,4.7500,4.75
2016-11-14,banxico,target_rate,4.7500,4.75
2016-11-15,banxico,target_rate,4.7500,4.75
2016-11-16,banxico,target_rate,4.7500,4.75
2016-11-17,banxico,target_rate,5.2500,5.25
2016-11-18,banxico,target_rate,5.2500,5.25
2016-11-19,banxico,target_rate,5.2500,5.25
2016-11-20,banxico,target_rate,5.2500,5.25
2016-11-21,banxico,target_rate,5.2500,5.25
2016-11-22,banxico,target_rate,5.2500,5.25
2016-11-23,banxico,target_rate,5.2500,5.25
2016-11-24,banxico,target_rate,5.2500,5.25
2016-11-25,banxico,target_rate,5.2500,5.25
2016-11-26,banxico,target_rate,5.2500,5.25
2016-11-27,banxico,target_rate,5.2500,5.25
2016-11-28,banxico,target_rate,5.2500,5.25
2016-11-29,banxico,target_rate,5.2500,5.25
2016-11-30,banxico,target_rate,5.2500,5.25
2016-12-01,banxico,target_rate,5.2500,5.25
2016-12-02,banxico,target_rate,5.2500,5.25
2016-12-03,banxico,target_rate,5.2500,5.25
2016-12-04,banxico,target_rate,5.2500,5.25
2016-12-05,banxico,target_rate,5.2500,5.25
2016-12-06,banxico,target_rate,5.2500,5.25
2016-12-07,banxico,target_rate,5.2500,5.25
2016-12-08,banxico,target_rate,5.2500,5.25
2016-12-09,banxico,target_rate,5.2500,5.25
2016-12-10,banxico,target_rate,5.2500,5.25
2016-12-11,banxico,target_rate,5.2500,5.25
2016-12-12,banxico,target_rate,5.2500,5.25
2016-12-13,banxico,target_rate,5.2500,5.25
2016-12-14,banxico,target_rate,5.2500,5.25
2016-12-15,banxico,target_rate,5.7500,5.75
2016-12-16,banxico,target_rate,5.7500,5.75
2016-12-17,banxico,target_rate,5.7500,5.75
2016-12-18,banxico,target_rate,5.7500,5.75
2016-12-19,banxico,target_rate,5.7500,5.75
2016-12-20,banxico,target_rate,5.7500,5.75
2016-12-21,banxico,target_rate,5.7500,5.75
2016-12-22,banxico,target_rate,5.7500,5.75
2016-12-23,banxico,target_rate,5.7500,5.75
2016-12-24,banxico,target_rate,5.7500,5.75
2016-12-25,banxico,target_rate,5.7500,5.75
2016-12-26,banxico,target_rate,5.7500,5.75
2016-12-27,banxico,target_rate,5.7500,5.75
2016-12-28,banxico,target_rate,5.7500,5.75
2016-12-29,banxico,target_rate,5.7500,5.75
2016-12-30,banxico,target_rate,5.7500,5.75
2016-12-31,banxico,target_rate,5.7500,5.75
2017-01-01,banxico,target_rate,5.7500,5.75
2017-01-02,banxico,target_rate,5.7500,5.75
2017-01-03,banxico,target_rate,5.7500,5.75
2017-01-04,banxico,target_rate,5.7500,5.75
2017-01-05,banxico,target_rate,5.7500,5.75
2017-01-06,banxico,target_rate,5.7500,5.75
2017-01-07,banxico,target_rate,5.7500,5.75
2017-01-08,banxico,target_rate,5.7500,5.75
2017-01-09,banxico,target_rate,5.7500,5.75
2017-01-10,banxico,target_rate,5.7500,5.75
2017-01-11,banxico,target_rate,5.7500,5.75
2017-01-12,banxico,target_rate,5.7500,5.75
2017-01-13,banxico,target_rate,5.7500,5.75
2017-01-14,banxico,target_rate,5.7500,5.75
2017-01-15,banxico,target_rate,5.7500,5.75
2017-01-16,banxico,target_rate,5.7500,5.75
2017-01-17,banxico,target_rate,5.7500,5.75
2017-01-18,banxico,target_rate,5.7500,5.75
2017-01-19,banxico,target_rate,5.7500,5.75
2017-01-20,banxico,target_rate,5.7500,5.75
2017-01-21,banxico,target_rate,5.7500,5.75
2017-01-22,banxico,target_rate,5.7500,5.75
2017-01-23,banxico,target_rate,5.7500,5.75
2017-01-24,banxico,target_rate,5.7500,5.75
2017-01-25,banxico,target_rate,5.7500,5.75
2017-01-26,banxico,target_rate,5.7500,5.75
2017-01-27,banxico,target_rate,5.7500,5.75
2017-01-28,banxico,target_rate,5.7500,5.75
2017-01-29,banxico,target_rate,5.7500,5.75
2017-01-30,banxico,target_rate,5.7500,5.75
2017-01-31,banxico,target_rate,5.7500,5.75
2017-02-01,banxico,target_rate,5.7500,5.75
2017-02-02,banxico,target_rate,5.7500,5.75
2017-02-03,banxico,target_rate,5.7500,5.75
2017-02-04,banxico,target_rate,5.7500,5.75
2017-02-05,banxico,target_rate,5.7500,5.75
2017-02-06,banxico,target_rate,5.7500,5.75
2017-02-07,banxico,target_rate,5.7500,5.75
2017-02-08,banxico,target_rate,5.7500,5.75
2017-02-09,banxico,target_rate,6.2500,6.25
2017-02-10,banxico,target_rate,6.2500,6.25
2017-02-11,banxico,target_rate,6.2500,6.25
2017-02-12,banxico,target_rate,6.2500,6.25
2017-02-13,banxico,target_rate,6.2500,6.25
2017-02-14,banxico,target_rate,6.2500,6.25
2017-02-15,banxico,target_rate,6.2500,6.25
2017-02-16,banxico,target_rate,6.2500,6.25
2017-02-17,banxico,target_rate,6.2500,6.25
2017-02-18,banxico,target_rate,6.2500,6.25
2017-02-19,banxico,target_rate,6.2500,6.25
2017-02-20,banxico,target_rate,6.2500,6.25
2017-02-21,banxico,target_rate,6.2500,6.25
2017-02-22,banxico,target_rate,6.2500,6.25
2017-02-23,banxico,target_rate,6.2500,6.25
2017-02-24,banxico,target_rate,6.2500,6.25
2017-02-25,banxico,target_rate,6.2500,6.25
2017-02-26,banxico,target_rate,6.2500,6.25
2017-02-27,banxico,target_rate,6.2500,6.25
2017-02-28,banxico,target_rate,6.2500,6.25
2017-03-01,banxico,target_rate,6.2500,6.25
2017-03-02,banxico,target_rate,6.2500,6.25
2017-03-03,banxico,target_rate,6.2500,6.25
2017-03-04,banxico,target_rate,6.2500,6.25
2017-03-05,banxico,target_rate,6.2500,6.25
2017-03-06,banxico,target_rate,6.2500,6.25
2017-03-07,banxico,target_rate,6.2500,6.25
2017-03-08,banxico,target_rate,6.2500,6.25
2017-03-09,banxico,target_rate,6.2500,6.25
2017-03-10,banxico,target_rate,6.2500,6.25
2017-03-11,banxico,target_rate,6.2500,6.25
2017-03-12,banxico,target_rate,6.2500,6.25
2017-03-13,banxico,target_rate,6.2500,6.25
2017-03-14,banxico,target_rate,6.2500,6.25
2017-03-15,banxico,target_rate,6.2500,6.25
2017-03-16,banxico,target_rate,6.2500,6.25
2017-03-17,banxico,target_rate,6.2500,6.25
2017-03-18,banxico,target_rate,6.2500,6.25
2017-03-19,banxico,target_rate,6.2500,6.25
2017-03-20,banxico,target_rate,6.2500,6.25
2017-03-21,banxico,target_rate,6.2500,6.25
2017-03-22,banxico,target_rate,6.2500,6.25
2017-03-23,banxico,target_rate,6.2500,6.25
2017-03-24,banxico,target_rate,6.2500,6.25
2017-03-25,banxico,target_rate,6.2500,6.25
2017-03-26,banxico,target_rate,6.2500,6.25
2017-03-27,banxico,target_rate,6.2500,6.25
2017-03-28,banxico,target_rate,6.2500,6.25
2017-03-29,banxico,target_rate,6.2500,6.25
2017-03-30,banxico,target_rate,6.5000,6.5
2017-03-31,banxico,target_rate,6.5000,6.5
2017-04-01,banxico,target_rate,6.5000,6.5
2017-04-02,banxico,target_rate,6.5000,6.5
2017-04-03,banxico,target_rate,6.5000,6.5
2017-04-04,banxico,target_rate,6.5000,6.5
2017-04-05,banxico,target_rate,6.5000,6.5
2017-04-06,banxico,target_rate,6.5000,6.5
2017-04-07,banxico,target_rate,6.5000,6.5
2017-04-08,banxico,target_rate,6.5000,6.5
2017-04-09,banxico,target_rate,6.5000,6.5
2017-04-10,banxico,target_rate,6.5000,6.5
2017-04-11,banxico,target_rate,6.5000,6.5
2017-04-12,banxico,target_rate,6.5000,6.5
2017-04-13,banxico,target_rate,6.5000,6.5
2017-04-14,banxico,target_rate,6.5000,6.5
2017-04-15,banxico,target_rate,6.5000,6.5
2017-04-16,banxico,target_rate,6.5000,6.5
2017-04-17,banxico,target_rate,6.5000,6.5
2017-04-18,banxico,target_rate,6.5000,6.5
2017-04-19,banxico,target_rate,6.5000,6.5
2017-04-20,banxico,target_rate,6.5000,6.5
2017-04-21,banxico,target_rate,6.5000,6.5
2017-04-22,banxico,target_rate,6.5000,6.5
2017-04-23,banxico,target_rate,6.5000,6.5
2017-04-24,banxico,target_rate,6.5000,6.5
2017-04-25,banxico,target_rate,6.5000,6.5
2017-04-26,banxico,target_rate,6.5000,6.5
2017-04-27,banxico,target_rate,6.5000,6.5
2017-04-28,banxico,target_rate,6.5000,6.5
2017-04-29,banxico,target_rate,6.5000,6.5
2017-04-30,banxico,target_rate,6.5000,6.5
2017-05-01,banxico,target_rate,6.5000,6.5
2017-05-02,banxico,target_rate,6.5000,6.5
2017-05-03,banxico,target_rate,6.5000,6.5
2017-05-04,banxico,target_rate,6.5000,6.5
2017-05-05,banxico,target_rate,6.5000,6.5
2017-05-06,banxico,target_rate,6.5000,6.5
2017-05-07,banxico,target_rate,6.5000,6.5
2017-05-08,banxico,target_rate,6.5000,6.5
2017-05-09,banxico,target_rate,6.5000,6.5
2017-05-10,banxico,target_rate,6.5000,6.5
2017-05-11,banxico,target_rate,6.5000,6.5
2017-05-12,banxico,target_rate,6.5000,6.5
2017-05-13,banxico,target_rate,6.5000,6.5
2017-05-14,banxico,target_rate,6.5000,6.5
2017-05-15,banxico,target_rate,6.5000,6.5
2017-05-16,banxico,target_rate,6.5000,6.5
2017-05-17,banxico,target_rate,6.5000,6.5
2017-05-18,banxico,target_rate,6.7500,6.75
2017-05-19,banxico,target_rate,6.7500,6.75
2017-05-20,banxico,target_rate,6.7500,6.75
2017-05-21,banxico,target_rate,6.7500,6.75
2017-05-22,banxico,target_rate,6.7500,6.75
2017-05-23,banxico,target_rate,6.7500,6.75
2017-05-24,banxico,target_rate,6.7500,6.75
2017-05-25,banxico,target_rate,6.7500,6.75
2017-05-26,banxico,target_rate,6.7500,6.75
2017-05-27,banxico,target_rate,6.7500,6.75
2017-05-28,banxico,target_rate,6.7500,6.75
2017-05-29,banxico,target_rate,6.7500,6.75
2017-05-30,banxico,target_rate,6.7500,6.75
2017-05-31,banxico,target_rate,6.7500,6.75
2017-06-01,banxico,target_rate,6.7500,6.75
2017-06-02,banxico,target_rate,6.7500,6.75
2017-06-03,banxico,target_rate,6.7500,6.75
2017-06-04,banxico,target_rate,6.7500,6.75
2017-06-05,banxico,target_rate,6.7500,6.75
2017-06-06,banxico,target_rate,6.7500,6.75
2017-06-07,banxico,target_rate,6.7500,6.75
2017-06-08,banxico,target_rate,6.7500,6.75
2017-06-09,banxico,target_rate,6.7500,6.75
2017-06-10,banxico,target_rate,6.7500,6.75
2017-06-11,banxico,target_rate,6.7500,6.75
2017-06-12,banxico,target_rate,6.7500,6.75
2017-06-13,banxico,target_rate,6.7500,6.75
2017-06-14,banxico,target_rate,6.7500,6.75
2017-06-15,banxico,target_rate,6.7500,6.75
2017-06-16,banxico,target_rate,6.7500,6.75
2017-06-17,banxico,target_rate,6.7500,6.75
2017-06-18,banxico,target_rate,6.7500,6.75
2017-06-19,banxico,target_rate,6.7500,6.75
2017-06-20,banxico,target_rate,6.7500,6.75
2017-06-21,banxico,target_rate,6.7500,6.75
2017-06-22,banxico,target_rate,7.0000,7.0
2017-06-23,banxico,target_rate,7.0000,7.0
2017-06-24,banxico,target_rate,7.0000,7.0
2017-06-25,banxico,target_rate,7.0000,7.0
2017-06-26,banxico,target_rate,7.0000,7.0
2017-06-27,banxico,target_rate,7.0000,7.0
2017-06-28,banxico,target_rate,7.0000,7.0
2017-06-29,banxico,target_rate,7.0000,7.0
2017-06-30,banxico,target_rate,7.0000,7.0
2017-07-01,banxico,target_rate,7.0000,7.0
2017-07-02,banxico,target_rate,7.0000,7.0
2017-07-03,banxico,target_rate,7.0000,7.0
2017-07-04,banxico,target_rate,7.0000,7.0
2017-07-05,banxico,target_rate,7.0000,7.0
2017-07-06,banxico,target_rate,7.0000,7.0
2017-07-07,banxico,target_rate,7.0000,7.0
2017-07-08,banxico,target_rate,7.0000,7.0
2017-07-09,banxico,target_rate,7.0000,7.0
2017-07-10,banxico,target_rate,7.0000,7.0
2017-07-11,banxico,target_rate,7.0000,7.0
2017-07-12,banxico,target_rate,7.0000,7.0
2017-07-13,banxico,target_rate,7.0000,7.0
2017-07-14,banxico,target_rate,7.0000,7.0
2017-07-15,banxico,target_rate,7.0000,7.0
2017-07-16,banxico,target_rate,7.0000,7.0
2017-07-17,banxico,target_rate,7.0000,7.0
2017-07-18,banxico,target_rate,7.0000,7.0
2017-07-19,banxico,target_rate,7.0000,7.0
2017-07-20,banxico,target_rate,7.0000,7.0
2017-07-21,banxico,target_rate,7.0000,7.0
2017-07-22,banxico,target_rate,7.0000,7.0
2017-07-23,banxico,target_rate,7.0000,7.0
2017-07-24,banxico,target_rate,7.0000,7.0
2017-07-25,banxico,target_rate,7.0000,7.0
2017-07-26,banxico,target_rate,7.0000,7.0
2017-07-27,banxico,target_rate,7.0000,7.0
2017-07-28,banxico,target_rate,7.0000,7.0
2017-07-29,banxico,target_rate,7.0000,7.0
2017-07-30,banxico,target_rate,7.0000,7.0
2017-07-31,banxico,target_rate,7.0000,7.0
2017-08-01,banxico,target_rate,7.0000,7.0
2017-08-02,banxico,target_rate,7.0000,7.0
2017-08-03,banxico,target_rate,7.0000,7.0
2017-08-04,banxico,target_rate,7.0000,7.0
2017-08-05,banxico,target_rate,7.0000,7.0
2017-08-06,banxico,target_rate,7.0000,7.0
2017-08-07,banxico,target_rate,7.0000,7.0
2017-08-08,banxico,target_rate,7.0000,7.0
2017-08-09,banxico,target_rate,7.0000,7.0
2017-08-10,banxico,target_rate,7.0000,7.0
2017-08-11,banxico,target_rate,7.0000,7.0
2017-08-12,banxico,target_rate,7.0000,7.0
2017-08-13,banxico,target_rate,7.0000,7.0
2017-08-14,banxico,target_rate,7.0000,7.0
2017-08-15,banxico,target_rate,7.0000,7.0
2017-08-16,banxico,target_rate,7.0000,7.0
2017-08-17,banxico,target_rate,7.0000,7.0
2017-08-18,banxico,target_rate,7.0000,7.0
2017-08-19,banxico,target_rate,7.0000,7.0
2017-08-20,banxico,target_rate,7.0000,7.0
2017-08-21,banxico,target_rate,7.0000,7.0
2017-08-22,banxico,target_rate,7.0000,7.0
2017-08-23,banxico,target_rate,7.0000,7.0
2017-08-24,banxico,target_rate,7.0000,7.0
2017-08-25,banxico,target_rate,7.0000,7.0
2017-08-26,banxico,target_rate,7.0000,7.0
2017-08-27,banxico,target_rate,7.0000,7.0
2017-08-28,banxico,target_rate,7.0000,7.0
2017-08-29,banxico,target_rate,7.0000,7.0
2017-08-30,banxico,target_rate,7.0000,7.0
2017-08-31,banxico,target_rate,7.0000,7.0
2017-09-01,banxico,target_rate,7.0000,7.0
2017-09-02,banxico,target_rate,7.0000,7.0
2017-09-03,banxico,target_rate,7.0000,7.0
2017-09-04,banxico,target_rate,7.0000,7.0
2017-09-05,banxico,target_rate,7.0000,7.0
2017-09-06,banxico,target_rate,7.0000,7.0
2017-09-07,banxico,target_rate,7.0000,7.0
2017-09-08,banxico,target_rate,7.0000,7.0
2017-09-09,banxico,target_rate,7.0000,7.0
2017-09-10,banxico,target_rate,7.0000,7.0
2017-09-11,banxico,target_rate,7.0000,7.0
2017-09-12,banxico,target_rate,7.0000,7.0
2017-09-13,banxico,target_rate,7.0000,7.0
2017-09-14,banxico,target_rate,7.0000,7.0
2017-09-15,banxico,target_rate,7.0000,7.0
2017-09-16,banxico,target_rate,7.0000,7.0
2017-09-17,banxico,target_rate,7.0000,7.0
2017-09-18,banxico,target_rate,7.0000,7.0
2017-09-19,banxico,target_rate,7.0000,7.0
2017-09-20,banxico,target_rate,7.0000,7.0
2017-09-21,banxico,target_rate,7.0000,7.0
2017-09-22,banxico,target_rate,7.0000,7.0
2017-09-23,banxico,target_rate,7.0000,7.0
2017-09-24,banxico,target_rate,7.0000,7.0
2017-09-25,banxico,target_rate,7.0000,7.0
2017-09-26,banxico,target_rate,7.0000,7.0
2017-09-27,banxico,target_rate,7.0000,7.0
2017-09-28,banxico,target_rate,7.0000,7.0
2017-09-29,banxico,target_rate,7.0000,7.0
2017-09-30,banxico,target_rate,7.0000,7.0
2017-10-01,banxico,target_rate,7.0000,7.0
2017-10-02,banxico,target_rate,7.0000,7.0
2017-10-03,banxico,target_rate,7.0000,7.0
2017-10-04,banxico,target_rate,7.0000,7.0
2017-10-05,banxico,target_rate,7.0000,7.0
2017-10-06,banxico,target_rate,7.0000,7.0
2017-10-07,banxico,target_rate,7.0000,7.0
2017-10-08,banxico,target_rate,7.0000,7.0
2017-10-09,banxico,target_rate,7.0000,7.0
2017-10-10,banxico,target_rate,7.0000,7.0
2017-10-11,banxico,target_rate,7.0000,7.0
2017-10-12,banxico,target_rate,7.0000,7.0
2017-10-13,banxico,target_rate,7.0000,7.0
2017-10-14,banxico,target_rate,7.0000,7.0
2017-10-15,banxico,target_rate,7.0000,7.0
2017-10-16,banxico,target_rate,7.0000,7.0
2017-10-17,banxico,target_rate,7.0000,7.0
2017-10-18,banxico,target_rate,7.0000,7.0
2017-10-19,banxico,target_rate,7.0000,7.0
2017-10-20,banxico,target_rate,7.0000,7.0
2017-10-21,banxico,target_rate,7.0000,7.0
2017-10-22,banxico,target_rate,7.0000,7.0
2017-10-23,banxico,target_rate,7.0000,7.0
2017-10-24,banxico,target_rate,7.0000,7.0
2017-10-25,banxico,target_rate,7.0000,7.0
2017-10-26,banxico,target_rate,7.0000,7.0
2017-10-27,banxico,target_rate,7.0000,7.0
2017-10-28,banxico,target_rate,7.0000,7.0
2017-10-29,banxico,target_rate,7.0000,7.0
2017-10-30,banxico,target_rate,7.0000,7.0
2017-10-31,banxico,target_rate,7.0000,7.0
2017-11-01,banxico,target_rate,7.0000,7.0
2017-11-02,banxico,target_rate,7.0000,7.0
2017-11-03,banxico,target_rate,7.0000,7.0
2017-11-04,banxico,target_rate,7.0000,7.0
2017-11-05,banxico,target_rate,7.0000,7.0
2017-11-06,banxico,target_rate,7.0000,7.0
2017-11-07,banxico,target_rate,7.0000,7.0
2017-11-08,banxico,target_rate,7.0000,7.0
2017-11-09,banxico,target_rate,7.0000,7.0
2017-11-10,banxico,target_rate,7.0000,7.0
2017-11-11,banxico,target_rate,7.0000,7.0
2017-11-12,banxico,target_rate,7.0000,7.0
2017-11-13,banxico,target_rate,7.0000,7.0
2017-11-14,banxico,target_rate,7.0000,7.0
2017-11-15,banxico,target_rate,7.0000,7.0
2017-11-16,banxico,target_rate,7.0000,7.0
2017-11-17,banxico,target_rate,7.0000,7.0
2017-11-18,banxico,target_rate,7.0000,7.0
2017-11-19,banxico,target_rate,7.0000,7.0
2017-11-20,banxico,target_rate,7.0000,7.0
2017-11-21,banxico,target_rate,7.0000,7.0
2017-11-22,banxico,target_rate,7.0000,7.0
2017-11-23,banxico,target_rate,7.0000,7.0
2017-11-24,banxico,target_rate,7.0000,7.0
2017-11-25,banxico,target_rate,7.0000,7.0
2017-11-26,banxico,target_rate,7.0000,7.0
2017-11-27,banxico,target_rate,7.0000,7.0
2017-11-28,banxico,target_rate,7.0000,7.0
2017-11-29,banxico,target_rate,7.0000,7.0
2017-11-30,banxico,target_rate,7.0000,7.0
2017-12-01,banxico,target_rate,7.0000,7.0
2017-12-02,banxico,target_rate,7.0000,7.0
2017-12-03,banxico,target_rate,7.0000,7.0
2017-12-04,banxico,target_rate,7.0000,7.0
2017-12-05,banxico,target_rate,7.0000,7.0
2017-12-06,banxico,target_rate,7.0000,7.0
2017-12-07,banxico,target_rate,7.0000,7.0
2017-12-08,banxico,target_rate,7.0000,7.0
2017-12-09,banxico,target_rate,7.0000,7.0
2017-12-10,banxico,target_rate,7.0000,7.0
2017-12-11,banxico,target_rate,7.0000,7.0
2017-12-12,banxico,target_rate,7.0000,7.0
2017-12-13,banxico,target_rate,7.0000,7.0
2017-12-14,banxico,target_rate,7.2500,7.25
2017-12-15,banxico,target_rate,7.2500,7.25
2017-12-16,banxico,target_rate,7.2500,7.25
2017-12-17,banxico,target_rate,7.2500,7.25
2017-12-18,banxico,target_rate,7.2500,7.25
2017-12-19,banxico,target_rate,7.2500,7.25
2017-12-20,banxico,target_rate,7.2500,7.25
2017-12-21,banxico,target_rate,7.2500,7.25
2017-12-22,banxico,target_rate,7.2500,7.25
2017-12-23,banxico,target_rate,7.2500,7.25
2017-12-24,banxico,target_rate,7.2500,7.25
2017-12-25,banxico,target_rate,7.2500,7.25
2017-12-26,banxico,target_rate,7.2500,7.25
2017-12-27,banxico,target_rate,7.2500,7.25
2017-12-28,banxico,target_rate,7.2500,7.25
2017-12-29,banxico,target_rate,7.2500,7.25
2017-12-30,banxico,target_rate,7.2500,7.25
2017-12-31,banxico,target_rate,7.2500,7.25
2018-01-01,banxico,target_rate,7.2500,7.25
2018-01-02,banxico,target_rate,7.2500,7.25
2018-01-03,banxico,target_rate,7.2500,7.25
2018-01-04,banxico,target_rate,7.2500,7.25
2018-01-05,banxico,target_rate,7.2500,7.25
2018-01-06,banxico,target_rate,7.2500,7.25
2018-01-07,banxico,target_rate,7.2500,7.25
2018-01-08,banxico,target_rate,7.2500,7.25
2018-01-09,banxico,target_rate,7.2500,7.25
2018-01-10,banxico,target_rate,7.2500,7.25
2018-01-11,banxico,target_rate,7.2500,7.25
2018-01-12,banxico,target_rate,7.2500,7.25
2018-01-13,banxico,target_rate,7.2500,7.25
2018-01-14,banxico,target_rate,7.2500,7.25
2018-01-15,banxico,target_rate,7.2500,7.25
2018-01-16,banxico,target_rate,7.2500,7.25
2018-01-17,banxico,target_rate,7.2500,7.25
2018-01-18,banxico,target_rate,7.2500,7.25
2018-01-19,banxico,target_rate,7.2500,7.25
2018-01-20,banxico,target_rate,7.2500,7.25
2018-01-21,banxico,target_rate,7.2500,7.25
2018-01-22,banxico,target_rate,7.2500,7.25
2018-01-23,banxico,target_rate,7.2500,7.25
2018-01-24,banxico,target_rate,7.2500,7.25
2018-01-25,banxico,target_rate,7.2500,7.25
2018-01-26,banxico,target_rate,7.2500,7.25
2018-01-27,banxico,target_rate,7.2500,7.25
2018-01-28,banxico,target_rate,7.2500,7.25
2018-01-29,banxico,target_rate,7.2500,7.25
2018-01-30,banxico,target_rate,7.2500,7.25
2018-01-31,banxico,target_rate,7.2500,7.25
2018-02-01,banxico,target_rate,7.2500,7.25
2018-02-02,banxico,target_rate,7.2500,7.25
2018-02-03,banxico,target_rate,7.2500,7.25
2018-02-04,banxico,target_rate,7.2500,7.25
2018-02-05,banxico,target_rate,7.2500,7.25
2018-02-06,banxico,target_rate,7.2500,7.25
2018-02-07,banxico,target_rate,7.2500,7.25
2018-02-08,banxico,target_rate,7.5000,7.5
2018-02-09,banxico,target_rate,7.5000,7.5
2018-02-10,banxico,target_rate,7.5000,7.5
2018-02-11,banxico,target_rate,7.5000,7.5
2018-02-12,banxico,target_rate,7.5000,7.5
2018-02-13,banxico,target_rate,7.5000,7.5
2018-02-14,banxico,target_rate,7.5000,7.5
2018-02-15,banxico,target_rate,7.5000,7.5
2018-02-16,banxico,target_rate,7.5000,7.5
2018-02-17,banxico,target_rate,7.5000,7.5
2018-02-18,banxico,target_rate,7.5000,7.5
2018-02-19,banxico,target_rate,7.5000,7.5
2018-02-20,banxico,target_rate,7.5000,7.5
2018-02-21,banxico,target_rate,7.5000,7.5
2018-02-22,banxico,target_rate,7.5000,7.5
2018-02-23,banxico,target_rate,7.5000,7.5
2018-02-24,banxico,target_rate,7.5000,7.5
2018-02-25,banxico,target_rate,7.5000,7.5
2018-02-26,banxico,target_rate,7.5000,7.5
2018-02-27,banxico,target_rate,7.5000,7.5
2018-02-28,banxico,target_rate,7.5000,7.5
2018-03-01,banxico,target_rate,7.5000,7.5
2018-03-02,banxico,target_rate,7.5000,7.5
2018-03-03,banxico,target_rate,7.5000,7.5
2018-03-04,banxico,target_rate,7.5000,7.5
2018-03-05,banxico,target_rate,7.5000,7.5
2018-03-06,banxico,target_rate,7.5000,7.5
2018-03-07,banxico,target_rate,7.5000,7.5
2018-03-08,banxico,target_rate,7.5000,7.5
2018-03-09,banxico,target_rate,7.5000,7.5
2018-03-10,banxico,target_rate,7.5000,7.5
2018-03-11,banxico,target_rate,7.5000,7.5
2018-03-12,banxico,target_rate,7.5000,7.5
2018-03-13,banxico,target_rate,7.5000,7.5
2018-03-14,banxico,target_rate,7.5000,7.5
2018-03-15,banxico,target_rate,7.5000,7.5
2018-03-16,banxico,target_rate,7.5000,7.5
2018-03-17,banxico,target_rate,7.5000,7.5
2018-03-18,banxico,target_rate,7.5000,7.5
2018-03-19,banxico,target_rate,7.5000,7.5
2018-03-20,banxico,target_rate,7.5000,7.5
2018-03-21,banxico,target_rate,7.5000,7.5
2018-03-22,banxico,target_rate,7.5000,7.5
2018-03-23,banxico,target_rate,7.5000,7.5
2018-03-24,banxico,target_rate,7.5000,7.5
2018-03-25,banxico,target_rate,7.5000,7.5
2018-03-26,banxico,target_rate,7.5000,7.5
2018-03-27,banxico,target_rate,7.5000,7.5
2018-03-28,banxico,target_rate,7.5000,7.5
2018-03-29,banxico,target_rate,7.5000,7.5
2018-03-30,banxico,target_rate,7.5000,7.5
2018-03-31,banxico,target_rate,7.5000,7.5
2018-04-01,banxico,target_rate,7.5000,7.5
2018-04-02,banxico,target_rate,7.5000,7.5
2018-04-03,banxico,target_rate,7.5000,7.5
2018-04-04,banxico,target_rate,7.5000,7.5
2018-04-05,banxico,target_rate,7.5000,7.5
2018-04-06,banxico,target_rate,7.5000,7.5
2018-04-07,banxico,target_rate,7.5000,7.5
2018-04-08,banxico,target_rate,7.5000,7.5
2018-04-09,banxico,target_rate,7.5000,7.5
2018-04-10,banxico,target_rate,7.5000,7.5
2018-04-11,banxico,target_rate,7.5000,7.5
2018-04-12,banxico,target_rate,7.5000,7.5
2018-04-13,banxico,target_rate,7.5000,7.5
2018-04-14,banxico,target_rate,7.5000,7.5
2018-04-15,banxico,target_rate,7.5000,7.5
2018-04-16,banxico,target_rate,7.5000,7.5
2018-04-17,banxico,target_rate,7.5000,7.5
2018-04-18,banxico,target_rate,7.5000,7.5
2018-04-19,banxico,target_rate,7.5000,7.5
2018-04-20,banxico,target_rate,7.5000,7.5
2018-04-21,banxico,target_rate,7.5000,7.5
2018-04-22,banxico,target_rate,7.5000,7.5
2018-04-23,banxico,target_rate,7.5000,7.5
2018-04-24,banxico,target_rate,7.5000,7.5
2018-04-25,banxico,target_rate,7.5000,7.5
2018-04-26,banxico,target_rate,7.5000,7.5
2018-04-27,banxico,target_rate,7.5000,7.5
2018-04-28,banxico,target_rate,7.5000,7.5
2018-04-29,banxico,target_rate,7.5000,7.5
2018-04-30,banxico,target_rate,7.5000,7.5
2018-05-01,banxico,target_rate,7.5000,7.5
2018-05-02,banxico,target_rate,7.5000,7.5
2018-05-03,banxico,target_rate,7.5000,7.5
2018-05-04,banxico,target_rate,7.5000,7.5
2018-05-05,banxico,target_rate,7.5000,7.5
2018-05-06,banxico,target_rate,7.5000,7.5
2018-05-07,banxico,target_rate,7.5000,7.5
2018-05-08,banxico,target_rate,7.5000,7.5
2018-05-09,banxico,target_rate,7.5000,7.5
2018-05-10,banxico,target_rate,7.5000,7.5
2018-05-11,banxico,target_rate,7.5000,7.5
2018-05-12,banxico,target_rate,7.5000,7.5
2018-05-13,banxico,target_rate,7.5000,7.5
2018-05-14,banxico,target_rate,7.5000,7.5
2018-05-15,banxico,target_rate,7.5000,7.5
2018-05-16,banxico,target_rate,7.5000,7.5
2018-05-17,banxico,target_rate,7.5000,7.5
2018-05-18,banxico,target_rate,7.5000,7.5
2018-05-19,banxico,target_rate,7.5000,7.5
2018-05-20,banxico,target_rate,7.5000,7.5
2018-05-21,banxico,target_rate,7.5000,7.5
2018-05-22,banxico,target_rate,7.5000,7.5
2018-05-23,banxico,target_rate,7.5000,7.5
2018-05-24,banxico,target_rate,7.5000,7.5
2018-05-25,banxico,target_rate,7.5000,7.5
2018-05-26,banxico,target_rate,7.5000,7.5
2018-05-27,banxico,target_rate,7.5000,7.5
2018-05-28,banxico,target_rate,7.5000,7.5
2018-05-29,banxico,target_rate,7.5000,7.5
2018-05-30,banxico,target_rate,7.5000,7.5
2018-05-31,banxico,target_rate,7.5000,7.5
2018-06-01,banxico,target_rate,7.5000,7.5
2018-06-02,banxico,target_rate,7.5000,7.5
2018-06-03,banxico,target_rate,7.5000,7.5
2018-06-04,banxico,target_rate,7.5000,7.5
2018-06-05,banxico,target_rate,7.5000,7.5
2018-06-06,banxico,target_rate,7.5000,7.5
2018-06-07,banxico,target_rate,7.5000,7.5
2018-06-08,banxico,target_rate,7.5000,7.5
2018-06-09,banxico,target_rate,7.5000,7.5
2018-06-10,banxico,target_rate,7.5000,7.5
2018-06-11,banxico,target_rate,7.5000,7.5
2018-06-12,banxico,target_rate,7.5000,7.5
2018-06-13,banxico,target_rate,7.5000,7.5
2018-06-14,banxico,target_rate,7.5000,7.5
2018-06-15,banxico,target_rate,7.5000,7.5
2018-06-16,banxico,target_rate,7.5000,7.5
2018-06-17,banxico,target_rate,7.5000,7.5
2018-06-18,banxico,target_rate,7.5000,7.5
2018-06-19,banxico,target_rate,7.5000,7.5
2018-06-20,banxico,target_rate,7.5000,7.5
2018-06-21,banxico,target_rate,7.7500,7.75
2018-06-22,banxico,target_rate,7.7500,7.75
2018-06-23,banxico,target_rate,7.7500,7.75
2018-06-24,banxico,target_rate,7.7500,7.75
2018-06-25,banxico,target_rate,7.7500,7.75
2018-06-26,banxico,target_rate,7.7500,7.75
2018-06-27,banxico,target_rate,7.7500,7.75
2018-06-28,banxico,target_rate,7.7500,7.75
2018-06-29,banxico,target_rate,7.7500,7.75
2018-06-30,banxico,target_rate,7.7500,7.75
2018-07-01,banxico,target_rate,7.7500,7.75
2018-07-02,banxico,target_rate,7.7500,7.75
2018-07-03,banxico,target_rate,7.7500,7.75
2018-07-04,banxico,target_rate,7.7500,7.75
2018-07-05,banxico,target_rate,7.7500,7.75
2018-07-06,banxico,target_rate,7.7500,7.75
2018-07-07,banxico,target_rate,7.7500,7.75
2018-07-08,banxico,target_rate,7.7500,7.75
2018-07-09,banxico,target_rate,7.7500,7.75
2018-07-10,banxico,target_rate,7.7500,7.75
2018-07-11,banxico,target_rate,7.7500,7.75
2018-07-12,banxico,target_rate,7.7500,7.75
2018-07-13,banxico,target_rate,7.7500,7.75
2018-07-14,banxico,target_rate,7.7500,7.75
2018-07-15,banxico,target_rate,7.7500,7.75
2018-07-16,banxico,target_rate,7.7500,7.75
2018-07-17,banxico,target_rate,7.7500,7.75
2018-07-18,banxico,target_rate,7.7500,7.75
2018-07-19,banxico,target_rate,7.7500,7.75
2018-07-20,banxico,target_rate,7.7500,7.75
2018-07-21,banxico,target_rate,7.7500,7.75
2018-07-22,banxico,target_rate,7.7500,7.75
2018-07-23,banxico,target_rate,7.7500,7.75
2018-07-24,banxico,target_rate,7.7500,7.75
2018-07-25,banxico,target_rate,7.7500,7.75
2018-07-26,banxico,target_rate,7.7500,7.75
2018-07-27,banxico,target_rate,7.7500,7.75
2018-07-28,banxico,target_rate,7.7500,7.75
2018-07-29,banxico,target_rate,7.7500,7.75
2018-07-30,banxico,target_rate,7.7500,7.75
2018-07-31,banxico,target_rate,7.7500,7.75
2018-08-01,banxico,target_rate,7.7500,7.75
2018-08-02,banxico,target_rate,7.7500,7.75
2018-08-03,banxico,target_rate,7.7500,7.75
2018-08-04,banxico,target_rate,7.7500,7.75
2018-08-05,banxico,target_rate,7.7500,7.75
2018-08-06,banxico,target_rate,7.7500,7.75
2018-08-07,banxico,target_rate,7.7500,7.75
2018-08-08,banxico,target_rate,7.7500,7.75
2018-08-09,banxico,target_rate,7.7500,7.75
2018-08-10,banxico,target_rate,7.7500,7.75
2018-08-11,banxico,target_rate,7.7500,7.75
2018-08-12,banxico,target_rate,7.7500,7.75
2018-08-13,banxico,target_rate,7.7500,7.75
2018-08-14,banxico,target_rate,7.7500,7.75
2018-08-15,banxico,target_rate,7.7500,7.75
2018-08-16,banxico,target_rate,7.7500,7.75
2018-08-17,banxico,target_rate,7.7500,7.75
2018-08-18,banxico,target_rate,7.7500,7.75
2018-08-19,banxico,target_rate,7.7500,7.75
2018-08-20,banxico,target_rate,7.7500,7.75
2018-08-21,banxico,target_rate,7.7500,7.75
2018-08-22,banxico,target_rate,7.7500,7.75
2018-08-23,banxico,target_rate,7.7500,7.75
2018-08-24,banxico,target_rate,7.7500,7.75
2018-08-25,banxico,target_rate,7.7500,7.75
2018-08-26,banxico,target_rate,7.7500,7.75
2018-08-27,banxico,target_rate,7.7500,7.75
2018-08-28,banxico,target_rate,7.7500,7.75
2018-08-29,banxico,target_rate,7.7500,7.75
2018-08-30,banxico,target_rate,7.7500,7.75
2018-08-31,banxico,target_rate,7.7500,7.75
2018-09-01,banxico,target_rate,7.7500,7.75
2018-09-02,banxico,target_rate,7.7500,7.75
2018-09-03,banxico,target_rate,7.7500,7.75
2018-09-04,banxico,target_rate,7.7500,7.75
2018-09-05,banxico,target_rate,7.7500,7.75
2018-09-06,banxico,target_rate,7.7500,7.75
2018-09-07,banxico,target_rate,7.7500,7.75
2018-09-08,banxico,target_rate,7.7500,7.75
2018-09-09,banxico,target_rate,7.7500,7.75
2018-09-10,banxico,target_rate,7.7500,7.75
2018-09-11,banxico,target_rate,7.7500,7.75
2018-09-12,banxico,target_rate,7.7500,7.75
2018-09-13,banxico,target_rate,7.7500,7.75
2018-09-14,banxico,target_rate,7.7500,7.75
2018-09-15,banxico,target_rate,7.7500,7.75
2018-09-16,banxico,target_rate,7.7500,7.75
2018-09-17,banxico,target_rate,7.7500,7.75
2018-09-18,banxico,target_rate,7.7500,7.75
2018-09-19,banxico,target_rate,7.7500,7.75
2018-09-20,banxico,target_rate,7.7500,7.75
2018-09-21,banxico,target_rate,7.7500,7.75
2018-09-22,banxico,target_rate,7.7500,7.75
2018-09-23,banxico,target_rate,7.7500,7.75
2018-09-24,banxico,target_rate,7.7500,7.75
2018-09-25,banxico,target_rate,7.7500,7.75
2018-09-26,banxico,target_rate,7.7500,7.75
2018-09-27,banxico,target_rate,7.7500,7.75
2018-09-28,banxico,target_rate,7.7500,7.75
2018-09-29,banxico,target_rate,7.7500,7.75
2018-09-30,banxico,target_rate,7.7500,7.75
2018-10-01,banxico,target_rate,7.7500,7.75
2018-10-02,banxico,target_rate,7.7500,7.75
2018-10-03,banxico,target_rate,7.7500,7.75
2018-10-04,banxico,target_rate,7.7500,7.75
2018-10-05,banxico,target_rate,7.7500,7.75
2018-10-06,banxico,target_rate,7.7500,7.75
2018-10-07,banxico,target_rate,7.7500,7.75
2018-10-08,banxico,target_rate,7.7500,7.75
2018-10-09,banxico,target_rate,7.7500,7.75
2018-10-10,banxico,target_rate,7.7500,7.75
2018-10-11,banxico,target_rate,7.7500,7.75
2018-10-12,banxico,target_rate,7.7500,7.75
2018-10-13,banxico,target_rate,7.7500,7.75
2018-10-14,banxico,target_rate,7.7500,7.75
2018-10-15,banxico,target_rate,7.7500,7.75
2018-10-16,banxico,target_rate,7.7500,7.75
2018-10-17,banxico,target_rate,7.7500,7.75
2018-10-18,banxico,target_rate,7.7500,7.75
2018-10-19,banxico,target_rate,7.7500,7.75
2018-10-20,banxico,target_rate,7.7500,7.75
2018-10-21,banxico,target_rate,7.7500,7.75
2018-10-22,banxico,target_rate,7.7500,7.75
2018-10-23,banxico,target_rate,7.7500,7.75
2018-10-24,banxico,target_rate,7.7500,7.75
2018-10-25,banxico,target_rate,7.7500,7.75
2018-10-26,banxico,target_rate,7.7500,7.75
2018-10-27,banxico,target_rate,7.7500,7.75
2018-10-28,banxico,target_rate,7.7500,7.75
2018-10-29,banxico,target_rate,7.7500,7.75
2018-10-30,banxico,target_rate,7.7500,7.75
2018-10-31,banxico,target_rate,7.7500,7.75
2018-11-01,banxico,target_rate,7.7500,7.75
2018-11-02,banxico,target_rate,7.7500,7.75
2018-11-03,banxico,target_rate,7.7500,7.75
2018-11-04,banxico,target_rate,7.7500,7.75
2018-11-05,banxico,target_rate,7.7500,7.75
2018-11-06,banxico,target_rate,7.7500,7.75
2018-11-07,banxico,target_rate,7.7500,7.75
2018-11-08,banxico,target_rate,7.7500,7.75
2018-11-09,banxico,target_rate,7.7500,7.75
2018-11-10,banxico,target_rate,7.7500,7.75
2018-11-11,banxico,target_rate,7.7500,7.75
2018-11-12,banxico,target_rate,7.7500,7.75
2018-11-13,banxico,target_rate,7.7500,7.75
2018-11-14,banxico,target_rate,7.7500,7.75
2018-11-15,banxico,target_rate,8.0000,8.0
2018-11-16,banxico,target_rate,8.0000,8.0
2018-11-17,banxico,target_rate,8.0000,8.0
2018-11-18,banxico,target_rate,8.0000,8.0
2018-11-19,banxico,target_rate,8.0000,8.0
2018-11-20,banxico,target_rate,8.0000,8.0
2018-11-21,banxico,target_rate,8.0000,8.0
2018-11-22,banxico,target_rate,8.0000,8.0
2018-11-23,banxico,target_rate,8.0000,8.0
2018-11-24,banxico,target_rate,8.0000,8.0
2018-11-25,banxico,target_rate,8.0000,8.0
2018-11-26,banxico,target_rate,8.0000,8.0
2018-11-27,banxico,target_rate,8.0000,8.0
2018-11-28,banxico,target_rate,8.0000,8.0
2018-11-29,banxico,target_rate,8.0000,8.0
2018-11-30,banxico,target_rate,8.0000,8.0
2018-12-01,banxico,target_rate,8.0000,8.0
2018-12-02,banxico,target_rate,8.0000,8.0
2018-12-03,banxico,target_rate,8.0000,8.0
2018-12-04,banxico,target_rate,8.0000,8.0
2018-12-05,banxico,target_rate,8.0000,8.0
2018-12-06,banxico,target_rate,8.0000,8.0
2018-12-07,banxico,target_rate,8.0000,8.0
2018-12-08,banxico,target_rate,8.0000,8.0
2018-12-09,banxico,target_rate,8.0000,8.0
2018-12-10,banxico,target_rate,8.0000,8.0
2018-12-11,banxico,target_rate,8.0000,8.0
2018-12-12,banxico,target_rate,8.0000,8.0
2018-12-13,banxico,target_rate,8.0000,8.0
2018-12-14,banxico,target_rate,8.0000,8.0
2018-12-15,banxico,target_rate,8.0000,8.0
2018-12-16,banxico,target_rate,8.0000,8.0
2018-12-17,banxico,target_rate,8.0000,8.0
2018-12-18,banxico,target_rate,8.0000,8.0
2018-12-19,banxico,target_rate,8.0000,8.0
2018-12-20,banxico,target_rate,8.2500,8.25
2018-12-21,banxico,target_rate,8.2500,8.25
2018-12-22,banxico,target_rate,8.2500,8.25
2018-12-23,banxico,target_rate,8.2500,8.25
2018-12-24,banxico,target_rate,8.2500,8.25
2018-12-25,banxico,target_rate,8.2500,8.25
2018-12-26,banxico,target_rate,8.2500,8.25
2018-12-27,banxico,target_rate,8.2500,8.25
2018-12-28,banxico,target_rate,8.2500,8.25
2018-12-29,banxico,target_rate,8.2500,8.25
2018-12-30,banxico,target_rate,8.2500,8.25
2018-12-31,banxico,target_rate,8.2500,8.25
2019-01-01,banxico,target_rate,8.2500,8.25
2019-01-02,banxico,target_rate,8.2500,8.25
2019-01-03,banxico,target_rate,8.2500,8.25
2019-01-04,banxico,target_rate,8.2500,8.25
2019-01-05,banxico,target_rate,8.2500,8.25
2019-01-06,banxico,target_rate,8.2500,8.25
2019-01-07,banxico,target_rate,8.2500,8.25
2019-01-08,banxico,target_rate,8.2500,8.25
2019-01-09,banxico,target_rate,8.2500,8.25
2019-01-10,banxico,target_rate,8.2500,8.25
2019-01-11,banxico,target_rate,8.2500,8.25
2019-01-12,banxico,target_rate,8.2500,8.25
2019-01-13,banxico,target_rate,8.2500,8.25
2019-01-14,banxico,target_rate,8.2500,8.25
2019-01-15,banxico,target_rate,8.2500,8.25
2019-01-16,banxico,target_rate,8.2500,8.25
2019-01-17,banxico,target_rate,8.2500,8.25
2019-01-18,banxico,target_rate,8.2500,8.25
2019-01-19,banxico,target_rate,8.2500,8.25
2019-01-20,banxico,target_rate,8.2500,8.25
2019-01-21,banxico,target_rate,8.2500,8.25
2019-01-22,banxico,target_rate,8.2500,8.25
2019-01-23,banxico,target_rate,8.2500,8.25
2019-01-24,banxico,target_rate,8.2500,8.25
2019-01-25,banxico,target_rate,8.2500,8.25
2019-01-26,banxico,target_rate,8.2500,8.25
2019-01-27,banxico,target_rate,8.2500,8.25
2019-01-28,banxico,target_rate,8.2500,8.25
2019-01-29,banxico,target_rate,8.2500,8.25
2019-01-30,banxico,target_rate,8.2500,8.25
2019-01-31,banxico,target_rate,8.2500,8.25
2019-02-01,banxico,target_rate,8.2500,8.25
2019-02-02,banxico,target_rate,8.2500,8.25
2019-02-03,banxico,target_rate,8.2500,8.25
2019-02-04,banxico,target_rate,8.2500,8.25
2019-02-05,banxico,target_rate,8.2500,8.25
2019-02-06,banxico,target_rate,8.2500,8.25
2019-02-07,banxico,target_rate,8.2500,8.25
2019-02-08,banxico,target_rate,8.2500,8.25
2019-02-09,banxico,target_rate,8.2500,8.25
2019-02-10,banxico,target_rate,8.2500,8.25
2019-02-11,banxico,target_rate,8.2500,8.25
2019-02-12,banxico,target_rate,8.2500,8.25
2019-02-13,banxico,target_rate,8.2500,8.25
2019-02-14,banxico,target_rate,8.2500,8.25
2019-02-15,banxico,target_rate,8.2500,8.25
2019-02-16,banxico,target_rate,8.2500,8.25
2019-02-17,banxico,target_rate,8.2500,8.25
2019-02-18,banxico,target_rate,8.2500,8.25
2019-02-19,banxico,target_rate,8.2500,8.25
2019-02-20,banxico,target_rate,8.2500,8.25
2019-02-21,banxico,target_rate,8.2500,8.25
2019-02-22,banxico,target_rate,8.2500,8.25
2019-02-23,banxico,target_rate,8.2500,8.25
2019-02-24,banxico,target_rate,8.2500,8.25
2019-02-25,banxico,target_rate,8.2500,8.25
2019-02-26,banxico,target_rate,8.2500,8.25
2019-02-27,banxico,target_rate,8.2500,8.25
2019-02-28,banxico,target_rate,8.2500,8.25
2019-03-01,banxico,target_rate,8.2500,8.25
2019-03-02,banxico,target_rate,8.2500,8.25
2019-03-03,banxico,target_rate,8.2500,8.25
2019-03-04,banxico,target_rate,8.2500,8.25
2019-03-05,banxico,target_rate,8.2500,8.25
2019-03-06,banxico,target_rate,8.2500,8.25
2019-03-07,banxico,target_rate,8.2500,8.25
2019-03-08,banxico,target_rate,8.2500,8.25
2019-03-09,banxico,target_rate,8.2500,8.25
2019-03-10,banxico,target_rate,8.2500,8.25
2019-03-11,banxico,target_rate,8.2500,8.25
2019-03-12,banxico,target_rate,8.2500,8.25
2019-03-13,banxico,target_rate,8.2500,8.25
2019-03-14,banxico,target_rate,8.2500,8.25
2019-03-15,banxico,target_rate,8.2500,8.25
2019-03-16,banxico,target_rate,8.2500,8.25
2019-03-17,banxico,target_rate,8.2500,8.25
2019-03-18,banxico,target_rate,8.2500,8.25
2019-03-19,banxico,target_rate,8.2500,8.25
2019-03-20,banxico,target_rate,8.2500,8.25
2019-03-21,banxico,target_rate,8.2500,8.25
2019-03-22,banxico,target_rate,8.2500,8.25
2019-03-23,banxico,target_rate,8.2500,8.25
2019-03-24,banxico,target_rate,8.2500,8.25
2019-03-25,banxico,target_rate,8.2500,8.25
2019-03-26,banxico,target_rate,8.2500,8.25
2019-03-27,banxico,target_rate,8.2500,8.25
2019-03-28,banxico,target_rate,8.2500,8.25
2019-03-29,banxico,target_rate,8.2500,8.25
2019-03-30,banxico,target_rate,8.2500,8.25
2019-03-31,banxico,target_rate,8.2500,8.25
2019-04-01,banxico,target_rate,8.2500,8.25
2019-04-02,banxico,target_rate,8.2500,8.25
2019-04-03,banxico,target_rate,8.2500,8.25
2019-04-04,banxico,target_rate,8.2500,8.25
2019-04-05,banxico,target_rate,8.2500,8.25
2019-04-06,banxico,target_rate,8.2500,8.25
2019-04-07,banxico,target_rate,8.2500,8.25
2019-04-08,banxico,target_rate,8.2500,8.25
2019-04-09,banxico,target_rate,8.2500,8.25
2019-04-10,banxico,target_rate,8.2500,8.25
2019-04-11,banxico,target_rate,8.2500,8.25
2019-04-12,banxico,target_rate,8.2500,8.25
2019-04-13,banxico,target_rate,8.2500,8.25
2019-04-14,banxico,target_rate,8.2500,8.25
2019-04-15,banxico,target_rate,8.2500,8.25
2019-04-16,banxico,target_rate,8.2500,8.25
2019-04-17,banxico,target_rate,8.2500,8.25
2019-04-18,banxico,target_rate,8.2500,8.25
2019-04-19,banxico,target_rate,8.2500,8.25
2019-04-20,banxico,target_rate,8.2500,8.25
2019-04-21,banxico,target_rate,8.2500,8.25
2019-04-22,banxico,target_rate,8.2500,8.25
2019-04-23,banxico,target_rate,8.2500,8.25
2019-04-24,banxico,target_rate,8.2500,8.25
2019-04-25,banxico,target_rate,8.2500,8.25
2019-04-26,banxico,target_rate,8.2500,8.25
2019-04-27,banxico,target_rate,8.2500,8.25
2019-04-28,banxico,target_rate,8.2500,8.25
2019-04-29,banxico,target_rate,8.2500,8.25
2019-04-30,banxico,target_rate,8.2500,8.25
2019-05-01,banxico,target_rate,8.2500,8.25
2019-05-02,banxico,target_rate,8.2500,8.25
2019-05-03,banxico,target_rate,8.2500,8.25
2019-05-04,banxico,target_rate,8.2500,8.25
2019-05-05,banxico,target_rate,8.2500,8.25
2019-05-06,banxico,target_rate,8.2500,8.25
2019-05-07,banxico,target_rate,8.2500,8.25
2019-05-08,banxico,target_rate,8.2500,8.25
2019-05-09,banxico,target_rate,8.2500,8.25
2019-05-10,banxico,target_rate,8.2500,8.25
2019-05-11,banxico,target_rate,8.2500,8.25
2019-05-12,banxico,target_rate,8.2500,8.25
2019-05-13,banxico,target_rate,8.2500,8.25
2019-05-14,banxico,target_rate,8.2500,8.25
2019-05-15,banxico,target_rate,8.2500,8.25
2019-05-16,banxico,target_rate,8.2500,8.25
2019-05-17,banxico,target_rate,8.2500,8.25
2019-05-18,banxico,target_rate,8.2500,8.25
2019-05-19,banxico,target_rate,8.2500,8.25
2019-05-20,banxico,target_rate,8.2500,8.25
2019-05-21,banxico,target_rate,8.2500,8.25
2019-05-22,banxico,target_rate,8.2500,8.25
2019-05-23,banxico,target_rate,8.2500,8.25
2019-05-24,banxico,target_rate,8.2500,8.25
2019-05-25,banxico,target_rate,8.2500,8.25
2019-05-26,banxico,target_rate,8.2500,8.25
2019-05-27,banxico,target_rate,8.2500,8.25
2019-05-28,banxico,target_rate,8.2500,8.25
2019-05-29,banxico,target_rate,8.2500,8.25
2019-05-30,banxico,target_rate,8.2500,8.25
2019-05-31,banxico,target_rate,8.2500,8.25
2019-06-01,banxico,target_rate,8.2500,8.25
2019-06-02,banxico,target_rate,8.2500,8.25
2019-06-03,banxico,target_rate,8.2500,8.25
2019-06-04,banxico,target_rate,8.2500,8.25
2019-06-05,banxico,target_rate,8.2500,8.25
2019-06-06,banxico,target_rate,8.2500,8.25
2019-06-07,banxico,target_rate,8.2500,8.25
2019-06-08,banxico,target_rate,8.2500,8.25
2019-06-09,banxico,target_rate,8.2500,8.25
2019-06-10,banxico,target_rate,8.2500,8.25
2019-06-11,banxico,target_rate,8.2500,8.25
2019-06-12,banxico,target_rate,8.2500,8.25
2019-06-13,banxico,target_rate,8.2500,8.25
2019-06-14,banxico,target_rate,8.2500,8.25
2019-06-15,banxico,target_rate,8.2500,8.25
2019-06-16,banxico,target_rate,8.2500,8.25
2019-06-17,banxico,target_rate,8.2500,8.25
2019-06-18,banxico,target_rate,8.2500,8.25
2019-06-19,banxico,target_rate,8.2500,8.25
2019-06-20,banxico,target_rate,8.2500,8.25
2019-06-21,banxico,target_rate,8.2500,8.25
2019-06-23,banxico,target_rate,8.2500,8.25
2019-06-24,banxico,target_rate,8.2500,8.25
2019-06-25,banxico,target_rate,8.2500,8.25
2019-06-26,banxico,target_rate,8.2500,8.25
2019-06-27,banxico,target_rate,8.2500,8.25
2019-06-28,banxico,target_rate,8.2500,8.25
2019-06-29,banxico,target_rate,8.2500,8.25
2019-06-30,banxico,target_rate,8.2500,8.25
2019-07-01,banxico,target_rate,8.2500,8.25
2019-07-02,banxico,target_rate,8.2500,8.25
2019-07-03,banxico,target_rate,8.2500,8.25
2019-07-04,banxico,target_rate,8.2500,8.25
2019-07-05,banxico,target_rate,8.2500,8.25
2019-07-06,banxico,target_rate,8.2500,8.25
2019-07-07,banxico,target_rate,8.2500,8.25
2019-07-08,banxico,target_rate,8.2500,8.25
2019-07-09,banxico,target_rate,8.2500,8.25
2019-07-10,banxico,target_rate,8.2500,8.25
2019-07-11,banxico,target_rate,8.2500,8.25
2019-07-12,banxico,target_rate,8.2500,8.25
2019-07-13,banxico,target_rate,8.2500,8.25
2019-07-14,banxico,target_rate,8.2500,8.25
2019-07-15,banxico,target_rate,8.2500,8.25
2019-07-16,banxico,target_rate,8.2500,8.25
2019-07-17,banxico,target_rate,8.2500,8.25
2019-07-18,banxico,target_rate,8.2500,8.25
2019-07-19,banxico,target_rate,8.2500,8.25
2019-07-20,banxico,target_rate,8.2500,8.25
2019-07-21,banxico,target_rate,8.2500,8.25
2019-07-22,banxico,target_rate,8.2500,8.25
2019-07-23,banxico,target_rate,8.2500,8.25
2019-07-24,banxico,target_rate,8.2500,8.25
2019-07-25,banxico,target_rate,8.2500,8.25
2019-07-26,banxico,target_rate,8.2500,8.25
2019-07-27,banxico,target_rate,8.2500,8.25
2019-07-28,banxico,target_rate,8.2500,8.25
2019-07-29,banxico,target_rate,8.2500,8.25
2019-07-30,banxico,target_rate,8.2500,8.25
2019-07-31,banxico,target_rate,8.2500,8.25
2019-08-01,banxico,target_rate,8.2500,8.25
2019-08-02,banxico,target_rate,8.2500,8.25
2019-08-03,banxico,target_rate,8.2500,8.25
2019-08-04,banxico,target_rate,8.2500,8.25
2019-08-05,banxico,target_rate,8.2500,8.25
2019-08-06,banxico,target_rate,8.2500,8.25
2019-08-07,banxico,target_rate,8.2500,8.25
2019-08-08,banxico,target_rate,8.2500,8.25
2019-08-09,banxico,target_rate,8.2500,8.25
2019-08-10,banxico,target_rate,8.2500,8.25
2019-08-11,banxico,target_rate,8.2500,8.25
2019-08-12,banxico,target_rate,8.2500,8.25
2019-08-13,banxico,target_rate,8.2500,8.25
2019-08-14,banxico,target_rate,8.2500,8.25
2019-08-15,banxico,target_rate,8.0000,8.0
2019-08-16,banxico,target_rate,8.0000,8.0
2019-08-17,banxico,target_rate,8.0000,8.0
2019-08-18,banxico,target_rate,8.0000,8.0
2019-08-19,banxico,target_rate,8.0000,8.0
2019-08-20,banxico,target_rate,8.0000,8.0
2019-08-21,banxico,target_rate,8.0000,8.0
2019-08-22,banxico,target_rate,8.0000,8.0
2019-08-23,banxico,target_rate,8.0000,8.0
2019-08-24,banxico,target_rate,8.0000,8.0
2019-08-25,banxico,target_rate,8.0000,8.0
2019-08-26,banxico,target_rate,8.0000,8.0
2019-08-27,banxico,target_rate,8.0000,8.0
2019-08-28,banxico,target_rate,8.0000,8.0
2019-08-29,banxico,target_rate,8.0000,8.0
2019-08-30,banxico,target_rate,8.0000,8.0
2019-08-31,banxico,target_rate,8.0000,8.0
2019-09-01,banxico,target_rate,8.0000,8.0
2019-09-02,banxico,target_rate,8.0000,8.0
2019-09-03,banxico,target_rate,8.0000,8.0
2019-09-04,banxico,target_rate,8.0000,8.0
2019-09-05,banxico,target_rate,8.0000,8.0
2019-09-06,banxico,target_rate,8.0000,8.0
2019-09-07,banxico,target_rate,8.0000,8.0
2019-09-08,banxico,target_rate,8.0000,8.0
2019-09-09,banxico,target_rate,8.0000,8.0
2019-09-10,banxico,target_rate,8.0000,8.0
2019-09-11,banxico,target_rate,8.0000,8.0
2019-09-12,banxico,target_rate,8.0000,8.0
2019-09-13,banxico,target_rate,8.0000,8.0
2019-09-14,banxico,target_rate,8.0000,8.0
2019-09-15,banxico,target_rate,8.0000,8.0
2019-09-16,banxico,target_rate,8.0000,8.0
2019-09-17,banxico,target_rate,8.0000,8.0
2019-09-18,banxico,target_rate,8.0000,8.0
2019-09-19,banxico,target_rate,8.0000,8.0
2019-09-20,banxico,target_rate,8.0000,8.0
2019-09-21,banxico,target_rate,8.0000,8.0
2019-09-22,banxico,target_rate,8.0000,8.0
2019-09-23,banxico,target_rate,8.0000,8.0
2019-09-24,banxico,target_rate,8.0000,8.0
2019-09-25,banxico,target_rate,8.0000,8.0
2019-09-26,banxico,target_rate,7.7500,7.75
2019-09-27,banxico,target_rate,7.7500,7.75
2019-09-28,banxico,target_rate,7.7500,7.75
2019-09-29,banxico,target_rate,7.7500,7.75
2019-09-30,banxico,target_rate,7.7500,7.75
2019-10-01,banxico,target_rate,7.7500,7.75
2019-10-02,banxico,target_rate,7.7500,7.75
2019-10-03,banxico,target_rate,7.7500,7.75
2019-10-04,banxico,target_rate,7.7500,7.75
2019-10-05,banxico,target_rate,7.7500,7.75
2019-10-06,banxico,target_rate,7.7500,7.75
2019-10-07,banxico,target_rate,7.7500,7.75
2019-10-08,banxico,target_rate,7.7500,7.75
2019-10-09,banxico,target_rate,7.7500,7.75
2019-10-10,banxico,target_rate,7.7500,7.75
2019-10-11,banxico,target_rate,7.7500,7.75
2019-10-12,banxico,target_rate,7.7500,7.75
2019-10-13,banxico,target_rate,7.7500,7.75
2019-10-14,banxico,target_rate,7.7500,7.75
2019-10-15,banxico,target_rate,7.7500,7.75
2019-10-16,banxico,target_rate,7.7500,7.75
2019-10-17,banxico,target_rate,7.7500,7.75
2019-10-18,banxico,target_rate,7.7500,7.75
2019-10-19,banxico,target_rate,7.7500,7.75
2019-10-20,banxico,target_rate,7.7500,7.75
2019-10-21,banxico,target_rate,7.7500,7.75
2019-10-22,banxico,target_rate,7.7500,7.75
2019-10-23,banxico,target_rate,7.7500,7.75
2019-10-24,banxico,target_rate,7.7500,7.75
2019-10-25,banxico,target_rate,7.7500,7.75
2019-10-26,banxico,target_rate,7.7500,7.75
2019-10-27,banxico,target_rate,7.7500,7.75
2019-10-28,banxico,target_rate,7.7500,7.75
2019-10-29,banxico,target_rate,7.7500,7.75
2019-10-30,banxico,target_rate,7.7500,7.75
2019-10-31,banxico,target_rate,7.7500,7.75
2019-11-01,banxico,target_rate,7.7500,7.75
2019-11-02,banxico,target_rate,7.7500,7.75
2019-11-03,banxico,target_rate,7.7500,7.75
2019-11-04,banxico,target_rate,7.7500,7.75
2019-11-05,banxico,target_rate,7.7500,7.75
2019-11-06,banxico,target_rate,7.7500,7.75
2019-11-07,banxico,target_rate,7.7500,7.75
2019-11-08,banxico,target_rate,7.7500,7.75
2019-11-09,banxico,target_rate,7.7500,7.75
2019-11-10,banxico,target_rate,7.7500,7.75
2019-11-11,banxico,target_rate,7.7500,7.75
2019-11-12,banxico,target_rate,7.7500,7.75
2019-11-13,banxico,target_rate,7.7500,7.75
2019-11-14,banxico,target_rate,7.5000,7.5
2019-11-15,banxico,target_rate,7.5000,7.5
2019-11-16,banxico,target_rate,7.5000,7.5
2019-11-17,banxico,target_rate,7.5000,7.5
2019-11-18,banxico,target_rate,7.5000,7.5
2019-11-19,banxico,target_rate,7.5000,7.5
2019-11-20,banxico,target_rate,7.5000,7.5
2019-11-21,banxico,target_rate,7.5000,7.5
2019-11-22,banxico,target_rate,7.5000,7.5
2019-11-23,banxico,target_rate,7.5000,7.5
2019-11-24,banxico,target_rate,7.5000,7.5
2019-11-25,banxico,target_rate,7.5000,7.5
2019-11-26,banxico,target_rate,7.5000,7.5
2019-11-27,banxico,target_rate,7.5000,7.5
2019-11-28,banxico,target_rate,7.5000,7.5
2019-11-29,banxico,target_rate,7.5000,7.5
2019-11-30,banxico,target_rate,7.5000,7.5
2019-12-01,banxico,target_rate,7.5000,7.5
2019-12-02,banxico,target_rate,7.5000,7.5
2019-12-03,banxico,target_rate,7.5000,7.5
2019-12-04,banxico,target_rate,7.5000,7.5
2019-12-05,banxico,target_rate,7.5000,7.5
2019-12-06,banxico,target_rate,7.5000,7.5
2019-12-07,banxico,target_rate,7.5000,7.5
2019-12-08,banxico,target_rate,7.5000,7.5
2019-12-09,banxico,target_rate,7.5000,7.5
2019-12-10,banxico,target_rate,7.5000,7.5
2019-12-11,banxico,target_rate,7.5000,7.5
2019-12-12,banxico,target_rate,7.5000,7.5
2019-12-13,banxico,target_rate,7.5000,7.5
2019-12-14,banxico,target_rate,7.5000,7.5
2019-12-15,banxico,target_rate,7.5000,7.5
2019-12-16,banxico,target_rate,7.5000,7.5
2019-12-17,banxico,target_rate,7.5000,7.5
2019-12-18,banxico,target_rate,7.5000,7.5
2019-12-19,banxico,target_rate,7.2500,7.25
2019-12-20,banxico,target_rate,7.2500,7.25
2019-12-21,banxico,target_rate,7.2500,7.25
2019-12-22,banxico,target_rate,7.2500,7.25
2019-12-23,banxico,target_rate,7.2500,7.25
2019-12-24,banxico,target_rate,7.2500,7.25
2019-12-25,banxico,target_rate,7.2500,7.25
2019-12-26,banxico,target_rate,7.2500,7.25
2019-12-27,banxico,target_rate,7.2500,7.25
2019-12-28,banxico,target_rate,7.2500,7.25
2019-12-29,banxico,target_rate,7.2500,7.25
2019-12-30,banxico,target_rate,7.2500,7.25
2019-12-31,banxico,target_rate,7.2500,7.25
2020-01-01,banxico,target_rate,7.2500,7.25
2020-01-02,banxico,target_rate,7.2500,7.25
2020-01-03,banxico,target_rate,7.2500,7.25
2020-01-04,banxico,target_rate,7.2500,7.25
2020-01-05,banxico,target_rate,7.2500,7.25
2020-01-06,banxico,target_rate,7.2500,7.25
2020-01-07,banxico,target_rate,7.2500,7.25
2020-01-08,banxico,target_rate,7.2500,7.25
2020-01-09,banxico,target_rate,7.2500,7.25
2020-01-10,banxico,target_rate,7.2500,7.25
2020-01-11,banxico,target_rate,7.2500,7.25
2020-01-12,banxico,target_rate,7.2500,7.25
2020-01-13,banxico,target_rate,7.2500,7.25
2020-01-14,banxico,target_rate,7.2500,7.25
2020-01-15,banxico,target_rate,7.2500,7.25
2020-01-16,banxico,target_rate,7.2500,7.25
2020-01-17,banxico,target_rate,7.2500,7.25
2020-01-18,banxico,target_rate,7.2500,7.25
2020-01-19,banxico,target_rate,7.2500,7.25
2020-01-20,banxico,target_rate,7.2500,7.25
2020-01-21,banxico,target_rate,7.2500,7.25
2020-01-22,banxico,target_rate,7.2500,7.25
2020-01-23,banxico,target_rate,7.2500,7.25
2020-01-24,banxico,target_rate,7.2500,7.25
2020-01-25,banxico,target_rate,7.2500,7.25
2020-01-26,banxico,target_rate,7.2500,7.25
2020-01-27,banxico,target_rate,7.2500,7.25
2020-01-28,banxico,target_rate,7.2500,7.25
2020-01-29,banxico,target_rate,7.2500,7.25
2020-01-30,banxico,target_rate,7.2500,7.25
2020-01-31,banxico,target_rate,7.2500,7.25
2020-02-01,banxico,target_rate,7.2500,7.25
2020-02-02,banxico,target_rate,7.2500,7.25
2020-02-03,banxico,target_rate,7.2500,7.25
2020-02-04,banxico,target_rate,7.2500,7.25
2020-02-05,banxico,target_rate,7.2500,7.25
2020-02-06,banxico,target_rate,7.2500,7.25
2020-02-07,banxico,target_rate,7.2500,7.25
2020-02-08,banxico,target_rate,7.2500,7.25
2020-02-09,banxico,target_rate,7.2500,7.25
2020-02-10,banxico,target_rate,7.2500,7.25
2020-02-11,banxico,target_rate,7.2500,7.25
2020-02-12,banxico,target_rate,7.2500,7.25
2020-02-13,banxico,target_rate,7.0000,7.0
2020-02-14,banxico,target_rate,7.0000,7.0
2020-02-15,banxico,target_rate,7.0000,7.0
2020-02-16,banxico,target_rate,7.0000,7.0
2020-02-17,banxico,target_rate,7.0000,7.0
2020-02-18,banxico,target_rate,7.0000,7.0
2020-02-19,banxico,target_rate,7.0000,7.0
2020-02-20,banxico,target_rate,7.0000,7.0
2020-02-21,banxico,target_rate,7.0000,7.0
2020-02-22,banxico,target_rate,7.0000,7.0
2020-02-23,banxico,target_rate,7.0000,7.0
2020-02-24,banxico,target_rate,7.0000,7.0
2020-02-25,banxico,target_rate,7.0000,7.0
2020-02-26,banxico,target_rate,7.0000,7.0
2020-02-27,banxico,target_rate,7.0000,7.0
2020-02-28,banxico,target_rate,7.0000,7.0
2020-03-02,banxico,target_rate,7.0000,7.0
2020-03-03,banxico,target_rate,7.0000,7.0
2020-03-04,banxico,target_rate,7.0000,7.0
2020-03-05,banxico,target_rate,7.0000,7.0
2020-03-06,banxico,target_rate,7.0000,7.0
2020-03-07,banxico,target_rate,7.0000,7.0
2020-03-08,banxico,target_rate,7.0000,7.0
2020-03-09,banxico,target_rate,7.0000,7.0
2020-03-10,banxico,target_rate,7.0000,7.0
2020-03-11,banxico,target_rate,7.0000,7.0
2020-03-12,banxico,target_rate,7.0000,7.0
2020-03-13,banxico,target_rate,7.0000,7.0
2020-03-14,banxico,target_rate,7.0000,7.0
2020-03-15,banxico,target_rate,7.0000,7.0
2020-03-16,banxico,target_rate,7.0000,7.0
2020-03-17,banxico,target_rate,7.0000,7.0
2020-03-18,banxico,target_rate,7.0000,7.0
2020-03-19,banxico,target_rate,7.0000,7.0
2020-03-20,banxico,target_rate,6.5000,6.5
2020-03-21,banxico,target_rate,6.5000,6.5
2020-03-22,banxico,target_rate,6.5000,6.5
2020-03-23,banxico,target_rate,6.5000,6.5
2020-03-24,banxico,target_rate,6.5000,6.5
2020-03-25,banxico,target_rate,6.5000,6.5
2020-03-26,banxico,target_rate,6.5000,6.5
2020-03-27,banxico,target_rate,6.5000,6.5
2020-03-28,banxico,target_rate,6.5000,6.5
2020-03-29,banxico,target_rate,6.5000,6.5
2020-03-30,banxico,target_rate,6.5000,6.5
2020-03-31,banxico,target_rate,6.5000,6.5
2020-04-01,banxico,target_rate,6.5000,6.5
2020-04-02,banxico,target_rate,6.5000,6.5
2020-04-03,banxico,target_rate,6.5000,6.5
2020-04-04,banxico,target_rate,6.5000,6.5
2020-04-05,banxico,target_rate,6.5000,6.5
2020-04-06,banxico,target_rate,6.5000,6.5
2020-04-07,banxico,target_rate,6.5000,6.5
2020-04-08,banxico,target_rate,6.5000,6.5
2020-04-09,banxico,target_rate,6.5000,6.5
2020-04-10,banxico,target_rate,6.5000,6.5
2020-04-11,banxico,target_rate,6.5000,6.5
2020-04-12,banxico,target_rate,6.5000,6.5
2020-04-13,banxico,target_rate,6.5000,6.5
2020-04-14,banxico,target_rate,6.5000,6.5
2020-04-15,banxico,target_rate,6.5000,6.5
2020-04-16,banxico,target_rate,6.5000,6.5
2020-04-17,banxico,target_rate,6.5000,6.5
2020-04-18,banxico,target_rate,6.5000,6.5
2020-04-19,banxico,target_rate,6.5000,6.5
2020-04-20,banxico,target_rate,6.5000,6.5
2020-04-21,banxico,target_rate,6.0000,6.0
2020-04-22,banxico,target_rate,6.0000,6.0
2020-04-23,banxico,target_rate,6.0000,6.0
2020-04-24,banxico,target_rate,6.0000,6.0
2020-04-25,banxico,target_rate,6.0000,6.0
2020-04-26,banxico,target_rate,6.0000,6.0
2020-04-27,banxico,target_rate,6.0000,6.0
2020-04-28,banxico,target_rate,6.0000,6.0
2020-04-29,banxico,target_rate,6.0000,6.0
2020-04-30,banxico,target_rate,6.0000,6.0
2020-05-01,banxico,target_rate,6.0000,6.0
2020-05-02,banxico,target_rate,6.0000,6.0
2020-05-03,banxico,target_rate,6.0000,6.0
2020-05-04,banxico,target_rate,6.0000,6.0
2020-05-05,banxico,target_rate,6.0000,6.0
2020-05-06,banxico,target_rate,6.0000,6.0
2020-05-07,banxico,target_rate,6.0000,6.0
2020-05-08,banxico,target_rate,6.0000,6.0
2020-05-09,banxico,target_rate,6.0000,6.0
2020-05-10,banxico,target_rate,6.0000,6.0
2020-05-11,banxico,target_rate,6.0000,6.0
2020-05-12,banxico,target_rate,6.0000,6.0
2020-05-13,banxico,target_rate,6.0000,6.0
2020-05-14,banxico,target_rate,5.5000,5.5
2020-05-15,banxico,target_rate,5.5000,5.5
2020-05-16,banxico,target_rate,5.5000,5.5
2020-05-17,banxico,target_rate,5.5000,5.5
2020-05-18,banxico,target_rate,5.5000,5.5
2020-05-19,banxico,target_rate,5.5000,5.5
2020-05-20,banxico,target_rate,5.5000,5.5
2020-05-21,banxico,target_rate,5.5000,5.5
2020-05-22,banxico,target_rate,5.5000,5.5
2020-05-23,banxico,target_rate,5.5000,5.5
2020-05-24,banxico,target_rate,5.5000,5.5
2020-05-25,banxico,target_rate,5.5000,5.5
2020-05-26,banxico,target_rate,5.5000,5.5
2020-05-27,banxico,target_rate,5.5000,5.5
2020-05-28,banxico,target_rate,5.5000,5.5
2020-05-29,banxico,target_rate,5.5000,5.5
2020-05-30,banxico,target_rate,5.5000,5.5
2020-05-31,banxico,target_rate,5.5000,5.5
2020-06-01,banxico,target_rate,5.5000,5.5
2020-06-02,banxico,target_rate,5.5000,5.5
2020-06-03,banxico,target_rate,5.5000,5.5
2020-06-04,banxico,target_rate,5.5000,5.5
2020-06-05,banxico,target_rate,5.5000,5.5
2020-06-06,banxico,target_rate,5.5000,5.5
2020-06-07,banxico,target_rate,5.5000,5.5
2020-06-08,banxico,target_rate,5.5000,5.5
2020-06-09,banxico,target_rate,5.5000,5.5
2020-06-10,banxico,target_rate,5.5000,5.5
2020-06-11,banxico,target_rate,5.5000,5.5
2020-06-12,banxico,target_rate,5.5000,5.5
2020-06-13,banxico,target_rate,5.5000,5.5
2020-06-14,banxico,target_rate,5.5000,5.5
2020-06-15,banxico,target_rate,5.5000,5.5
2020-06-16,banxico,target_rate,5.5000,5.5
2020-06-17,banxico,target_rate,5.5000,5.5
2020-06-18,banxico,target_rate,5.5000,5.5
2020-06-19,banxico,target_rate,5.5000,5.5
2020-06-20,banxico,target_rate,5.5000,5.5
2020-06-21,banxico,target_rate,5.5000,5.5
2020-06-22,banxico,target_rate,5.5000,5.5
2020-06-23,banxico,target_rate,5.5000,5.5
2020-06-24,banxico,target_rate,5.5000,5.5
2020-06-25,banxico,target_rate,5.0000,5.0
2020-06-26,banxico,target_rate,5.0000,5.0
2020-06-27,banxico,target_rate,5.0000,5.0
2020-06-28,banxico,target_rate,5.0000,5.0
2020-06-29,banxico,target_rate,5.0000,5.0
2020-06-30,banxico,target_rate,5.0000,5.0
2020-07-01,banxico,target_rate,5.0000,5.0
2020-07-02,banxico,target_rate,5.0000,5.0
2020-07-03,banxico,target_rate,5.0000,5.0
2020-07-04,banxico,target_rate,5.0000,5.0
2020-07-05,banxico,target_rate,5.0000,5.0
2020-07-06,banxico,target_rate,5.0000,5.0
2020-07-07,banxico,target_rate,5.0000,5.0
2020-07-08,banxico,target_rate,5.0000,5.0
2020-07-09,banxico,target_rate,5.0000,5.0
2020-07-10,banxico,target_rate,5.0000,5.0
2020-07-11,banxico,target_rate,5.0000,5.0
2020-07-12,banxico,target_rate,5.0000,5.0
2020-07-13,banxico,target_rate,5.0000,5.0
2020-07-14,banxico,target_rate,5.0000,5.0
2020-07-15,banxico,target_rate,5.0000,5.0
2020-07-16,banxico,target_rate,5.0000,5.0
2020-07-17,banxico,target_rate,5.0000,5.0
2020-07-18,banxico,target_rate,5.0000,5.0
2020-07-19,banxico,target_rate,5.0000,5.0
2020-07-20,banxico,target_rate,5.0000,5.0
2020-07-21,banxico,target_rate,5.0000,5.0
2020-07-22,banxico,target_rate,5.0000,5.0
2020-07-23,banxico,target_rate,5.0000,5.0
2020-07-24,banxico,target_rate,5.0000,5.0
2020-07-25,banxico,target_rate,5.0000,5.0
2020-07-26,banxico,target_rate,5.0000,5.0
2020-07-27,banxico,target_rate,5.0000,5.0
2020-07-28,banxico,target_rate,5.0000,5.0
2020-07-29,banxico,target_rate,5.0000,5.0
2020-07-30,banxico,target_rate,5.0000,5.0
2020-07-31,banxico,target_rate,5.0000,5.0
2020-08-01,banxico,target_rate,5.0000,5.0
2020-08-02,banxico,target_rate,5.0000,5.0
2020-08-03,banxico,target_rate,5.0000,5.0
2020-08-04,banxico,target_rate,5.0000,5.0
2020-08-05,banxico,target_rate,5.0000,5.0
2020-08-06,banxico,target_rate,5.0000,5.0
2020-08-07,banxico,target_rate,5.0000,5.0
2020-08-08,banxico,target_rate,5.0000,5.0
2020-08-09,banxico,target_rate,5.0000,5.0
2020-08-10,banxico,target_rate,5.0000,5.0
2020-08-11,banxico,target_rate,5.0000,5.0
2020-08-12,banxico,target_rate,5.0000,5.0
2020-08-13,banxico,target_rate,5.0000,5.0
2020-08-14,banxico,target_rate,4.5000,4.5
2020-08-15,banxico,target_rate,4.5000,4.5
2020-08-16,banxico,target_rate,4.5000,4.5
2020-08-17,banxico,target_rate,4.5000,4.5
2020-08-18,banxico,target_rate,4.5000,4.5
2020-08-19,banxico,target_rate,4.5000,4.5
2020-08-20,banxico,target_rate,4.5000,4.5
2020-08-21,banxico,target_rate,4.5000,4.5
2020-08-22,banxico,target_rate,4.5000,4.5
2020-08-23,banxico,target_rate,4.5000,4.5
2020-08-24,banxico,target_rate,4.5000,4.5
2020-08-25,banxico,target_rate,4.5000,4.5
2020-08-26,banxico,target_rate,4.5000,4.5
2020-08-27,banxico,target_rate,4.5000,4.5
2020-08-28,banxico,target_rate,4.5000,4.5
2020-08-30,banxico,target_rate,4.5000,4.5
2020-08-31,banxico,target_rate,4.5000,4.5
2020-09-01,banxico,target_rate,4.5000,4.5
2020-09-02,banxico,target_rate,4.5000,4.5
2020-09-03,banxico,target_rate,4.5000,4.5
2020-09-04,banxico,target_rate,4.5000,4.5
2020-09-05,banxico,target_rate,4.5000,4.5
2020-09-06,banxico,target_rate,4.5000,4.5
2020-09-07,banxico,target_rate,4.5000,4.5
2020-09-08,banxico,target_rate,4.5000,4.5
2020-09-09,banxico,target_rate,4.5000,4.5
2020-09-10,banxico,target_rate,4.5000,4.5
2020-09-11,banxico,target_rate,4.5000,4.5
2020-09-12,banxico,target_rate,4.5000,4.5
2020-09-13,banxico,target_rate,4.5000,4.5
2020-09-14,banxico,target_rate,4.5000,4.5
2020-09-15,banxico,target_rate,4.5000,4.5
2020-09-16,banxico,target_rate,4.5000,4.5
2020-09-17,banxico,target_rate,4.5000,4.5
2020-09-18,banxico,target_rate,4.5000,4.5
2020-09-19,banxico,target_rate,4.5000,4.5
2020-09-20,banxico,target_rate,4.5000,4.5
2020-09-21,banxico,target_rate,4.5000,4.5
2020-09-22,banxico,target_rate,4.5000,4.5
2020-09-23,banxico,target_rate,4.5000,4.5
2020-09-24,banxico,target_rate,4.5000,4.5
2020-09-25,banxico,target_rate,4.2500,4.25
2020-09-26,banxico,target_rate,4.2500,4.25
2020-09-27,banxico,target_rate,4.2500,4.25
2020-09-28,banxico,target_rate,4.2500,4.25
2020-09-29,banxico,target_rate,4.2500,4.25
2020-09-30,banxico,target_rate,4.2500,4.25
2020-10-01,banxico,target_rate,4.2500,4.25
2020-10-02,banxico,target_rate,4.2500,4.25
2020-10-03,banxico,target_rate,4.2500,4.25
2020-10-04,banxico,target_rate,4.2500,4.25
2020-10-05,banxico,target_rate,4.2500,4.25
2020-10-06,banxico,target_rate,4.2500,4.25
2020-10-07,banxico,target_rate,4.2500,4.25
2020-10-08,banxico,target_rate,4.2500,4.25
2020-10-09,banxico,target_rate,4.2500,4.25
2020-10-10,banxico,target_rate,4.2500,4.25
2020-10-11,banxico,target_rate,4.2500,4.25
2020-10-12,banxico,target_rate,4.2500,4.25
2020-10-13,banxico,target_rate,4.2500,4.25
2020-10-14,banxico,target_rate,4.2500,4.25
2020-10-15,banxico,target_rate,4.2500,4.25
2020-10-16,banxico,target_rate,4.2500,4.25
2020-10-17,banxico,target_rate,4.2500,4.25
2020-10-18,banxico,target_rate,4.2500,4.25
2020-10-19,banxico,target_rate,4.2500,4.25
2020-10-20,banxico,target_rate,4.2500,4.25
2020-10-21,banxico,target_rate,4.2500,4.25
2020-10-22,banxico,target_rate,4.2500,4.25
2020-10-23,banxico,target_rate,4.2500,4.25
2020-10-24,banxico,target_rate,4.2500,4.25
2020-10-25,banxico,target_rate,4.2500,4.25
2020-10-26,banxico,target_rate,4.2500,4.25
2020-10-27,banxico,target_rate,4.2500,4.25
2020-10-28,banxico,target_rate,4.2500,4.25
2020-10-29,banxico,target_rate,4.2500,4.25
2020-10-30,banxico,target_rate,4.2500,4.25
2020-10-31,banxico,target_rate,4.2500,4.25
2020-11-01,banxico,target_rate,4.2500,4.25
2020-11-02,banxico,target_rate,4.2500,4.25
2020-11-03,banxico,target_rate,4.2500,4.25
2020-11-04,banxico,target_rate,4.2500,4.25
2020-11-05,banxico,target_rate,4.2500,4.25
2020-11-06,banxico,target_rate,4.2500,4.25
2020-11-07,banxico,target_rate,4.2500,4.25
2020-11-08,banxico,target_rate,4.2500,4.25
2020-11-09,banxico,target_rate,4.2500,4.25
2020-11-10,banxico,target_rate,4.2500,4.25
2020-11-11,banxico,target_rate,4.2500,4.25
2020-11-12,banxico,target_rate,4.2500,4.25
2020-11-13,banxico,target_rate,4.2500,4.25
2020-11-14,banxico,target_rate,4.2500,4.25
2020-11-15,banxico,target_rate,4.2500,4.25
2020-11-16,banxico,target_rate,4.2500,4.25
2020-11-17,banxico,target_rate,4.2500,4.25
2020-11-18,banxico,target_rate,4.2500,4.25
2020-11-19,banxico,target_rate,4.2500,4.25
2020-11-20,banxico,target_rate,4.2500,4.25
2020-11-21,banxico,target_rate,4.2500,4.25
2020-11-22,banxico,target_rate,4.2500,4.25
2020-11-23,banxico,target_rate,4.2500,4.25
2020-11-24,banxico,target_rate,4.2500,4.25
2020-11-25,banxico,target_rate,4.2500,4.25
2020-11-26,banxico,target_rate,4.2500,4.25
2020-11-27,banxico,target_rate,4.2500,4.25
2020-11-28,banxico,target_rate,4.2500,4.25
2020-11-29,banxico,target_rate,4.2500,4.25
2020-11-30,banxico,target_rate,4.2500,4.25
2020-12-01,banxico,target_rate,4.2500,4.25
2020-12-02,banxico,target_rate,4.2500,4.25
2020-12-03,banxico,target_rate,4.2500,4.25
2020-12-04,banxico,target_rate,4.2500,4.25
2020-12-05,banxico,target_rate,4.2500,4.25
2020-12-06,banxico,target_rate,4.2500,4.25
2020-12-07,banxico,target_rate,4.2500,4.25
2020-12-08,banxico,target_rate,4.2500,4.25
2020-12-09,banxico,target_rate,4.2500,4.25
2020-12-10,banxico,target_rate,4.2500,4.25
2020-12-11,banxico,target_rate,4.2500,4.25
2020-12-12,banxico,target_rate,4.2500,4.25
2020-12-13,banxico,target_rate,4.2500,4.25
2020-12-14,banxico,target_rate,4.2500,4.25
2020-12-15,banxico,target_rate,4.2500,4.25
2020-12-16,banxico,target_rate,4.2500,4.25
2020-12-17,banxico,target_rate,4.2500,4.25
2020-12-18,banxico,target_rate,4.2500,4.25
2020-12-19,banxico,target_rate,4.2500,4.25
2020-12-20,banxico,target_rate,4.2500,4.25
2020-12-21,banxico,target_rate,4.2500,4.25
2020-12-22,banxico,target_rate,4.2500,4.25
2020-12-23,banxico,target_rate,4.2500,4.25
2020-12-24,banxico,target_rate,4.2500,4.25
2020-12-25,banxico,target_rate,4.2500,4.25
2020-12-26,banxico,target_rate,4.2500,4.25
2020-12-27,banxico,target_rate,4.2500,4.25
2020-12-28,banxico,target_rate,4.2500,4.25
2020-12-29,banxico,target_rate,4.2500,4.25
2020-12-30,banxico,target_rate,4.2500,4.25
2020-12-31,banxico,target_rate,4.2500,4.25
2021-01-01,banxico,target_rate,4.2500,4.25
2021-01-02,banxico,target_rate,4.2500,4.25
2021-01-03,banxico,target_rate,4.2500,4.25
2021-01-04,banxico,target_rate,4.2500,4.25
2021-01-05,banxico,target_rate,4.2500,4.25
2021-01-06,banxico,target_rate,4.2500,4.25
2021-01-07,banxico,target_rate,4.2500,4.25
2021-01-08,banxico,target_rate,4.2500,4.25
2021-01-09,banxico,target_rate,4.2500,4.25
2021-01-10,banxico,target_rate,4.2500,4.25
2021-01-11,banxico,target_rate,4.2500,4.25
2021-01-12,banxico,target_rate,4.2500,4.25
2021-01-13,banxico,target_rate,4.2500,4.25
2021-01-14,banxico,target_rate,4.2500,4.25
2021-01-15,banxico,target_rate,4.2500,4.25
2021-01-16,banxico,target_rate,4.2500,4.25
2021-01-17,banxico,target_rate,4.2500,4.25
2021-01-18,banxico,target_rate,4.2500,4.25
2021-01-19,banxico,target_rate,4.2500,4.25
2021-01-20,banxico,target_rate,4.2500,4.25
2021-01-21,banxico,target_rate,4.2500,4.25
2021-01-22,banxico,target_rate,4.2500,4.25
2021-01-23,banxico,target_rate,4.2500,4.25
2021-01-24,banxico,target_rate,4.2500,4.25
2021-01-25,banxico,target_rate,4.2500,4.25
2021-01-26,banxico,target_rate,4.2500,4.25
2021-01-27,banxico,target_rate,4.2500,4.25
2021-01-28,banxico,target_rate,4.2500,4.25
2021-01-29,banxico,target_rate,4.2500,4.25
2021-01-30,banxico,target_rate,4.2500,4.25
2021-01-31,banxico,target_rate,4.2500,4.25
2021-02-01,banxico,target_rate,4.2500,4.25
2021-02-02,banxico,target_rate,4.2500,4.25
2021-02-03,banxico,target_rate,4.2500,4.25
2021-02-04,banxico,target_rate,4.2500,4.25
2021-02-05,banxico,target_rate,4.2500,4.25
2021-02-06,banxico,target_rate,4.2500,4.25
2021-02-07,banxico,target_rate,4.2500,4.25
2021-02-08,banxico,target_rate,4.2500,4.25
2021-02-09,banxico,target_rate,4.2500,4.25
2021-02-10,banxico,target_rate,4.2500,4.25
2021-02-11,banxico,target_rate,4.2500,4.25
2021-02-12,banxico,target_rate,4.0000,4.0
2021-02-13,banxico,target_rate,4.0000,4.0
2021-02-14,banxico,target_rate,4.0000,4.0
2021-02-15,banxico,target_rate,4.0000,4.0
2021-02-16,banxico,target_rate,4.0000,4.0
2021-02-17,banxico,target_rate,4.0000,4.0
2021-02-18,banxico,target_rate,4.0000,4.0
2021-02-19,banxico,target_rate,4.0000,4.0
2021-02-20,banxico,target_rate,4.0000,4.0
2021-02-21,banxico,target_rate,4.0000,4.0
2021-02-22,banxico,target_rate,4.0000,4.0
2021-02-23,banxico,target_rate,4.0000,4.0
2021-02-24,banxico,target_rate,4.0000,4.0
2021-02-25,banxico,target_rate,4.0000,4.0
2021-02-26,banxico,target_rate,4.0000,4.0
2021-02-27,banxico,target_rate,4.0000,4.0
2021-02-28,banxico,target_rate,4.0000,4.0
2021-03-01,banxico,target_rate,4.0000,4.0
2021-03-02,banxico,target_rate,4.0000,4.0
2021-03-03,banxico,target_rate,4.0000,4.0
2021-03-04,banxico,target_rate,4.0000,4.0
2021-03-05,banxico,target_rate,4.0000,4.0
2021-03-06,banxico,target_rate,4.0000,4.0
2021-03-07,banxico,target_rate,4.0000,4.0
2021-03-08,banxico,target_rate,4.0000,4.0
2021-03-09,banxico,target_rate,4.0000,4.0
2021-03-10,banxico,target_rate,4.0000,4.0
2021-03-11,banxico,target_rate,4.0000,4.0
2021-03-12,banxico,target_rate,4.0000,4.0
2021-03-13,banxico,target_rate,4.0000,4.0
2021-03-14,banxico,target_rate,4.0000,4.0
2021-03-15,banxico,target_rate,4.0000,4.0
2021-03-16,banxico,target_rate,4.0000,4.0
2021-03-17,banxico,target_rate,4.0000,4.0
2021-03-18,banxico,target_rate,4.0000,4.0
2021-03-19,banxico,target_rate,4.0000,4.0
2021-03-20,banxico,target_rate,4.0000,4.0
2021-03-21,banxico,target_rate,4.0000,4.0
2021-03-22,banxico,target_rate,4.0000,4.0
2021-03-23,banxico,target_rate,4.0000,4.0
2021-03-24,banxico,target_rate,4.0000,4.0
2021-03-25,banxico,target_rate,4.0000,4.0
2021-03-26,banxico,target_rate,4.0000,4.0
2021-03-27,banxico,target_rate,4.0000,4.0
2021-03-28,banxico,target_rate,4.0000,4.0
2021-03-29,banxico,target_rate,4.0000,4.0
2021-03-30,banxico,target_rate,4.0000,4.0
2021-03-31,banxico,target_rate,4.0000,4.0
2021-04-01,banxico,target_rate,4.0000,4.0
2021-04-02,banxico,target_rate,4.0000,4.0
2021-04-03,banxico,target_rate,4.0000,4.0
2021-04-04,banxico,target_rate,4.0000,4.0
2021-04-05,banxico,target_rate,4.0000,4.0
2021-04-06,banxico,target_rate,4.0000,4.0
2021-04-07,banxico,target_rate,4.0000,4.0
2021-04-08,banxico,target_rate,4.0000,4.0
2021-04-09,banxico,target_rate,4.0000,4.0
2021-04-10,banxico,target_rate,4.0000,4.0
2021-04-11,banxico,target_rate,4.0000,4.0
2021-04-12,banxico,target_rate,4.0000,4.0
2021-04-13,banxico,target_rate,4.0000,4.0
2021-04-14,banxico,target_rate,4.0000,4.0
2021-04-15,banxico,target_rate,4.0000,4.0
2021-04-16,banxico,target_rate,4.0000,4.0
2021-04-17,banxico,target_rate,4.0000,4.0
2021-04-18,banxico,target_rate,4.0000,4.0
2021-04-19,banxico,target_rate,4.0000,4.0
2021-04-20,banxico,target_rate,4.0000,4.0
2021-04-21,banxico,target_rate,4.0000,4.0
2021-04-22,banxico,target_rate,4.0000,4.0
2021-04-23,banxico,target_rate,4.0000,4.0
2021-04-24,banxico,target_rate,4.0000,4.0
2021-04-25,banxico,target_rate,4.0000,4.0
2021-04-26,banxico,target_rate,4.0000,4.0
2021-04-27,banxico,target_rate,4.0000,4.0
2021-04-28,banxico,target_rate,4.0000,4.0
2021-04-29,banxico,target_rate,4.0000,4.0
2021-04-30,banxico,target_rate,4.0000,4.0
2021-05-01,banxico,target_rate,4.0000,4.0
2021-05-02,banxico,target_rate,4.0000,4.0
2021-05-03,banxico,target_rate,4.0000,4.0
2021-05-04,banxico,target_rate,4.0000,4.0
2021-05-05,banxico,target_rate,4.0000,4.0
2021-05-06,banxico,target_rate,4.0000,4.0
2021-05-07,banxico,target_rate,4.0000,4.0
2021-05-08,banxico,target_rate,4.0000,4.0
2021-05-10,banxico,target_rate,4.0000,4.0
2021-05-11,banxico,target_rate,4.0000,4.0
2021-05-12,banxico,target_rate,4.0000,4.0
2021-05-13,banxico,target_rate,4.0000,4.0
2021-05-14,banxico,target_rate,4.0000,4.0
2021-05-15,banxico,target_rate,4.0000,4.0
2021-05-16,banxico,target_rate,4.0000,4.0
2021-05-17,banxico,target_rate,4.0000,4.0
2021-05-18,banxico,target_rate,4.0000,4.0
2021-05-19,banxico,target_rate,4.0000,4.0
2021-05-20,banxico,target_rate,4.0000,4.0
2021-05-21,banxico,target_rate,4.0000,4.0
2021-05-22,banxico,target_rate,4.0000,4.0
2021-05-23,banxico,target_rate,4.0000,4.0
2021-05-24,banxico,target_rate,4.0000,4.0
2021-05-25,banxico,target_rate,4.0000,4.0
2021-05-26,banxico,target_rate,4.0000,4.0
2021-05-27,banxico,target_rate,4.0000,4.0
2021-05-28,banxico,target_rate,4.0000,4.0
2021-05-29,banxico,target_rate,4.0000,4.0
2021-05-30,banxico,target_rate,4.0000,4.0
2021-05-31,banxico,target_rate,4.0000,4.0
2021-06-01,banxico,target_rate,4.0000,4.0
2021-06-02,banxico,target_rate,4.0000,4.0
2021-06-03,banxico,target_rate,4.0000,4.0
2021-06-04,banxico,target_rate,4.0000,4.0
2021-06-05,banxico,target_rate,4.0000,4.0
2021-06-06,banxico,target_rate,4.0000,4.0
2021-06-07,banxico,target_rate,4.0000,4.0
2021-06-08,banxico,target_rate,4.0000,4.0
2021-06-09,banxico,target_rate,4.0000,4.0
2021-06-10,banxico,target_rate,4.0000,4.0
2021-06-11,banxico,target_rate,4.0000,4.0
2021-06-12,banxico,target_rate,4.0000,4.0
2021-06-13,banxico,target_rate,4.0000,4.0
2021-06-14,banxico,target_rate,4.0000,4.0
2021-06-15,banxico,target_rate,4.0000,4.0
2021-06-16,banxico,target_rate,4.0000,4.0
2021-06-17,banxico,target_rate,4.0000,4.0
2021-06-18,banxico,target_rate,4.0000,4.0
2021-06-19,banxico,target_rate,4.0000,4.0
2021-06-20,banxico,target_rate,4.0000,4.0
2021-06-21,banxico,target_rate,4.0000,4.0
2021-06-22,banxico,target_rate,4.0000,4.0
2021-06-23,banxico,target_rate,4.0000,4.0
2021-06-24,banxico,target_rate,4.0000,4.0
2021-06-25,banxico,target_rate,4.2500,4.25
2021-06-26,banxico,target_rate,4.2500,4.25
2021-06-27,banxico,target_rate,4.2500,4.25
2021-06-28,banxico,target_rate,4.2500,4.25
2021-06-29,banxico,target_rate,4.2500,4.25
2021-06-30,banxico,target_rate,4.2500,4.25
2021-07-01,banxico,target_rate,4.2500,4.25
2021-07-02,banxico,target_rate,4.2500,4.25
2021-07-03,banxico,target_rate,4.2500,4.25
2021-07-04,banxico,target_rate,4.2500,4.25
2021-07-05,banxico,target_rate,4.2500,4.25
2021-07-06,banxico,target_rate,4.2500,4.25
2021-07-07,banxico,target_rate,4.2500,4.25
2021-07-08,banxico,target_rate,4.2500,4.25
2021-07-09,banxico,target_rate,4.2500,4.25
2021-07-10,banxico,target_rate,4.2500,4.25
2021-07-11,banxico,target_rate,4.2500,4.25
2021-07-12,banxico,target_rate,4.2500,4.25
2021-07-13,banxico,target_rate,4.2500,4.25
2021-07-14,banxico,target_rate,4.2500,4.25
2021-07-15,banxico,target_rate,4.2500,4.25
2021-07-16,banxico,target_rate,4.2500,4.25
2021-07-17,banxico,target_rate,4.2500,4.25
2021-07-18,banxico,target_rate,4.2500,4.25
2021-07-19,banxico,target_rate,4.2500,4.25
2021-07-20,banxico,target_rate,4.2500,4.25
2021-07-21,banxico,target_rate,4.2500,4.25
2021-07-22,banxico,target_rate,4.2500,4.25
2021-07-23,banxico,target_rate,4.2500,4.25
2021-07-24,banxico,target_rate,4.2500,4.25
2021-07-25,banxico,target_rate,4.2500,4.25
2021-07-26,banxico,target_rate,4.2500,4.25
2021-07-27,banxico,target_rate,4.2500,4.25
2021-07-28,banxico,target_rate,4.2500,4.25
2021-07-29,banxico,target_rate,4.2500,4.25
2021-07-30,banxico,target_rate,4.2500,4.25
2021-07-31,banxico,target_rate,4.2500,4.25
2021-08-01,banxico,target_rate,4.2500,4.25
2021-08-02,banxico,target_rate,4.2500,4.25
2021-08-03,banxico,target_rate,4.2500,4.25
2021-08-04,banxico,target_rate,4.2500,4.25
2021-08-05,banxico,target_rate,4.2500,4.25
2021-08-06,banxico,target_rate,4.2500,4.25
2021-08-07,banxico,target_rate,4.2500,4.25
2021-08-08,banxico,target_rate,4.2500,4.25
2021-08-09,banxico,target_rate,4.2500,4.25
2021-08-10,banxico,target_rate,4.2500,4.25
2021-08-11,banxico,target_rate,4.2500,4.25
2021-08-12,banxico,target_rate,4.2500,4.25
2021-08-13,banxico,target_rate,4.5000,4.5
2021-08-14,banxico,target_rate,4.5000,4.5
2021-08-15,banxico,target_rate,4.5000,4.5
2021-08-16,banxico,target_rate,4.5000,4.5
2021-08-17,banxico,target_rate,4.5000,4.5
2021-08-18,banxico,target_rate,4.5000,4.5
2021-08-19,banxico,target_rate,4.5000,4.5
2021-08-20,banxico,target_rate,4.5000,4.5
2021-08-21,banxico,target_rate,4.5000,4.5
2021-08-22,banxico,target_rate,4.5000,4.5
2021-08-23,banxico,target_rate,4.5000,4.5
2021-08-24,banxico,target_rate,4.5000,4.5
2021-08-25,banxico,target_rate,4.5000,4.5
2021-08-26,banxico,target_rate,4.5000,4.5
2021-08-27,banxico,target_rate,4.5000,4.5
2021-08-28,banxico,target_rate,4.5000,4.5
2021-08-29,banxico,target_rate,4.5000,4.5
2021-08-30,banxico,target_rate,4.5000,4.5
2021-08-31,banxico,target_rate,4.5000,4.5
2021-09-01,banxico,target_rate,4.5000,4.5
2021-09-02,banxico,target_rate,4.5000,4.5
2021-09-03,banxico,target_rate,4.5000,4.5
2021-09-04,banxico,target_rate,4.5000,4.5
2021-09-05,banxico,target_rate,4.5000,4.5
2021-09-06,banxico,target_rate,4.5000,4.5
2021-09-07,banxico,target_rate,4.5000,4.5
2021-09-08,banxico,target_rate,4.5000,4.5
2021-09-09,banxico,target_rate,4.5000,4.5
2021-09-10,banxico,target_rate,4.5000,4.5
2021-09-11,banxico,target_rate,4.5000,4.5
2021-09-12,banxico,target_rate,4.5000,4.5
2021-09-13,banxico,target_rate,4.5000,4.5
2021-09-14,banxico,target_rate,4.5000,4.5
2021-09-15,banxico,target_rate,4.5000,4.5
2021-09-16,banxico,target_rate,4.5000,4.5
2021-09-17,banxico,target_rate,4.5000,4.5
2021-09-18,banxico,target_rate,4.5000,4.5
2021-09-19,banxico,target_rate,4.5000,4.5
2021-09-20,banxico,target_rate,4.5000,4.5
2021-09-21,banxico,target_rate,4.5000,4.5
2021-09-22,banxico,target_rate,4.5000,4.5
2021-09-23,banxico,target_rate,4.5000,4.5
2021-09-24,banxico,target_rate,4.5000,4.5
2021-09-25,banxico,target_rate,4.5000,4.5
2021-09-26,banxico,target_rate,4.5000,4.5
2021-09-27,banxico,target_rate,4.5000,4.5
2021-09-28,banxico,target_rate,4.5000,4.5
2021-09-29,banxico,target_rate,4.5000,4.5
2021-09-30,banxico,target_rate,4.5000,4.5
2021-10-01,banxico,target_rate,4.7500,4.75
2021-10-02,banxico,target_rate,4.7500,4.75
2021-10-03,banxico,target_rate,4.7500,4.75
2021-10-04,banxico,target_rate,4.7500,4.75
2021-10-05,banxico,target_rate,4.7500,4.75
2021-10-06,banxico,target_rate,4.7500,4.75
2021-10-07,banxico,target_rate,4.7500,4.75
2021-10-08,banxico,target_rate,4.7500,4.75
2021-10-09,banxico,target_rate,4.7500,4.75
2021-10-10,banxico,target_rate,4.7500,4.75
2021-10-11,banxico,target_rate,4.7500,4.75
2021-10-12,banxico,target_rate,4.7500,4.75
2021-10-13,banxico,target_rate,4.7500,4.75
2021-10-14,banxico,target_rate,4.7500,4.75
2021-10-15,banxico,target_rate,4.7500,4.75
2021-10-16,banxico,target_rate,4.7500,4.75
2021-10-17,banxico,target_rate,4.7500,4.75
2021-10-18,banxico,target_rate,4.7500,4.75
2021-10-19,banxico,target_rate,4.7500,4.75
2021-10-20,banxico,target_rate,4.7500,4.75
2021-10-21,banxico,target_rate,4.7500,4.75
2021-10-22,banxico,target_rate,4.7500,4.75
2021-10-23,banxico,target_rate,4.7500,4.75
2021-10-24,banxico,target_rate,4.7500,4.75
2021-10-25,banxico,target_rate,4.7500,4.75
2021-10-26,banxico,target_rate,4.7500,4.75
2021-10-27,banxico,target_rate,4.7500,4.75
2021-10-28,banxico,target_rate,4.7500,4.75
2021-10-29,banxico,target_rate,4.7500,4.75
2021-10-30,banxico,target_rate,4.7500,4.75
2021-10-31,banxico,target_rate,4.7500,4.75
2021-11-01,banxico,target_rate,4.7500,4.75
2021-11-02,banxico,target_rate,4.7500,4.75
2021-11-03,banxico,target_rate,4.7500,4.75
2021-11-04,banxico,target_rate,4.7500,4.75
2021-11-05,banxico,target_rate,4.7500,4.75
2021-11-06,banxico,target_rate,4.7500,4.75
2021-11-07,banxico,target_rate,4.7500,4.75
2021-11-08,banxico,target_rate,4.7500,4.75
2021-11-09,banxico,target_rate,4.7500,4.75
2021-11-10,banxico,target_rate,4.7500,4.75
2021-11-11,banxico,target_rate,4.7500,4.75
2021-11-12,banxico,target_rate,5.0000,5.0
2021-11-13,banxico,target_rate,5.0000,5.0
2021-11-14,banxico,target_rate,5.0000,5.0
2021-11-15,banxico,target_rate,5.0000,5.0
2021-11-16,banxico,target_rate,5.0000,5.0
2021-11-17,banxico,target_rate,5.0000,5.0
2021-11-18,banxico,target_rate,5.0000,5.0
2021-11-19,banxico,target_rate,5.0000,5.0
2021-11-20,banxico,target_rate,5.0000,5.0
2021-11-21,banxico,target_rate,5.0000,5.0
2021-11-22,banxico,target_rate,5.0000,5.0
2021-11-23,banxico,target_rate,5.0000,5.0
2021-11-24,banxico,target_rate,5.0000,5.0
2021-11-25,banxico,target_rate,5.0000,5.0
2021-11-26,banxico,target_rate,5.0000,5.0
2021-11-27,banxico,target_rate,5.0000,5.0
2021-11-28,banxico,target_rate,5.0000,5.0
2021-11-29,banxico,target_rate,5.0000,5.0
2021-11-30,banxico,target_rate,5.0000,5.0
2021-12-01,banxico,target_rate,5.0000,5.0
2021-12-02,banxico,target_rate,5.0000,5.0
2021-12-03,banxico,target_rate,5.0000,5.0
2021-12-04,banxico,target_rate,5.0000,5.0
2021-12-05,banxico,target_rate,5.0000,5.0
2021-12-06,banxico,target_rate,5.0000,5.0
2021-12-07,banxico,target_rate,5.0000,5.0
2021-12-08,banxico,target_rate,5.0000,5.0
2021-12-09,banxico,target_rate,5.0000,5.0
2021-12-10,banxico,target_rate,5.0000,5.0
2021-12-11,banxico,target_rate,5.0000,5.0
2021-12-12,banxico,target_rate,5.0000,5.0
2021-12-13,banxico,target_rate,5.0000,5.0
2021-12-14,banxico,target_rate,5.0000,5.0
2021-12-15,banxico,target_rate,5.0000,5.0
2021-12-16,banxico,target_rate,5.0000,5.0
2021-12-17,banxico,target_rate,5.5000,5.5
2021-12-18,banxico,target_rate,5.5000,5.5
2021-12-19,banxico,target_rate,5.5000,5.5
2021-12-20,banxico,target_rate,5.5000,5.5
2021-12-21,banxico,target_rate,5.5000,5.5
2021-12-22,banxico,target_rate,5.5000,5.5
2021-12-23,banxico,target_rate,5.5000,5.5
2021-12-24,banxico,target_rate,5.5000,5.5
2021-12-25,banxico,target_rate,5.5000,5.5
2021-12-26,banxico,target_rate,5.5000,5.5
2021-12-27,banxico,target_rate,5.5000,5.5
2021-12-28,banxico,target_rate,5.5000,5.5
2021-12-29,banxico,target_rate,5.5000,5.5
2021-12-30,banxico,target_rate,5.5000,5.5
2021-12-31,banxico,target_rate,5.5000,5.5
2022-01-01,banxico,target_rate,5.5000,5.5
2022-01-02,banxico,target_rate,5.5000,5.5
2022-01-03,banxico,target_rate,5.5000,5.5
2022-01-04,banxico,target_rate,5.5000,5.5
2022-01-05,banxico,target_rate,5.5000,5.5
2022-01-06,banxico,target_rate,5.5000,5.5
2022-01-07,banxico,target_rate,5.5000,5.5
2022-01-08,banxico,target_rate,5.5000,5.5
2022-01-09,banxico,target_rate,5.5000,5.5
2022-01-10,banxico,target_rate,5.5000,5.5
2022-01-11,banxico,target_rate,5.5000,5.5
2022-01-12,banxico,target_rate,5.5000,5.5
2022-01-13,banxico,target_rate,5.5000,5.5
2022-01-14,banxico,target_rate,5.5000,5.5
2022-01-15,banxico,target_rate,5.5000,5.5
2022-01-16,banxico,target_rate,5.5000,5.5
2022-01-17,banxico,target_rate,5.5000,5.5
2022-01-18,banxico,target_rate,5.5000,5.5
2022-01-19,banxico,target_rate,5.5000,5.5
2022-01-20,banxico,target_rate,5.5000,5.5
2022-01-21,banxico,target_rate,5.5000,5.5
2022-01-22,banxico,target_rate,5.5000,5.5
2022-01-23,banxico,target_rate,5.5000,5.5
2022-01-24,banxico,target_rate,5.5000,5.5
2022-01-25,banxico,target_rate,5.5000,5.5
2022-01-26,banxico,target_rate,5.5000,5.5
2022-01-27,banxico,target_rate,5.5000,5.5
2022-01-28,banxico,target_rate,5.5000,5.5
2022-01-29,banxico,target_rate,5.5000,5.5
2022-01-30,banxico,target_rate,5.5000,5.5
2022-01-31,banxico,target_rate,5.5000,5.5
2022-02-01,banxico,target_rate,5.5000,5.5
2022-02-02,banxico,target_rate,5.5000,5.5
2022-02-03,banxico,target_rate,5.5000,5.5
2022-02-04,banxico,target_rate,5.5000,5.5
2022-02-05,banxico,target_rate,5.5000,5.5
2022-02-06,banxico,target_rate,5.5000,5.5
2022-02-07,banxico,target_rate,5.5000,5.5
2022-02-08,banxico,target_rate,5.5000,5.5
2022-02-09,banxico,target_rate,5.5000,5.5
2022-02-10,banxico,target_rate,5.5000,5.5
2022-02-11,banxico,target_rate,6.0000,6.0
2022-02-12,banxico,target_rate,6.0000,6.0
2022-02-13,banxico,target_rate,6.0000,6.0
2022-02-14,banxico,target_rate,6.0000,6.0
2022-02-15,banxico,target_rate,6.0000,6.0
2022-02-16,banxico,target_rate,6.0000,6.0
2022-02-17,banxico,target_rate,6.0000,6.0
2022-02-18,banxico,target_rate,6.0000,6.0
2022-02-19,banxico,target_rate,6.0000,6.0
2022-02-20,banxico,target_rate,6.0000,6.0
2022-02-21,banxico,target_rate,6.0000,6.0
2022-02-22,banxico,target_rate,6.0000,6.0
2022-02-23,banxico,target_rate,6.0000,6.0
2022-02-24,banxico,target_rate,6.0000,6.0
2022-02-25,banxico,target_rate,6.0000,6.0
2022-02-26,banxico,target_rate,6.0000,6.0
2022-02-27,banxico,target_rate,6.0000,6.0
2022-02-28,banxico,target_rate,6.0000,6.0
2022-03-01,banxico,target_rate,6.0000,6.0
2022-03-02,banxico,target_rate,6.0000,6.0
2022-03-03,banxico,target_rate,6.0000,6.0
2022-03-04,banxico,target_rate,6.0000,6.0
2022-03-05,banxico,target_rate,6.0000,6.0
2022-03-06,banxico,target_rate,6.0000,6.0
2022-03-07,banxico,target_rate,6.0000,6.0
2022-03-08,banxico,target_rate,6.0000,6.0
2022-03-09,banxico,target_rate,6.0000,6.0
2022-03-10,banxico,target_rate,6.0000,6.0
2022-03-11,banxico,target_rate,6.0000,6.0
2022-03-12,banxico,target_rate,6.0000,6.0
2022-03-13,banxico,target_rate,6.0000,6.0
2022-03-14,banxico,target_rate,6.0000,6.0
2022-03-15,banxico,target_rate,6.0000,6.0
2022-03-16,banxico,target_rate,6.0000,6.0
2022-03-17,banxico,target_rate,6.0000,6.0
2022-03-18,banxico,target_rate,6.0000,6.0
2022-03-19,banxico,target_rate,6.0000,6.0
2022-03-20,banxico,target_rate,6.0000,6.0
2022-03-21,banxico,target_rate,6.0000,6.0
2022-03-22,banxico,target_rate,6.0000,6.0
2022-03-23,banxico,target_rate,6.0000,6.0
2022-03-24,banxico,target_rate,6.0000,6.0
2022-03-25,banxico,target_rate,6.5000,6.5
2022-03-26,banxico,target_rate,6.5000,6.5
2022-03-27,banxico,target_rate,6.5000,6.5
2022-03-28,banxico,target_rate,6.5000,6.5
2022-03-29,banxico,target_rate,6.5000,6.5
2022-03-30,banxico,target_rate,6.5000,6.5
2022-03-31,banxico,target_rate,6.5000,6.5
2022-04-01,banxico,target_rate,6.5000,6.5
2022-04-02,banxico,target_rate,6.5000,6.5
2022-04-03,banxico,target_rate,6.5000,6.5
2022-04-04,banxico,target_rate,6.5000,6.5
2022-04-05,banxico,target_rate,6.5000,6.5
2022-04-06,banxico,target_rate,6.5000,6.5
2022-04-07,banxico,target_rate,6.5000,6.5
2022-04-08,banxico,target_rate,6.5000,6.5
2022-04-09,banxico,target_rate,6.5000,6.5
2022-04-11,banxico,target_rate,6.5000,6.5
2022-04-12,banxico,target_rate,6.5000,6.5
2022-04-13,banxico,target_rate,6.5000,6.5
2022-04-14,banxico,target_rate,6.5000,6.5
2022-04-15,banxico,target_rate,6.5000,6.5
2022-04-16,banxico,target_rate,6.5000,6.5
2022-04-17,banxico,target_rate,6.5000,6.5
2022-04-18,banxico,target_rate,6.5000,6.5
2022-04-19,banxico,target_rate,6.5000,6.5
2022-04-20,banxico,target_rate,6.5000,6.5
2022-04-21,banxico,target_rate,6.5000,6.5
2022-04-22,banxico,target_rate,6.5000,6.5
2022-04-23,banxico,target_rate,6.5000,6.5
2022-04-24,banxico,target_rate,6.5000,6.5
2022-04-25,banxico,target_rate,6.5000,6.5
2022-04-26,banxico,target_rate,6.5000,6.5
2022-04-27,banxico,target_rate,6.5000,6.5
2022-04-28,banxico,target_rate,6.5000,6.5
2022-04-29,banxico,target_rate,6.5000,6.5
2022-04-30,banxico,target_rate,6.5000,6.5
2022-05-01,banxico,target_rate,6.5000,6.5
2022-05-02,banxico,target_rate,6.5000,6.5
2022-05-03,banxico,target_rate,6.5000,6.5
2022-05-04,banxico,target_rate,6.5000,6.5
2022-05-05,banxico,target_rate,6.5000,6.5
2022-05-06,banxico,target_rate,6.5000,6.5
2022-05-07,banxico,target_rate,6.5000,6.5
2022-05-08,banxico,target_rate,6.5000,6.5
2022-05-09,banxico,target_rate,6.5000,6.5
2022-05-10,banxico,target_rate,6.5000,6.5
2022-05-11,banxico,target_rate,6.5000,6.5
2022-05-12,banxico,target_rate,6.5000,6.5
2022-05-13,banxico,target_rate,7.0000,7.0
2022-05-14,banxico,target_rate,7.0000,7.0
2022-05-15,banxico,target_rate,7.0000,7.0
2022-05-16,banxico,target_rate,7.0000,7.0
2022-05-17,banxico,target_rate,7.0000,7.0
2022-05-18,banxico,target_rate,7.0000,7.0
2022-05-19,banxico,target_rate,7.0000,7.0
2022-05-20,banxico,target_rate,7.0000,7.0
2022-05-21,banxico,target_rate,7.0000,7.0
2022-05-22,banxico,target_rate,7.0000,7.0
2022-05-23,banxico,target_rate,7.0000,7.0
2022-05-24,banxico,target_rate,7.0000,7.0
2022-05-25,banxico,target_rate,7.0000,7.0
2022-05-26,banxico,target_rate,7.0000,7.0
2022-05-27,banxico,target_rate,7.0000,7.0
2022-05-28,banxico,target_rate,7.0000,7.0
2022-05-29,banxico,target_rate,7.0000,7.0
2022-05-30,banxico,target_rate,7.0000,7.0
2022-05-31,banxico,target_rate,7.0000,7.0
2022-06-01,banxico,target_rate,7.0000,7.0
2022-06-02,banxico,target_rate,7.0000,7.0
2022-06-03,banxico,target_rate,7.0000,7.0
2022-06-04,banxico,target_rate,7.0000,7.0
2022-06-05,banxico,target_rate,7.0000,7.0
2022-06-06,banxico,target_rate,7.0000,7.0
2022-06-07,banxico,target_rate,7.0000,7.0
2022-06-08,banxico,target_rate,7.0000,7.0
2022-06-09,banxico,target_rate,7.0000,7.0
2022-06-10,banxico,target_rate,7.0000,7.0
2022-06-11,banxico,target_rate,7.0000,7.0
2022-06-12,banxico,target_rate,7.0000,7.0
2022-06-13,banxico,target_rate,7.0000,7.0
2022-06-14,banxico,target_rate,7.0000,7.0
2022-06-15,banxico,target_rate,7.0000,7.0
2022-06-16,banxico,target_rate,7.0000,7.0
2022-06-17,banxico,target_rate,7.0000,7.0
2022-06-18,banxico,target_rate,7.0000,7.0
2022-06-19,banxico,target_rate,7.0000,7.0
2022-06-20,banxico,target_rate,7.0000,7.0
2022-06-21,banxico,target_rate,7.0000,7.0
2022-06-22,banxico,target_rate,7.0000,7.0
2022-06-23,banxico,target_rate,7.0000,7.0
2022-06-24,banxico,target_rate,7.7500,7.75
2022-06-25,banxico,target_rate,7.7500,7.75
2022-06-26,banxico,target_rate,7.7500,7.75
2022-06-27,banxico,target_rate,7.7500,7.75
2022-06-28,banxico,target_rate,7.7500,7.75
2022-06-29,banxico,target_rate,7.7500,7.75
2022-06-30,banxico,target_rate,7.7500,7.75
2022-07-01,banxico,target_rate,7.7500,7.75
2022-07-02,banxico,target_rate,7.7500,7.75
2022-07-03,banxico,target_rate,7.7500,7.75
2022-07-04,banxico,target_rate,7.7500,7.75
2022-07-05,banxico,target_rate,7.7500,7.75
2022-07-06,banxico,target_rate,7.7500,7.75
2022-07-07,banxico,target_rate,7.7500,7.75
2022-07-08,banxico,target_rate,7.7500,7.75
2022-07-09,banxico,target_rate,7.7500,7.75
2022-07-10,banxico,target_rate,7.7500,7.75
2022-07-11,banxico,target_rate,7.7500,7.75
2022-07-12,banxico,target_rate,7.7500,7.75
2022-07-13,banxico,target_rate,7.7500,7.75
2022-07-14,banxico,target_rate,7.7500,7.75
2022-07-15,banxico,target_rate,7.7500,7.75
2022-07-16,banxico,target_rate,7.7500,7.75
2022-07-17,banxico,target_rate,7.7500,7.75
2022-07-18,banxico,target_rate,7.7500,7.75
2022-07-19,banxico,target_rate,7.7500,7.75
2022-07-20,banxico,target_rate,7.7500,7.75
2022-07-21,banxico,target_rate,7.7500,7.75
2022-07-22,banxico,target_rate,7.7500,7.75
2022-07-23,banxico,target_rate,7.7500,7.75
2022-07-24,banxico,target_rate,7.7500,7.75
2022-07-25,banxico,target_rate,7.7500,7.75
2022-07-26,banxico,target_rate,7.7500,7.75
2022-07-27,banxico,target_rate,7.7500,7.75
2022-07-28,banxico,target_rate,7.7500,7.75
2022-07-29,banxico,target_rate,7.7500,7.75
2022-07-30,banxico,target_rate,7.7500,7.75
2022-07-31,banxico,target_rate,7.7500,7.75
2022-08-01,banxico,target_rate,7.7500,7.75
2022-08-02,banxico,target_rate,7.7500,7.75
2022-08-03,banxico,target_rate,7.7500,7.75
2022-08-04,banxico,target_rate,7.7500,7.75
2022-08-05,banxico,target_rate,7.7500,7.75
2022-08-06,banxico,target_rate,7.7500,7.75
2022-08-07,banxico,target_rate,7.7500,7.75
2022-08-08,banxico,target_rate,7.7500,7.75
2022-08-09,banxico,target_rate,7.7500,7.75
2022-08-10,banxico,target_rate,7.7500,7.75
2022-08-11,banxico,target_rate,7.7500,7.75
2022-08-12,banxico,target_rate,8.5000,8.5
2022-08-13,banxico,target_rate,8.5000,8.5
2022-08-14,banxico,target_rate,8.5000,8.5
2022-08-15,banxico,target_rate,8.5000,8.5
2022-08-16,banxico,target_rate,8.5000,8.5
2022-08-17,banxico,target_rate,8.5000,8.5
2022-08-18,banxico,target_rate,8.5000,8.5
2022-08-19,banxico,target_rate,8.5000,8.5
2022-08-20,banxico,target_rate,8.5000,8.5
2022-08-21,banxico,target_rate,8.5000,8.5
2022-08-22,banxico,target_rate,8.5000,8.5
2022-08-23,banxico,target_rate,8.5000,8.5
2022-08-24,banxico,target_rate,8.5000,8.5
2022-08-25,banxico,target_rate,8.5000,8.5
2022-08-26,banxico,target_rate,8.5000,8.5
2022-08-27,banxico,target_rate,8.5000,8.5
2022-08-28,banxico,target_rate,8.5000,8.5
2022-08-29,banxico,target_rate,8.5000,8.5
2022-08-30,banxico,target_rate,8.5000,8.5
2022-08-31,banxico,target_rate,8.5000,8.5
2022-09-01,banxico,target_rate,8.5000,8.5
2022-09-02,banxico,target_rate,8.5000,8.5
2022-09-03,banxico,target_rate,8.5000,8.5
2022-09-04,banxico,target_rate,8.5000,8.5
2022-09-05,banxico,target_rate,8.5000,8.5
2022-09-06,banxico,target_rate,8.5000,8.5
2022-09-07,banxico,target_rate,8.5000,8.5
2022-09-08,banxico,target_rate,8.5000,8.5
2022-09-09,banxico,target_rate,8.5000,8.5
2022-09-10,banxico,target_rate,8.5000,8.5
2022-09-11,banxico,target_rate,8.5000,8.5
2022-09-12,banxico,target_rate,8.5000,8.5
2022-09-13,banxico,target_rate,8.5000,8.5
2022-09-14,banxico,target_rate,8.5000,8.5
2022-09-15,banxico,target_rate,8.5000,8.5
2022-09-16,banxico,target_rate,8.5000,8.5
2022-09-17,banxico,target_rate,8.5000,8.5
2022-09-18,banxico,target_rate,8.5000,8.5
2022-09-19,banxico,target_rate,8.5000,8.5
2022-09-20,banxico,target_rate,8.5000,8.5
2022-09-21,banxico,target_rate,8.5000,8.5
2022-09-22,banxico,target_rate,8.5000,8.5
2022-09-23,banxico,target_rate,8.5000,8.5
2022-09-24,banxico,target_rate,8.5000,8.5
2022-09-26,banxico,target_rate,8.5000,8.5
2022-09-27,banxico,target_rate,8.5000,8.5
2022-09-28,banxico,target_rate,8.5000,8.5
2022-09-29,banxico,target_rate,8.5000,8.5
2022-09-30,banxico,target_rate,9.2500,9.25
2022-10-01,banxico,target_rate,9.2500,9.25
2022-10-02,banxico,target_rate,9.2500,9.25
2022-10-03,banxico,target_rate,9.2500,9.25
2022-10-04,banxico,target_rate,9.2500,9.25
2022-10-05,banxico,target_rate,9.2500,9.25
2022-10-06,banxico,target_rate,9.2500,9.25
2022-10-07,banxico,target_rate,9.2500,9.25
2022-10-08,banxico,target_rate,9.2500,9.25
2022-10-09,banxico,target_rate,9.2500,9.25
2022-10-10,banxico,target_rate,9.2500,9.25
2022-10-11,banxico,target_rate,9.2500,9.25
2022-10-12,banxico,target_rate,9.2500,9.25
2022-10-13,banxico,target_rate,9.2500,9.25
2022-10-14,banxico,target_rate,9.2500,9.25
2022-10-15,banxico,target_rate,9.2500,9.25
2022-10-16,banxico,target_rate,9.2500,9.25
2022-10-17,banxico,target_rate,9.2500,9.25
2022-10-18,banxico,target_rate,9.2500,9.25
2022-10-19,banxico,target_rate,9.2500,9.25
2022-10-20,banxico,target_rate,9.2500,9.25
2022-10-21,banxico,target_rate,9.2500,9.25
2022-10-22,banxico,target_rate,9.2500,9.25
2022-10-23,banxico,target_rate,9.2500,9.25
2022-10-24,banxico,target_rate,9.2500,9.25
2022-10-25,banxico,target_rate,9.2500,9.25
2022-10-26,banxico,target_rate,9.2500,9.25
2022-10-27,banxico,target_rate,9.2500,9.25
2022-10-28,banxico,target_rate,9.2500,9.25
2022-10-29,banxico,target_rate,9.2500,9.25
2022-10-30,banxico,target_rate,9.2500,9.25
2022-10-31,banxico,target_rate,9.2500,9.25
2022-11-01,banxico,target_rate,9.2500,9.25
2022-11-02,banxico,target_rate,9.2500,9.25
2022-11-03,banxico,target_rate,9.2500,9.25
2022-11-04,banxico,target_rate,9.2500,9.25
2022-11-05,banxico,target_rate,9.2500,9.25
2022-11-06,banxico,target_rate,9.2500,9.25
2022-11-07,banxico,target_rate,9.2500,9.25
2022-11-08,banxico,target_rate,9.2500,9.25
2022-11-09,banxico,target_rate,9.2500,9.25
2022-11-10,banxico,target_rate,9.2500,9.25
2022-11-11,banxico,target_rate,10.0000,10.0
2022-11-12,banxico,target_rate,10.0000,10.0
2022-11-13,banxico,target_rate,10.0000,10.0
2022-11-14,banxico,target_rate,10.0000,10.0
2022-11-15,banxico,target_rate,10.0000,10.0
2022-11-16,banxico,target_rate,10.0000,10.0
2022-11-17,banxico,target_rate,10.0000,10.0
2022-11-18,banxico,target_rate,10.0000,10.0
2022-11-19,banxico,target_rate,10.0000,10.0
2022-11-20,banxico,target_rate,10.0000,10.0
2022-11-21,banxico,target_rate,10.0000,10.0
2022-11-22,banxico,target_rate,10.0000,10.0
2022-11-23,banxico,target_rate,10.0000,10.0
2022-11-24,banxico,target_rate,10.0000,10.0
2022-11-25,banxico,target_rate,10.0000,10.0
2022-11-26,banxico,target_rate,10.0000,10.0
2022-11-27,banxico,target_rate,10.0000,10.0
2022-11-28,banxico,target_rate,10.0000,10.0
2022-11-29,banxico,target_rate,10.0000,10.0
2022-11-30,banxico,target_rate,10.0000,10.0
2022-12-01,banxico,target_rate,10.0000,10.0
2022-12-02,banxico,target_rate,10.0000,10.0
2022-12-03,banxico,target_rate,10.0000,10.0
2022-12-04,banxico,target_rate,10.0000,10.0
2022-12-05,banxico,target_rate,10.0000,10.0
2022-12-06,banxico,target_rate,10.0000,10.0
2022-12-07,banxico,target_rate,10.0000,10.0
2022-12-08,banxico,target_rate,10.0000,10.0
2022-12-09,banxico,target_rate,10.0000,10.0
2022-12-10,banxico,target_rate,10.0000,10.0
2022-12-11,banxico,target_rate,10.0000,10.0
2022-12-12,banxico,target_rate,10.0000,10.0
2022-12-13,banxico,target_rate,10.0000,10.0
2022-12-14,banxico,target_rate,10.0000,10.0
2022-12-15,banxico,target_rate,10.0000,10.0
2022-12-16,banxico,target_rate,10.5000,10.5
2022-12-17,banxico,target_rate,10.5000,10.5
2022-12-18,banxico,target_rate,10.5000,10.5
2022-12-19,banxico,target_rate,10.5000,10.5
2022-12-20,banxico,target_rate,10.5000,10.5
2022-12-21,banxico,target_rate,10.5000,10.5
2022-12-22,banxico,target_rate,10.5000,10.5
2022-12-23,banxico,target_rate,10.5000,10.5
2022-12-24,banxico,target_rate,10.5000,10.5
2022-12-25,banxico,target_rate,10.5000,10.5
2022-12-26,banxico,target_rate,10.5000,10.5
2022-12-27,banxico,target_rate,10.5000,10.5
2022-12-28,banxico,target_rate,10.5000,10.5
2022-12-29,banxico,target_rate,10.5000,10.5
2022-12-30,banxico,target_rate,10.5000,10.5
2022-12-31,banxico,target_rate,10.5000,10.5
2023-01-01,banxico,target_rate,10.5000,10.5
2023-01-02,banxico,target_rate,10.5000,10.5
2023-01-03,banxico,target_rate,10.5000,10.5
2023-01-04,banxico,target_rate,10.5000,10.5
2023-01-05,banxico,target_rate,10.5000,10.5
2023-01-06,banxico,target_rate,10.5000,10.5
2023-01-07,banxico,target_rate,10.5000,10.5
2023-01-08,banxico,target_rate,10.5000,10.5
2023-01-09,banxico,target_rate,10.5000,10.5
2023-01-10,banxico,target_rate,10.5000,10.5
2023-01-11,banxico,target_rate,10.5000,10.5
2023-01-12,banxico,target_rate,10.5000,10.5
2023-01-13,banxico,target_rate,10.5000,10.5
2023-01-14,banxico,target_rate,10.5000,10.5
2023-01-15,banxico,target_rate,10.5000,10.5
2023-01-16,banxico,target_rate,10.5000,10.5
2023-01-17,banxico,target_rate,10.5000,10.5
2023-01-18,banxico,target_rate,10.5000,10.5
2023-01-19,banxico,target_rate,10.5000,10.5
2023-01-20,banxico,target_rate,10.5000,10.5
2023-01-21,banxico,target_rate,10.5000,10.5
2023-01-22,banxico,target_rate,10.5000,10.5
2023-01-23,banxico,target_rate,10.5000,10.5
2023-01-24,banxico,target_rate,10.5000,10.5
2023-01-25,banxico,target_rate,10.5000,10.5
2023-01-26,banxico,target_rate,10.5000,10.5
2023-01-27,banxico,target_rate,10.5000,10.5
2023-01-28,banxico,target_rate,10.5000,10.5
2023-01-29,banxico,target_rate,10.5000,10.5
2023-01-30,banxico,target_rate,10.5000,10.5
2023-01-31,banxico,target_rate,10.5000,10.5
2023-02-01,banxico,target_rate,10.5000,10.5
2023-02-02,banxico,target_rate,10.5000,10.5
2023-02-03,banxico,target_rate,10.5000,10.5
2023-02-04,banxico,target_rate,10.5000,10.5
2023-02-05,banxico,target_rate,10.5000,10.5
2023-02-06,banxico,target_rate,10.5000,10.5
2023-02-07,banxico,target_rate,10.5000,10.5
2023-02-08,banxico,target_rate,10.5000,10.5
2023-02-09,banxico,target_rate,10.5000,10.5
2023-02-10,banxico,target_rate,11.0000,11.0
2023-02-11,banxico,target_rate,11.0000,11.0
2023-02-12,banxico,target_rate,11.0000,11.0
2023-02-13,banxico,target_rate,11.0000,11.0
2023-02-14,banxico,target_rate,11.0000,11.0
2023-02-15,banxico,target_rate,11.0000,11.0
2023-02-16,banxico,target_rate,11.0000,11.0
2023-02-17,banxico,target_rate,11.0000,11.0
2023-02-18,banxico,target_rate,11.0000,11.0
2023-02-19,banxico,target_rate,11.0000,11.0
2023-02-20,banxico,target_rate,11.0000,11.0
2023-02-21,banxico,target_rate,11.0000,11.0
2023-02-22,banxico,target_rate,11.0000,11.0
2023-02-23,banxico,target_rate,11.0000,11.0
2023-02-24,banxico,target_rate,11.0000,11.0
2023-02-25,banxico,target_rate,11.0000,11.0
2023-02-26,banxico,target_rate,11.0000,11.0
2023-02-27,banxico,target_rate,11.0000,11.0
2023-02-28,banxico,target_rate,11.0000,11.0
2023-03-01,banxico,target_rate,11.0000,11.0
2023-03-02,banxico,target_rate,11.0000,11.0
2023-03-03,banxico,target_rate,11.0000,11.0
2023-03-04,banxico,target_rate,11.0000,11.0
2023-03-05,banxico,target_rate,11.0000,11.0
2023-03-06,banxico,target_rate,11.0000,11.0
2023-03-07,banxico,target_rate,11.0000,11.0
2023-03-08,banxico,target_rate,11.0000,11.0
2023-03-09,banxico,target_rate,11.0000,11.0
2023-03-10,banxico,target_rate,11.0000,11.0
2023-03-11,banxico,target_rate,11.0000,11.0
2023-03-12,banxico,target_rate,11.0000,11.0
2023-03-13,banxico,target_rate,11.0000,11.0
2023-03-14,banxico,target_rate,11.0000,11.0
2023-03-15,banxico,target_rate,11.0000,11.0
2023-03-16,banxico,target_rate,11.0000,11.0
2023-03-17,banxico,target_rate,11.0000,11.0
2023-03-18,banxico,target_rate,11.0000,11.0
2023-03-19,banxico,target_rate,11.0000,11.0
2023-03-20,banxico,target_rate,11.0000,11.0
2023-03-21,banxico,target_rate,11.0000,11.0
2023-03-22,banxico,target_rate,11.0000,11.0
2023-03-23,banxico,target_rate,11.0000,11.0
2023-03-24,banxico,target_rate,11.0000,11.0
2023-03-25,banxico,target_rate,11.0000,11.0
2023-03-26,banxico,target_rate,11.0000,11.0
2023-03-27,banxico,target_rate,11.0000,11.0
2023-03-28,banxico,target_rate,11.0000,11.0
2023-03-29,banxico,target_rate,11.0000,11.0
2023-03-30,banxico,target_rate,11.0000,11.0
2023-03-31,banxico,target_rate,11.2500,11.25
2023-04-01,banxico,target_rate,11.2500,11.25
2023-04-02,banxico,target_rate,11.2500,11.25
2023-04-03,banxico,target_rate,11.2500,11.25
2023-04-04,banxico,target_rate,11.2500,11.25
2023-04-05,banxico,target_rate,11.2500,11.25
2023-04-06,banxico,target_rate,11.2500,11.25
2023-04-07,banxico,target_rate,11.2500,11.25
2023-04-08,banxico,target_rate,11.2500,11.25
2023-04-09,banxico,target_rate,11.2500,11.25
2023-04-10,banxico,target_rate,11.2500,11.25
2023-04-11,banxico,target_rate,11.2500,11.25
2023-04-12,banxico,target_rate,11.2500,11.25
2023-04-13,banxico,target_rate,11.2500,11.25
2023-04-14,banxico,target_rate,11.2500,11.25
2023-04-15,banxico,target_rate,11.2500,11.25
2023-04-16,banxico,target_rate,11.2500,11.25
2023-04-17,banxico,target_rate,11.2500,11.25
2023-04-18,banxico,target_rate,11.2500,11.25
2023-04-19,banxico,target_rate,11.2500,11.25
2023-04-20,banxico,target_rate,11.2500,11.25
2023-04-21,banxico,target_rate,11.2500,11.25
2023-04-22,banxico,target_rate,11.2500,11.25
2023-04-23,banxico,target_rate,11.2500,11.25
2023-04-24,banxico,target_rate,11.2500,11.25
2023-04-25,banxico,target_rate,11.2500,11.25
2023-04-26,banxico,target_rate,11.2500,11.25
2023-04-27,banxico,target_rate,11.2500,11.25
2023-04-28,banxico,target_rate,11.2500,11.25
2023-04-29,banxico,target_rate,11.2500,11.25
2023-04-30,banxico,target_rate,11.2500,11.25
2023-05-01,banxico,target_rate,11.2500,11.25
2023-05-02,banxico,target_rate,11.2500,11.25
2023-05-03,banxico,target_rate,11.2500,11.25
2023-05-04,banxico,target_rate,11.2500,11.25
2023-05-05,banxico,target_rate,11.2500,11.25
2023-05-06,banxico,target_rate,11.2500,11.25
2023-05-07,banxico,target_rate,11.2500,11.25
2023-05-08,banxico,target_rate,11.2500,11.25
2023-05-09,banxico,target_rate,11.2500,11.25
2023-05-10,banxico,target_rate,11.2500,11.25
2023-05-11,banxico,target_rate,11.2500,11.25
2023-05-12,banxico,target_rate,11.2500,11.25
2023-05-13,banxico,target_rate,11.2500,11.25
2023-05-14,banxico,target_rate,11.2500,11.25
2023-05-15,banxico,target_rate,11.2500,11.25
2023-05-16,banxico,target_rate,11.2500,11.25
2023-05-17,banxico,target_rate,11.2500,11.25
2023-05-18,banxico,target_rate,11.2500,11.25
2023-05-19,banxico,target_rate,11.2500,11.25
2023-05-20,banxico,target_rate,11.2500,11.25
2023-05-21,banxico,target_rate,11.2500,11.25
2023-05-22,banxico,target_rate,11.2500,11.25
2023-05-23,banxico,target_rate,11.2500,11.25
2023-05-24,banxico,target_rate,11.2500,11.25
2023-05-25,banxico,target_rate,11.2500,11.25
2023-05-26,banxico,target_rate,11.2500,11.25
2023-05-27,banxico,target_rate,11.2500,11.25
2023-05-28,banxico,target_rate,11.2500,11.25
2023-05-29,banxico,target_rate,11.2500,11.25
2023-05-30,banxico,target_rate,11.2500,11.25
2023-05-31,banxico,target_rate,11.2500,11.25
2023-06-01,banxico,target_rate,11.2500,11.25
2023-06-02,banxico,target_rate,11.2500,11.25
2023-06-03,banxico,target_rate,11.2500,11.25
2023-06-04,banxico,target_rate,11.2500,11.25
2023-06-05,banxico,target_rate,11.2500,11.25
2023-06-06,banxico,target_rate,11.2500,11.25
2023-06-07,banxico,target_rate,11.2500,11.25
2023-06-08,banxico,target_rate,11.2500,11.25
2023-06-09,banxico,target_rate,11.2500,11.25
2023-06-10,banxico,target_rate,11.2500,11.25
2023-06-11,banxico,target_rate,11.2500,11.25
2023-06-12,banxico,target_rate,11.2500,11.25
2023-06-13,banxico,target_rate,11.2500,11.25
2023-06-14,banxico,target_rate,11.2500,11.25
2023-06-15,banxico,target_rate,11.2500,11.25
2023-06-16,banxico,target_rate,11.2500,11.25
2023-06-17,banxico,target_rate,11.2500,11.25
2023-06-18,banxico,target_rate,11.2500,11.25
2023-06-19,banxico,target_rate,11.2500,11.25
2023-06-20,banxico,target_rate,11.2500,11.25
2023-06-21,banxico,target_rate,11.2500,11.25
2023-06-22,banxico,target_rate,11.2500,11.25
2023-06-23,banxico,target_rate,11.2500,11.25
2023-06-24,banxico,target_rate,11.2500,11.25
2023-06-25,banxico,target_rate,11.2500,11.25
2023-06-26,banxico,target_rate,11.2500,11.25
2023-06-27,banxico,target_rate,11.2500,11.25
2023-06-28,banxico,target_rate,11.2500,11.25
2023-06-29,banxico,target_rate,11.2500,11.25
2023-06-30,banxico,target_rate,11.2500,11.25
2023-07-01,banxico,target_rate,11.2500,11.25
2023-07-02,banxico,target_rate,11.2500,11.25
2023-07-03,banxico,target_rate,11.2500,11.25
2023-07-04,banxico,target_rate,11.2500,11.25
2023-07-05,banxico,target_rate,11.2500,11.25
2023-07-06,banxico,target_rate,11.2500,11.25
2023-07-07,banxico,target_rate,11.2500,11.25
2023-07-08,banxico,target_rate,11.2500,11.25
2023-07-09,banxico,target_rate,11.2500,11.25
2023-07-10,banxico,target_rate,11.2500,11.25
2023-07-11,banxico,target_rate,11.2500,11.25
2023-07-12,banxico,target_rate,11.2500,11.25
2023-07-13,banxico,target_rate,11.2500,11.25
2023-07-14,banxico,target_rate,11.2500,11.25
2023-07-15,banxico,target_rate,11.2500,11.25
2023-07-16,banxico,target_rate,11.2500,11.25
2023-07-17,banxico,target_rate,11.2500,11.25
2023-07-18,banxico,target_rate,11.2500,11.25
2023-07-19,banxico,target_rate,11.2500,11.25
2023-07-20,banxico,target_rate,11.2500,11.25
2023-07-21,banxico,target_rate,11.2500,11.25
2023-07-22,banxico,target_rate,11.2500,11.25
2023-07-23,banxico,target_rate,11.2500,11.25
2023-07-24,banxico,target_rate,11.2500,11.25
2023-07-25,banxico,target_rate,11.2500,11.25
2023-07-26,banxico,target_rate,11.2500,11.25
2023-07-27,banxico,target_rate,11.2500,11.25
2023-07-28,banxico,target_rate,11.2500,11.25
2023-07-29,banxico,target_rate,11.2500,11.25
2023-07-30,banxico,target_rate,11.2500,11.25
2023-07-31,banxico,target_rate,11.2500,11.25
2023-08-01,banxico,target_rate,11.2500,11.25
2023-08-02,banxico,target_rate,11.2500,11.25
2023-08-03,banxico,target_rate,11.2500,11.25
2023-08-04,banxico,target_rate,11.2500,11.25
2023-08-05,banxico,target_rate,11.2500,11.25
2023-08-06,banxico,target_rate,11.2500,11.25
2023-08-07,banxico,target_rate,11.2500,11.25
2023-08-08,banxico,target_rate,11.2500,11.25
2023-08-09,banxico,target_rate,11.2500,11.25
2023-08-10,banxico,target_rate,11.2500,11.25
2023-08-11,banxico,target_rate,11.2500,11.25
2023-08-12,banxico,target_rate,11.2500,11.25
2023-08-14,banxico,target_rate,11.2500,11.25
2023-08-15,banxico,target_rate,11.2500,11.25
2023-08-16,banxico,target_rate,11.2500,11.25
2023-08-17,banxico,target_rate,11.2500,11.25
2023-08-18,banxico,target_rate,11.2500,11.25
2023-08-19,banxico,target_rate,11.2500,11.25
2023-08-20,banxico,target_rate,11.2500,11.25
2023-08-21,banxico,target_rate,11.2500,11.25
2023-08-22,banxico,target_rate,11.2500,11.25
2023-08-23,banxico,target_rate,11.2500,11.25
2023-08-24,banxico,target_rate,11.2500,11.25
2023-08-25,banxico,target_rate,11.2500,11.25
2023-08-26,banxico,target_rate,11.2500,11.25
2023-08-27,banxico,target_rate,11.2500,11.25
2023-08-28,banxico,target_rate,11.2500,11.25
2023-08-29,banxico,target_rate,11.2500,11.25
2023-08-30,banxico,target_rate,11.2500,11.25
2023-08-31,banxico,target_rate,11.2500,11.25
2023-09-01,banxico,target_rate,11.2500,11.25
2023-09-02,banxico,target_rate,11.2500,11.25
2023-09-03,banxico,target_rate,11.2500,11.25
2023-09-04,banxico,target_rate,11.2500,11.25
2023-09-05,banxico,target_rate,11.2500,11.25
2023-09-06,banxico,target_rate,11.2500,11.25
2023-09-07,banxico,target_rate,11.2500,11.25
2023-09-08,banxico,target_rate,11.2500,11.25
2023-09-09,banxico,target_rate,11.2500,11.25
2023-09-10,banxico,target_rate,11.2500,11.25
2023-09-11,banxico,target_rate,11.2500,11.25
2023-09-12,banxico,target_rate,11.2500,11.25
2023-09-13,banxico,target_rate,11.2500,11.25
2023-09-14,banxico,target_rate,11.2500,11.25
2023-09-15,banxico,target_rate,11.2500,11.25
2023-09-16,banxico,target_rate,11.2500,11.25
2023-09-17,banxico,target_rate,11.2500,11.25
2023-09-18,banxico,target_rate,11.2500,11.25
2023-09-19,banxico,target_rate,11.2500,11.25
2023-09-20,banxico,target_rate,11.2500,11.25
2023-09-21,banxico,target_rate,11.2500,11.25
2023-09-22,banxico,target_rate,11.2500,11.25
2023-09-23,banxico,target_rate,11.2500,11.25
2023-09-24,banxico,target_rate,11.2500,11.25
2023-09-25,banxico,target_rate,11.2500,11.25
2023-09-26,banxico,target_rate,11.2500,11.25
2023-09-27,banxico,target_rate,11.2500,11.25
2023-09-28,banxico,target_rate,11.2500,11.25
2023-09-29,banxico,target_rate,11.2500,11.25
2023-09-30,banxico,target_rate,11.2500,11.25
2023-10-01,banxico,target_rate,11.2500,11.25
2023-10-02,banxico,target_rate,11.2500,11.25
2023-10-03,banxico,target_rate,11.2500,11.25
2023-10-04,banxico,target_rate,11.2500,11.25
2023-10-05,banxico,target_rate,11.2500,11.25
2023-10-06,banxico,target_rate,11.2500,11.25
2023-10-07,banxico,target_rate,11.2500,11.25
2023-10-08,banxico,target_rate,11.2500,11.25
2023-10-09,banxico,target_rate,11.2500,11.25
2023-10-10,banxico,target_rate,11.2500,11.25
2023-10-11,banxico,target_rate,11.2500,11.25
2023-10-12,banxico,target_rate,11.2500,11.25
2023-10-13,banxico,target_rate,11.2500,11.25
2023-10-14,banxico,target_rate,11.2500,11.25
2023-10-15,banxico,target_rate,11.2500,11.25
2023-10-16,banxico,target_rate,11.2500,11.25
2023-10-17,banxico,target_rate,11.2500,11.25
2023-10-18,banxico,target_rate,11.2500,11.25
2023-10-19,banxico,target_rate,11.2500,11.25
2023-10-20,banxico,target_rate,11.2500,11.25
2023-10-21,banxico,target_rate,11.2500,11.25
2023-10-22,banxico,target_rate,11.2500,11.25
2023-10-23,banxico,target_rate,11.2500,11.25
2023-10-24,banxico,target_rate,11.2500,11.25
2023-10-25,banxico,target_rate,11.2500,11.25
2023-10-26,banxico,target_rate,11.2500,11.25
2023-10-27,banxico,target_rate,11.2500,11.25
2023-10-28,banxico,target_rate,11.2500,11.25
2023-10-29,banxico,target_rate,11.2500,11.25
2023-10-30,banxico,target_rate,11.2500,11.25
2023-10-31,banxico,target_rate,11.2500,11.25
2023-11-01,banxico,target_rate,11.2500,11.25
2023-11-02,banxico,target_rate,11.2500,11.25
2023-11-03,banxico,target_rate,11.2500,11.25
2023-11-04,banxico,target_rate,11.2500,11.25
2023-11-05,banxico,target_rate,11.2500,11.25
2023-11-06,banxico,target_rate,11.2500,11.25
2023-11-07,banxico,target_rate,11.2500,11.25
2023-11-08,banxico,target_rate,11.2500,11.25
2023-11-09,banxico,target_rate,11.2500,11.25
2023-11-10,banxico,target_rate,11.2500,11.25
2023-11-11,banxico,target_rate,11.2500,11.25
2023-11-12,banxico,target_rate,11.2500,11.25
2023-11-13,banxico,target_rate,11.2500,11.25
2023-11-14,banxico,target_rate,11.2500,11.25
2023-11-15,banxico,target_rate,11.2500,11.25
2023-11-16,banxico,target_rate,11.2500,11.25
2023-11-17,banxico,target_rate,11.2500,11.25
2023-11-18,banxico,target_rate,11.2500,11.25
2023-11-19,banxico,target_rate,11.2500,11.25
2023-11-20,banxico,target_rate,11.2500,11.25
2023-11-21,banxico,target_rate,11.2500,11.25
2023-11-22,banxico,target_rate,11.2500,11.25
2023-11-23,banxico,target_rate,11.2500,11.25
2023-11-24,banxico,target_rate,11.2500,11.25
2023-11-25,banxico,target_rate,11.2500,11.25
2023-11-26,banxico,target_rate,11.2500,11.25
2023-11-27,banxico,target_rate,11.2500,11.25
2023-11-28,banxico,target_rate,11.2500,11.25
2023-11-29,banxico,target_rate,11.2500,11.25
2023-11-30,banxico,target_rate,11.2500,11.25
2023-12-01,banxico,target_rate,11.2500,11.25
2023-12-02,banxico,target_rate,11.2500,11.25
2023-12-03,banxico,target_rate,11.2500,11.25
2023-12-04,banxico,target_rate,11.2500,11.25
2023-12-05,banxico,target_rate,11.2500,11.25
2023-12-06,banxico,target_rate,11.2500,11.25
2023-12-07,banxico,target_rate,11.2500,11.25
2023-12-08,banxico,target_rate,11.2500,11.25
2023-12-09,banxico,target_rate,11.2500,11.25
2023-12-10,banxico,target_rate,11.2500,11.25
2023-12-11,banxico,target_rate,11.2500,11.25
2023-12-12,banxico,target_rate,11.2500,11.25
2023-12-13,banxico,target_rate,11.2500,11.25
2023-12-14,banxico,target_rate,11.2500,11.25
2023-12-15,banxico,target_rate,11.2500,11.25
2023-12-16,banxico,target_rate,11.2500,11.25
2023-12-17,banxico,target_rate,11.2500,11.25
2023-12-18,banxico,target_rate,11.2500,11.25
2023-12-19,banxico,target_rate,11.2500,11.25
2023-12-20,banxico,target_rate,11.2500,11.25
2023-12-21,banxico,target_rate,11.2500,11.25
2023-12-22,banxico,target_rate,11.2500,11.25
2023-12-23,banxico,target_rate,11.2500,11.25
2023-12-24,banxico,target_rate,11.2500,11.25
2023-12-25,banxico,target_rate,11.2500,11.25
2023-12-26,banxico,target_rate,11.2500,11.25
2023-12-27,banxico,target_rate,11.2500,11.25
2023-12-28,banxico,target_rate,11.2500,11.25
2023-12-29,banxico,target_rate,11.2500,11.25
2023-12-30,banxico,target_rate,11.2500,11.25
2023-12-31,banxico,target_rate,11.2500,11.25
2024-01-01,banxico,target_rate,11.2500,11.25
2024-01-02,banxico,target_rate,11.2500,11.25
2024-01-03,banxico,target_rate,11.2500,11.25
2024-01-04,banxico,target_rate,11.2500,11.25
2024-01-05,banxico,target_rate,11.2500,11.25
2024-01-06,banxico,target_rate,11.2500,11.25
2024-01-07,banxico,target_rate,11.2500,11.25
2024-01-08,banxico,target_rate,11.2500,11.25
2024-01-09,banxico,target_rate,11.2500,11.25
2024-01-10,banxico,target_rate,11.2500,11.25
2024-01-11,banxico,target_rate,11.2500,11.25
2024-01-12,banxico,target_rate,11.2500,11.25
2024-01-13,banxico,target_rate,11.2500,11.25
2024-01-14,banxico,target_rate,11.2500,11.25
2024-01-15,banxico,target_rate,11.2500,11.25
2024-01-16,banxico,target_rate,11.2500,11.25
2024-01-17,banxico,target_rate,11.2500,11.25
2024-01-18,banxico,target_rate,11.2500,11.25
2024-01-19,banxico,target_rate,11.2500,11.25
2024-01-20,banxico,target_rate,11.2500,11.25
2024-01-21,banxico,target_rate,11.2500,11.25
2024-01-22,banxico,target_rate,11.2500,11.25
2024-01-23,banxico,target_rate,11.2500,11.25
2024-01-24,banxico,target_rate,11.2500,11.25
2024-01-25,banxico,target_rate,11.2500,11.25
2024-01-26,banxico,target_rate,11.2500,11.25
2024-01-27,banxico,target_rate,11.2500,11.25
2024-01-28,banxico,target_rate,11.2500,11.25
2024-01-29,banxico,target_rate,11.2500,11.25
2024-01-30,banxico,target_rate,11.2500,11.25
2024-01-31,banxico,target_rate,11.2500,11.25
2024-02-01,banxico,target_rate,11.2500,11.25
2024-02-02,banxico,target_rate,11.2500,11.25
2024-02-03,banxico,target_rate,11.2500,11.25
2024-02-04,banxico,target_rate,11.2500,11.25
2024-02-05,banxico,target_rate,11.2500,11.25
2024-02-06,banxico,target_rate,11.2500,11.25
2024-02-07,banxico,target_rate,11.2500,11.25
2024-02-08,banxico,target_rate,11.2500,11.25
2024-02-09,banxico,target_rate,11.2500,11.25
2024-02-10,banxico,target_rate,11.2500,11.25
2024-02-11,banxico,target_rate,11.2500,11.25
2024-02-12,banxico,target_rate,11.2500,11.25
2024-02-13,banxico,target_rate,11.2500,11.25
2024-02-14,banxico,target_rate,11.2500,11.25
2024-02-15,banxico,target_rate,11.2500,11.25
2024-02-16,banxico,target_rate,11.2500,11.25
2024-02-17,banxico,target_rate,11.2500,11.25
2024-02-18,banxico,target_rate,11.2500,11.25
2024-02-19,banxico,target_rate,11.2500,11.25
2024-02-20,banxico,target_rate,11.2500,11.25
2024-02-21,banxico,target_rate,11.2500,11.25
2024-02-22,banxico,target_rate,11.2500,11.25
2024-02-23,banxico,target_rate,11.2500,11.25
2024-02-24,banxico,target_rate,11.2500,11.25
2024-02-25,banxico,target_rate,11.2500,11.25
2024-02-26,banxico,target_rate,11.2500,11.25
2024-02-27,banxico,target_rate,11.2500,11.25
2024-02-28,banxico,target_rate,11.2500,11.25
2024-02-29,banxico,target_rate,11.2500,11.25
2024-03-01,banxico,target_rate,11.2500,11.25
2024-03-02,banxico,target_rate,11.2500,11.25
2024-03-03,banxico,target_rate,11.2500,11.25
2024-03-04,banxico,target_rate,11.2500,11.25
2024-03-05,banxico,target_rate,11.2500,11.25
2024-03-06,banxico,target_rate,11.2500,11.25
2024-03-07,banxico,target_rate,11.2500,11.25
2024-03-08,banxico,target_rate,11.2500,11.25
2024-03-09,banxico,target_rate,11.2500,11.25
2024-03-10,banxico,target_rate,11.2500,11.25
2024-03-11,banxico,target_rate,11.2500,11.25
2024-03-12,banxico,target_rate,11.2500,11.25
2024-03-13,banxico,target_rate,11.2500,11.25
2024-03-14,banxico,target_rate,11.2500,11.25
2024-03-15,banxico,target_rate,11.2500,11.25
2024-03-16,banxico,target_rate,11.2500,11.25
2024-03-17,banxico,target_rate,11.2500,11.25
2024-03-18,banxico,target_rate,11.2500,11.25
2024-03-19,banxico,target_rate,11.2500,11.25
2024-03-20,banxico,target_rate,11.2500,11.25
2024-03-21,banxico,target_rate,11.2500,11.25
2024-03-22,banxico,target_rate,11.0000,11.0
2024-03-23,banxico,target_rate,11.0000,11.0
2024-03-24,banxico,target_rate,11.0000,11.0
2024-03-25,banxico,target_rate,11.0000,11.0
2024-03-26,banxico,target_rate,11.0000,11.0
2024-03-27,banxico,target_rate,11.0000,11.0
2024-03-28,banxico,target_rate,11.0000,11.0
2024-03-29,banxico,target_rate,11.0000,11.0
2024-03-30,banxico,target_rate,11.0000,11.0
2024-03-31,banxico,target_rate,11.0000,11.0
2024-04-01,banxico,target_rate,11.0000,11.0
2024-04-02,banxico,target_rate,11.0000,11.0
2024-04-03,banxico,target_rate,11.0000,11.0
2024-04-04,banxico,target_rate,11.0000,11.0
2024-04-05,banxico,target_rate,11.0000,11.0
2024-04-06,banxico,target_rate,11.0000,11.0
2024-04-07,banxico,target_rate,11.0000,11.0
2024-04-08,banxico,target_rate,11.0000,11.0
2024-04-09,banxico,target_rate,11.0000,11.0
2024-04-10,banxico,target_rate,11.0000,11.0
2024-04-11,banxico,target_rate,11.0000,11.0
2024-04-12,banxico,target_rate,11.0000,11.0
2024-04-13,banxico,target_rate,11.0000,11.0
2024-04-14,banxico,target_rate,11.0000,11.0
2024-04-15,banxico,target_rate,11.0000,11.0
2024-04-16,banxico,target_rate,11.0000,11.0
2024-04-17,banxico,target_rate,11.0000,11.0
2024-04-18,banxico,target_rate,11.0000,11.0
2024-04-19,banxico,target_rate,11.0000,11.0
2024-04-20,banxico,target_rate,11.0000,11.0
2024-04-21,banxico,target_rate,11.0000,11.0
2024-04-22,banxico,target_rate,11.0000,11.0
2024-04-23,banxico,target_rate,11.0000,11.0
2024-04-24,banxico,target_rate,11.0000,11.0
2024-04-25,banxico,target_rate,11.0000,11.0
2024-04-26,banxico,target_rate,11.0000,11.0
2024-04-27,banxico,target_rate,11.0000,11.0
2024-04-28,banxico,target_rate,11.0000,11.0
2024-04-29,banxico,target_rate,11.0000,11.0
2024-04-30,banxico,target_rate,11.0000,11.0
2024-05-01,banxico,target_rate,11.0000,11.0
2024-05-02,banxico,target_rate,11.0000,11.0
2024-05-03,banxico,target_rate,11.0000,11.0
2024-05-04,banxico,target_rate,11.0000,11.0
2024-05-05,banxico,target_rate,11.0000,11.0
2024-05-06,banxico,target_rate,11.0000,11.0
2024-05-07,banxico,target_rate,11.0000,11.0
2024-05-08,banxico,target_rate,11.0000,11.0
2024-05-09,banxico,target_rate,11.0000,11.0
2024-05-10,banxico,target_rate,11.0000,11.0
2024-05-11,banxico,target_rate,11.0000,11.0
2024-05-12,banxico,target_rate,11.0000,11.0
2024-05-13,banxico,target_rate,11.0000,11.0
2024-05-14,banxico,target_rate,11.0000,11.0
2024-05-15,banxico,target_rate,11.0000,11.0
2024-05-16,banxico,target_rate,11.0000,11.0
2024-05-17,banxico,target_rate,11.0000,11.0
2024-05-18,banxico,target_rate,11.0000,11.0
2024-05-20,banxico,target_rate,11.0000,11.0
2024-05-21,banxico,target_rate,11.0000,11.0
2024-05-22,banxico,target_rate,11.0000,11.0
2024-05-23,banxico,target_rate,11.0000,11.0
2024-05-24,banxico,target_rate,11.0000,11.0
2024-05-25,banxico,target_rate,11.0000,11.0
2024-05-26,banxico,target_rate,11.0000,11.0
2024-05-27,banxico,target_rate,11.0000,11.0
2024-05-28,banxico,target_rate,11.0000,11.0
2024-05-29,banxico,target_rate,11.0000,11.0
2024-05-30,banxico,target_rate,11.0000,11.0
2024-05-31,banxico,target_rate,11.0000,11.0
2024-06-01,banxico,target_rate,11.0000,11.0
2024-06-02,banxico,target_rate,11.0000,11.0
2024-06-03,banxico,target_rate,11.0000,11.0
2024-06-04,banxico,target_rate,11.0000,11.0
2024-06-05,banxico,target_rate,11.0000,11.0
2024-06-06,banxico,target_rate,11.0000,11.0
2024-06-07,banxico,target_rate,11.0000,11.0
2024-06-08,banxico,target_rate,11.0000,11.0
2024-06-09,banxico,target_rate,11.0000,11.0
2024-06-10,banxico,target_rate,11.0000,11.0
2024-06-11,banxico,target_rate,11.0000,11.0
2024-06-12,banxico,target_rate,11.0000,11.0
2024-06-13,banxico,target_rate,11.0000,11.0
2024-06-14,banxico,target_rate,11.0000,11.0
2024-06-15,banxico,target_rate,11.0000,11.0
2024-06-16,banxico,target_rate,11.0000,11.0
2024-06-17,banxico,target_rate,11.0000,11.0
2024-06-18,banxico,target_rate,11.0000,11.0
2024-06-19,banxico,target_rate,11.0000,11.0
2024-06-20,banxico,target_rate,11.0000,11.0
2024-06-21,banxico,target_rate,11.0000,11.0
2024-06-22,banxico,target_rate,11.0000,11.0
2024-06-23,banxico,target_rate,11.0000,11.0
2024-06-24,banxico,target_rate,11.0000,11.0
2024-06-25,banxico,target_rate,11.0000,11.0
2024-06-26,banxico,target_rate,11.0000,11.0
2024-06-27,banxico,target_rate,11.0000,11.0
2024-06-28,banxico,target_rate,11.0000,11.0
2024-06-29,banxico,target_rate,11.0000,11.0
2024-06-30,banxico,target_rate,11.0000,11.0
2024-07-01,banxico,target_rate,11.0000,11.0
2024-07-02,banxico,target_rate,11.0000,11.0
2024-07-03,banxico,target_rate,11.0000,11.0
2024-07-04,banxico,target_rate,11.0000,11.0
2024-07-05,banxico,target_rate,11.0000,11.0
2024-07-06,banxico,target_rate,11.0000,11.0
2024-07-07,banxico,target_rate,11.0000,11.0
2024-07-08,banxico,target_rate,11.0000,11.0
2024-07-09,banxico,target_rate,11.0000,11.0
2024-07-10,banxico,target_rate,11.0000,11.0
2024-07-11,banxico,target_rate,11.0000,11.0
2024-07-12,banxico,target_rate,11.0000,11.0
2024-07-13,banxico,target_rate,11.0000,11.0
2024-07-14,banxico,target_rate,11.0000,11.0
2024-07-15,banxico,target_rate,11.0000,11.0
2024-07-16,banxico,target_rate,11.0000,11.0
2024-07-17,banxico,target_rate,11.0000,11.0
2024-07-18,banxico,target_rate,11.0000,11.0
2024-07-19,banxico,target_rate,11.0000,11.0
2024-07-20,banxico,target_rate,11.0000,11.0
2024-07-21,banxico,target_rate,11.0000,11.0
2024-07-22,banxico,target_rate,11.0000,11.0
2024-07-23,banxico,target_rate,11.0000,11.0
2024-07-24,banxico,target_rate,11.0000,11.0
2024-07-25,banxico,target_rate,11.0000,11.0
2024-07-26,banxico,target_rate,11.0000,11.0
2024-07-27,banxico,target_rate,11.0000,11.0
2024-07-28,banxico,target_rate,11.0000,11.0
2024-07-29,banxico,target_rate,11.0000,11.0
2024-07-30,banxico,target_rate,11.0000,11.0
2024-07-31,banxico,target_rate,11.0000,11.0
2024-08-01,banxico,target_rate,11.0000,11.0
2024-08-02,banxico,target_rate,11.0000,11.0
2024-08-03,banxico,target_rate,11.0000,11.0
2024-08-04,banxico,target_rate,11.0000,11.0
2024-08-05,banxico,target_rate,11.0000,11.0
2024-08-06,banxico,target_rate,11.0000,11.0
2024-08-07,banxico,target_rate,11.0000,11.0
2024-08-08,banxico,target_rate,11.0000,11.0
2024-08-09,banxico,target_rate,10.7500,10.75
2024-08-10,banxico,target_rate,10.7500,10.75
2024-08-12,banxico,target_rate,10.7500,10.75
2024-08-13,banxico,target_rate,10.7500,10.75
2024-08-14,banxico,target_rate,10.7500,10.75
2024-08-15,banxico,target_rate,10.7500,10.75
2024-08-16,banxico,target_rate,10.7500,10.75
2024-08-17,banxico,target_rate,10.7500,10.75
2024-08-18,banxico,target_rate,10.7500,10.75
2024-08-19,banxico,target_rate,10.7500,10.75
2024-08-20,banxico,target_rate,10.7500,10.75
2024-08-21,banxico,target_rate,10.7500,10.75
2024-08-22,banxico,target_rate,10.7500,10.75
2024-08-23,banxico,target_rate,10.7500,10.75
2024-08-24,banxico,target_rate,10.7500,10.75
2024-08-25,banxico,target_rate,10.7500,10.75
2024-08-26,banxico,target_rate,10.7500,10.75
2024-08-27,banxico,target_rate,10.7500,10.75
2024-08-28,banxico,target_rate,10.7500,10.75
2024-08-29,banxico,target_rate,10.7500,10.75
2024-08-30,banxico,target_rate,10.7500,10.75
2024-08-31,banxico,target_rate,10.7500,10.75
2024-09-01,banxico,target_rate,10.7500,10.75
2024-09-02,banxico,target_rate,10.7500,10.75
2024-09-03,banxico,target_rate,10.7500,10.75
2024-09-04,banxico,target_rate,10.7500,10.75
2024-09-05,banxico,target_rate,10.7500,10.75
2024-09-06,banxico,target_rate,10.7500,10.75
2024-09-07,banxico,target_rate,10.7500,10.75
2024-09-08,banxico,target_rate,10.7500,10.75
2024-09-09,banxico,target_rate,10.7500,10.75
2024-09-10,banxico,target_rate,10.7500,10.75
2024-09-11,banxico,target_rate,10.7500,10.75
2024-09-12,banxico,target_rate,10.7500,10.75
2024-09-13,banxico,target_rate,10.7500,10.75
2024-09-14,banxico,target_rate,10.7500,10.75
2024-09-15,banxico,target_rate,10.7500,10.75
2024-09-16,banxico,target_rate,10.7500,10.75
2024-09-17,banxico,target_rate,10.7500,10.75
2024-09-18,banxico,target_rate,10.7500,10.75
2024-09-19,banxico,target_rate,10.7500,10.75
2024-09-20,banxico,target_rate,10.7500,10.75
2024-09-21,banxico,target_rate,10.7500,10.75
2024-09-22,banxico,target_rate,10.7500,10.75
2024-09-23,banxico,target_rate,10.7500,10.75
2024-09-24,banxico,target_rate,10.7500,10.75
2024-09-25,banxico,target_rate,10.7500,10.75
2024-09-26,banxico,target_rate,10.7500,10.75
2024-09-27,banxico,target_rate,10.5000,10.5
2024-09-28,banxico,target_rate,10.5000,10.5
2024-09-29,banxico,target_rate,10.5000,10.5
2024-09-30,banxico,target_rate,10.5000,10.5
2024-10-01,banxico,target_rate,10.5000,10.5
2024-10-02,banxico,target_rate,10.5000,10.5
2024-10-03,banxico,target_rate,10.5000,10.5
2024-10-04,banxico,target_rate,10.5000,10.5
2024-10-05,banxico,target_rate,10.5000,10.5
2024-10-06,banxico,target_rate,10.5000,10.5
2024-10-07,banxico,target_rate,10.5000,10.5
2024-10-08,banxico,target_rate,10.5000,10.5
2024-10-09,banxico,target_rate,10.5000,10.5
2024-10-10,banxico,target_rate,10.5000,10.5
2024-10-11,banxico,target_rate,10.5000,10.5
2024-10-12,banxico,target_rate,10.5000,10.5
2024-10-13,banxico,target_rate,10.5000,10.5
2024-10-14,banxico,target_rate,10.5000,10.5
2024-10-15,banxico,target_rate,10.5000,10.5
2024-10-16,banxico,target_rate,10.5000,10.5
2024-10-17,banxico,target_rate,10.5000,10.5
2024-10-18,banxico,target_rate,10.5000,10.5
2024-10-19,banxico,target_rate,10.5000,10.5
2024-10-20,banxico,target_rate,10.5000,10.5
2024-10-21,banxico,target_rate,10.5000,10.5
2024-10-22,banxico,target_rate,10.5000,10.5
2024-10-23,banxico,target_rate,10.5000,10.5
2024-10-24,banxico,target_rate,10.5000,10.5
2024-10-25,banxico,target_rate,10.5000,10.5
2024-10-26,banxico,target_rate,10.5000,10.5
2024-10-27,banxico,target_rate,10.5000,10.5
2024-10-28,banxico,target_rate,10.5000,10.5
2024-10-29,banxico,target_rate,10.5000,10.5
2024-10-30,banxico,target_rate,10.5000,10.5
2024-10-31,banxico,target_rate,10.5000,10.5
2024-11-01,banxico,target_rate,10.5000,10.5
2024-11-02,banxico,target_rate,10.5000,10.5
2024-11-03,banxico,target_rate,10.5000,10.5
2024-11-04,banxico,target_rate,10.5000,10.5
2024-11-05,banxico,target_rate,10.5000,10.5
2024-11-06,banxico,target_rate,10.5000,10.5
2024-11-07,banxico,target_rate,10.5000,10.5
2024-11-08,banxico,target_rate,10.5000,10.5
2024-11-09,banxico,target_rate,10.5000,10.5
2024-11-11,banxico,target_rate,10.5000,10.5
2024-11-12,banxico,target_rate,10.5000,10.5
2024-11-13,banxico,target_rate,10.5000,10.5
2024-11-14,banxico,target_rate,10.5000,10.5
2024-11-15,banxico,target_rate,10.2500,10.25
2024-11-16,banxico,target_rate,10.2500,10.25
2024-11-17,banxico,target_rate,10.2500,10.25
2024-11-18,banxico,target_rate,10.2500,10.25
2024-11-19,banxico,target_rate,10.2500,10.25
2024-11-20,banxico,target_rate,10.2500,10.25
2024-11-21,banxico,target_rate,10.2500,10.25
2024-11-22,banxico,target_rate,10.2500,10.25
2024-11-23,banxico,target_rate,10.2500,10.25
2024-11-24,banxico,target_rate,10.2500,10.25
2024-11-25,banxico,target_rate,10.2500,10.25
2024-11-26,banxico,target_rate,10.2500,10.25
2024-11-27,banxico,target_rate,10.2500,10.25
2024-11-28,banxico,target_rate,10.2500,10.25
2024-11-29,banxico,target_rate,10.2500,10.25
2024-11-30,banxico,target_rate,10.2500,10.25
2024-12-01,banxico,target_rate,10.2500,10.25
2024-12-02,banxico,target_rate,10.2500,10.25
2024-12-03,banxico,target_rate,10.2500,10.25
2024-12-04,banxico,target_rate,10.2500,10.25
2024-12-05,banxico,target_rate,10.2500,10.25
2024-12-06,banxico,target_rate,10.2500,10.25
2024-12-07,banxico,target_rate,10.2500,10.25
2024-12-08,banxico,target_rate,10.2500,10.25
2024-12-09,banxico,target_rate,10.2500,10.25
2024-12-10,banxico,target_rate,10.2500,10.25
2024-12-11,banxico,target_rate,10.2500,10.25
2024-12-12,banxico,target_rate,10.2500,10.25
2024-12-13,banxico,target_rate,10.2500,10.25
2024-12-14,banxico,target_rate,10.2500,10.25
2024-12-15,banxico,target_rate,10.2500,10.25
2024-12-16,banxico,target_rate,10.2500,10.25
2024-12-17,banxico,target_rate,10.2500,10.25
2024-12-18,banxico,target_rate,10.2500,10.25
2024-12-19,banxico,target_rate,10.2500,10.25
2024-12-20,banxico,target_rate,10.0000,10.0
2024-12-21,banxico,target_rate,10.0000,10.0
2024-12-22,banxico,target_rate,10.0000,10.0
2024-12-23,banxico,target_rate,10.0000,10.0
2024-12-24,banxico,target_rate,10.0000,10.0
2024-12-25,banxico,target_rate,10.0000,10.0
2024-12-26,banxico,target_rate,10.0000,10.0
2024-12-27,banxico,target_rate,10.0000,10.0
2024-12-28,banxico,target_rate,10.0000,10.0
2024-12-29,banxico,target_rate,10.0000,10.0
2024-12-30,banxico,target_rate,10.0000,10.0
2024-12-31,banxico,target_rate,10.0000,10.0
2025-01-01,banxico,target_rate,10.0000,10.0
2025-01-02,banxico,target_rate,10.0000,10.0
2025-01-03,banxico,target_rate,10.0000,10.0
2025-01-04,banxico,target_rate,10.0000,10.0
2025-01-05,banxico,target_rate,10.0000,10.0
2025-01-06,banxico,target_rate,10.0000,10.0
2025-01-07,banxico,target_rate,10.0000,10.0
2025-01-08,banxico,target_rate,10.0000,10.0
2025-01-09,banxico,target_rate,10.0000,10.0
2025-01-10,banxico,target_rate,10.0000,10.0
2025-01-11,banxico,target_rate,10.0000,10.0
2025-01-12,banxico,target_rate,10.0000,10.0
2025-01-13,banxico,target_rate,10.0000,10.0
2025-01-14,banxico,target_rate,10.0000,10.0
2025-01-15,banxico,target_rate,10.0000,10.0
2025-01-16,banxico,target_rate,10.0000,10.0
2025-01-17,banxico,target_rate,10.0000,10.0
2025-01-18,banxico,target_rate,10.0000,10.0
2025-01-19,banxico,target_rate,10.0000,10.0
2025-01-20,banxico,target_rate,10.0000,10.0
2025-01-21,banxico,target_rate,10.0000,10.0
2025-01-22,banxico,target_rate,10.0000,10.0
2025-01-23,banxico,target_rate,10.0000,10.0
2025-01-24,banxico,target_rate,10.0000,10.0
2025-01-25,banxico,target_rate,10.0000,10.0
2025-01-26,banxico,target_rate,10.0000,10.0
2025-01-27,banxico,target_rate,10.0000,10.0
2025-01-28,banxico,target_rate,10.0000,10.0
2025-01-29,banxico,target_rate,10.0000,10.0
2025-01-30,banxico,target_rate,10.0000,10.0
2025-01-31,banxico,target_rate,10.0000,10.0
2025-02-01,banxico,target_rate,10.0000,10.0
2025-02-02,banxico,target_rate,10.0000,10.0
2025-02-03,banxico,target_rate,10.0000,10.0
2025-02-04,banxico,target_rate,10.0000,10.0
2025-02-05,banxico,target_rate,10.0000,10.0
2025-02-06,banxico,target_rate,10.0000,10.0
2025-02-07,banxico,target_rate,9.5000,9.5
2025-02-08,banxico,target_rate,9.5000,9.5
2025-02-09,banxico,target_rate,9.5000,9.5
2025-02-10,banxico,target_rate,9.5000,9.5
2025-02-11,banxico,target_rate,9.5000,9.5
2025-02-12,banxico,target_rate,9.5000,9.5
2025-02-13,banxico,target_rate,9.5000,9.5
2025-02-14,banxico,target_rate,9.5000,9.5
2025-02-15,banxico,target_rate,9.5000,9.5
2025-02-16,banxico,target_rate,9.5000,9.5
2025-02-17,banxico,target_rate,9.5000,9.5
2025-02-18,banxico,target_rate,9.5000,9.5
2025-02-19,banxico,target_rate,9.5000,9.5
2025-02-20,banxico,target_rate,9.5000,9.5
2025-02-21,banxico,target_rate,9.5000,9.5
2025-02-22,banxico,target_rate,9.5000,9.5
2025-02-23,banxico,target_rate,9.5000,9.5
2025-02-24,banxico,target_rate,9.5000,9.5
2025-02-25,banxico,target_rate,9.5000,9.5
2025-02-26,banxico,target_rate,9.5000,9.5
2025-02-27,banxico,target_rate,9.5000,9.5
2025-02-28,banxico,target_rate,9.5000,9.5
2025-03-01,banxico,target_rate,9.5000,9.5
2025-03-02,banxico,target_rate,9.5000,9.5
2025-03-03,banxico,target_rate,9.5000,9.5
2025-03-04,banxico,target_rate,9.5000,9.5
2025-03-05,banxico,target_rate,9.5000,9.5
2025-03-06,banxico,target_rate,9.5000,9.5
2025-03-07,banxico,target_rate,9.5000,9.5
2025-03-08,banxico,target_rate,9.5000,9.5
2025-03-09,banxico,target_rate,9.5000,9.5
2025-03-10,banxico,target_rate,9.5000,9.5
2025-03-11,banxico,target_rate,9.5000,9.5
2025-03-12,banxico,target_rate,9.5000,9.5
2025-03-13,banxico,target_rate,9.5000,9.5
2025-03-14,banxico,target_rate,9.5000,9.5
2025-03-15,banxico,target_rate,9.5000,9.5
2025-03-16,banxico,target_rate,9.5000,9.5
2025-03-17,banxico,target_rate,9.5000,9.5
2025-03-18,banxico,target_rate,9.5000,9.5
2025-03-19,banxico,target_rate,9.5000,9.5
2025-03-20,banxico,target_rate,9.5000,9.5
2025-03-21,banxico,target_rate,9.5000,9.5
2025-03-22,banxico,target_rate,9.5000,9.5
2025-03-23,banxico,target_rate,9.5000,9.5
2025-03-24,banxico,target_rate,9.5000,9.5
2025-03-25,banxico,target_rate,9.5000,9.5
2025-03-26,banxico,target_rate,9.5000,9.5
2025-03-27,banxico,target_rate,9.5000,9.5
2025-03-28,banxico,target_rate,9.0000,9.0
2025-03-29,banxico,target_rate,9.0000,9.0
2025-03-30,banxico,target_rate,9.0000,9.0
2025-03-31,banxico,target_rate,9.0000,9.0
2025-04-01,banxico,target_rate,9.0000,9.0
2025-04-02,banxico,target_rate,9.0000,9.0
2025-04-03,banxico,target_rate,9.0000,9.0
2025-04-04,banxico,target_rate,9.0000,9.0
2025-04-05,banxico,target_rate,9.0000,9.0
2025-04-06,banxico,target_rate,9.0000,9.0
2025-04-07,banxico,target_rate,9.0000,9.0
2025-04-08,banxico,target_rate,9.0000,9.0
2025-04-09,banxico,target_rate,9.0000,9.0
2025-04-10,banxico,target_rate,9.0000,9.0
2025-04-11,banxico,target_rate,9.0000,9.0
2025-04-12,banxico,target_rate,9.0000,9.0
2025-04-13,banxico,target_rate,9.0000,9.0
2025-04-14,banxico,target_rate,9.0000,9.0
2025-04-15,banxico,target_rate,9.0000,9.0
2025-04-16,banxico,target_rate,9.0000,9.0
2025-04-17,banxico,target_rate,9.0000,9.0
2025-04-18,banxico,target_rate,9.0000,9.0
2025-04-19,banxico,target_rate,9.0000,9.0
2025-04-20,banxico,target_rate,9.0000,9.0
2025-04-21,banxico,target_rate,9.0000,9.0
2025-04-22,banxico,target_rate,9.0000,9.0
2025-04-23,banxico,target_rate,9.0000,9.0
2025-04-24,banxico,target_rate,9.0000,9.0
2025-04-25,banxico,target_rate,9.0000,9.0
2025-04-26,banxico,target_rate,9.0000,9.0
2025-04-27,banxico,target_rate,9.0000,9.0
2025-04-28,banxico,target_rate,9.0000,9.0
2025-04-29,banxico,target_rate,9.0000,9.0
2025-04-30,banxico,target_rate,9.0000,9.0
2025-05-01,banxico,target_rate,9.0000,9.0
2025-05-02,banxico,target_rate,9.0000,9.0
2025-05-03,banxico,target_rate,9.0000,9.0
2025-05-04,banxico,target_rate,9.0000,9.0
2025-05-05,banxico,target_rate,9.0000,9.0
2025-05-06,banxico,target_rate,9.0000,9.0
2025-05-07,banxico,target_rate,9.0000,9.0
2025-05-08,banxico,target_rate,9.0000,9.0
2025-05-09,banxico,target_rate,9.0000,9.0
2025-05-10,banxico,target_rate,9.0000,9.0
2025-05-11,banxico,target_rate,9.0000,9.0
2025-05-12,banxico,target_rate,9.0000,9.0
2025-05-13,banxico,target_rate,9.0000,9.0
2025-05-14,banxico,target_rate,9.0000,9.0
2025-05-15,banxico,target_rate,9.0000,9.0
2025-05-16,banxico,target_rate,8.5000,8.5
2025-05-17,banxico,target_rate,8.5000,8.5
2025-05-18,banxico,target_rate,8.5000,8.5
2025-05-19,banxico,target_rate,8.5000,8.5
2025-05-20,banxico,target_rate,8.5000,8.5
2025-05-21,banxico,target_rate,8.5000,8.5
2025-05-22,banxico,target_rate,8.5000,8.5
2025-05-23,banxico,target_rate,8.5000,8.5
2025-05-24,banxico,target_rate,8.5000,8.5
2025-05-25,banxico,target_rate,8.5000,8.5
2025-05-26,banxico,target_rate,8.5000,8.5
2025-05-27,banxico,target_rate,8.5000,8.5
2025-05-28,banxico,target_rate,8.5000,8.5
2025-05-29,banxico,target_rate,8.5000,8.5
2025-05-30,banxico,target_rate,8.5000,8.5
2025-05-31,banxico,target_rate,8.5000,8.5
2025-06-01,banxico,target_rate,8.5000,8.5
2025-06-02,banxico,target_rate,8.5000,8.5
2025-06-03,banxico,target_rate,8.5000,8.5
2025-06-04,banxico,target_rate,8.5000,8.5
2025-06-05,banxico,target_rate,8.5000,8.5
2025-06-06,banxico,target_rate,8.5000,8.5
2025-06-07,banxico,target_rate,8.5000,8.5
2025-06-08,banxico,target_rate,8.5000,8.5
2025-06-09,banxico,target_rate,8.5000,8.5
2025-06-10,banxico,target_rate,8.5000,8.5
2025-06-11,banxico,target_rate,8.5000,8.5
2025-06-12,banxico,target_rate,8.5000,8.5
2025-06-13,banxico,target_rate,8.5000,8.5
2025-06-14,banxico,target_rate,8.5000,8.5
2025-06-15,banxico,target_rate,8.5000,8.5
2025-06-16,banxico,target_rate,8.5000,8.5
2025-06-17,banxico,target_rate,8.5000,8.5
2025-06-18,banxico,target_rate,8.5000,8.5
2025-06-19,banxico,target_rate,8.5000,8.5
2025-06-20,banxico,target_rate,8.5000,8.5
2025-06-21,banxico,target_rate,8.5000,8.5
2025-06-22,banxico,target_rate,8.5000,8.5
2025-06-23,banxico,target_rate,8.5000,8.5
2025-06-24,banxico,target_rate,8.5000,8.5
2025-06-25,banxico,target_rate,8.5000,8.5
2025-06-26,banxico,target_rate,8.5000,8.5
2025-06-27,banxico,target_rate,8.0000,8.0
2025-06-28,banxico,target_rate,8.0000,8.0
2025-06-29,banxico,target_rate,8.0000,8.0
2025-06-30,banxico,target_rate,8.0000,8.0
2025-07-01,banxico,target_rate,8.0000,8.0
2025-07-02,banxico,target_rate,8.0000,8.0
2025-07-03,banxico,target_rate,8.0000,8.0
2025-07-04,banxico,target_rate,8.0000,8.0
2025-07-05,banxico,target_rate,8.0000,8.0
2025-07-06,banxico,target_rate,8.0000,8.0
2025-07-07,banxico,target_rate,8.0000,8.0
2025-07-08,banxico,target_rate,8.0000,8.0
2025-07-09,banxico,target_rate,8.0000,8.0
2025-07-10,banxico,target_rate,8.0000,8.0
2025-07-11,banxico,target_rate,8.0000,8.0
2025-07-12,banxico,target_rate,8.0000,8.0
2025-07-13,banxico,target_rate,8.0000,8.0
2025-07-14,banxico,target_rate,8.0000,8.0
2025-07-15,banxico,target_rate,8.0000,8.0
2025-07-16,banxico,target_rate,8.0000,8.0
2025-07-17,banxico,target_rate,8.0000,8.0
2025-07-18,banxico,target_rate,8.0000,8.0
2025-07-19,banxico,target_rate,8.0000,8.0
2025-07-20,banxico,target_rate,8.0000,8.0
2025-07-21,banxico,target_rate,8.0000,8.0
2025-07-22,banxico,target_rate,8.0000,8.0
2025-07-23,banxico,target_rate,8.0000,8.0
2025-07-24,banxico,target_rate,8.0000,8.0
2025-07-25,banxico,target_rate,8.0000,8.0
2025-07-26,banxico,target_rate,8.0000,8.0
2025-07-27,banxico,target_rate,8.0000,8.0
2025-07-28,banxico,target_rate,8.0000,8.0
2025-07-29,banxico,target_rate,8.0000,8.0
2025-07-30,banxico,target_rate,8.0000,8.0
2025-07-31,banxico,target_rate,8.0000,8.0
2025-08-01,banxico,target_rate,8.0000,8.0
2025-08-02,banxico,target_rate,8.0000,8.0
2025-08-03,banxico,target_rate,8.0000,8.0
2025-08-04,banxico,target_rate,8.0000,8.0
2025-08-05,banxico,target_rate,8.0000,8.0
2025-08-06,banxico,target_rate,8.0000,8.0
2025-08-07,banxico,target_rate,8.0000,8.0
2025-08-08,banxico,target_rate,7.7500,7.75
2025-08-09,banxico,target_rate,7.7500,7.75
2025-08-10,banxico,target_rate,7.7500,7.75
2025-08-11,banxico,target_rate,7.7500,7.75
2025-08-12,banxico,target_rate,7.7500,7.75
2025-08-13,banxico,target_rate,7.7500,7.75
2025-08-14,banxico,target_rate,7.7500,7.75
2025-08-15,banxico,target_rate,7.7500,7.75
2025-08-16,banxico,target_rate,7.7500,7.75
2025-08-17,banxico,target_rate,7.7500,7.75
2025-08-18,banxico,target_rate,7.7500,7.75
2025-08-19,banxico,target_rate,7.7500,7.75
2025-08-20,banxico,target_rate,7.7500,7.75
2025-08-21,banxico,target_rate,7.7500,7.75
2025-08-22,banxico,target_rate,7.7500,7.75
2025-08-23,banxico,target_rate,7.7500,7.75
2025-08-24,banxico,target_rate,7.7500,7.75
2025-08-25,banxico,target_rate,7.7500,7.75
2025-08-26,banxico,target_rate,7.7500,7.75
2025-08-27,banxico,target_rate,7.7500,7.75
2025-08-28,banxico,target_rate,7.7500,7.75
2025-08-29,banxico,target_rate,7.7500,7.75
2025-08-30,banxico,target_rate,7.7500,7.75
2025-08-31,banxico,target_rate,7.7500,7.75
2025-09-01,banxico,target_rate,7.7500,7.75
2025-09-02,banxico,target_rate,7.7500,7.75
2025-09-03,banxico,target_rate,7.7500,7.75
2025-09-04,banxico,target_rate,7.7500,7.75
2025-09-05,banxico,target_rate,7.7500,7.75
2025-09-06,banxico,target_rate,7.7500,7.75
2025-09-07,banxico,target_rate,7.7500,7.75
2025-09-08,banxico,target_rate,7.7500,7.75
2025-09-09,banxico,target_rate,7.7500,7.75
2025-09-10,banxico,target_rate,7.7500,7.75
2025-09-11,banxico,target_rate,7.7500,7.75
2025-09-12,banxico,target_rate,7.7500,7.75
2025-09-13,banxico,target_rate,7.7500,7.75
2025-09-14,banxico,target_rate,7.7500,7.75
2025-09-15,banxico,target_rate,7.7500,7.75
2025-09-16,banxico,target_rate,7.7500,7.75
2025-09-17,banxico,target_rate,7.7500,7.75
2025-09-18,banxico,target_rate,7.7500,7.75
2025-09-19,banxico,target_rate,7.7500,7.75
2025-09-20,banxico,target_rate,7.7500,7.75
2025-09-21,banxico,target_rate,7.7500,7.75
2025-09-22,banxico,target_rate,7.7500,7.75
2025-09-23,banxico,target_rate,7.7500,7.75
2025-09-24,banxico,target_rate,7.7500,7.75
2025-09-25,banxico,target_rate,7.7500,7.75
2025-09-26,banxico,target_rate,7.5000,7.5
2025-09-27,banxico,target_rate,7.5000,7.5
2025-09-28,banxico,target_rate,7.5000,7.5
2025-09-29,banxico,target_rate,7.5000,7.5
2025-09-30,banxico,target_rate,7.5000,7.5
2025-10-01,banxico,target_rate,7.5000,7.5
2025-10-02,banxico,target_rate,7.5000,7.5
2025-10-03,banxico,target_rate,7.5000,7.5
2025-10-04,banxico,target_rate,7.5000,7.5
2025-10-05,banxico,target_rate,7.5000,7.5
2025-10-06,banxico,target_rate,7.5000,7.5
2025-10-07,banxico,target_rate,7.5000,7.5
2025-10-08,banxico,target_rate,7.5000,7.5
2025-10-09,banxico,target_rate,7.5000,7.5
2025-10-10,banxico,target_rate,7.5000,7.5
2025-10-11,banxico,target_rate,7.5000,7.5
2025-10-12,banxico,target_rate,7.5000,7.5
2025-10-13,banxico,target_rate,7.5000,7.5
2025-10-14,banxico,target_rate,7.5000,7.5
2025-10-15,banxico,target_rate,7.5000,7.5
2025-10-16,banxico,target_rate,7.5000,7.5
2025-10-17,banxico,target_rate,7.5000,7.5
2025-10-18,banxico,target_rate,7.5000,7.5
2025-10-19,banxico,target_rate,7.5000,7.5
2025-10-20,banxico,target_rate,7.5000,7.5
2025-10-21,banxico,target_rate,7.5000,7.5
2025-10-22,banxico,target_rate,7.5000,7.5
2025-10-23,banxico,target_rate,7.5000,7.5
2025-10-24,banxico,target_rate,7.5000,7.5
2025-10-25,banxico,target_rate,7.5000,7.5
2025-10-26,banxico,target_rate,7.5000,7.5
2025-10-27,banxico,target_rate,7.5000,7.5
2025-10-28,banxico,target_rate,7.5000,7.5
2025-10-29,banxico,target_rate,7.5000,7.5
2025-10-30,banxico,target_rate,7.5000,7.5
2025-10-31,banxico,target_rate,7.5000,7.5
2025-11-01,banxico,target_rate,7.5000,7.5
2025-11-02,banxico,target_rate,7.5000,7.5
2025-11-03,banxico,target_rate,7.5000,7.5
2025-11-04,banxico,target_rate,7.5000,7.5
2025-11-05,banxico,target_rate,7.5000,7.5
2025-11-06,banxico,target_rate,7.5000,7.5
2025-11-07,banxico,target_rate,7.2500,7.25
2025-11-08,banxico,target_rate,7.2500,7.25
2025-11-09,banxico,target_rate,7.2500,7.25
2025-11-10,banxico,target_rate,7.2500,7.25
2025-11-11,banxico,target_rate,7.2500,7.25
2025-11-12,banxico,target_rate,7.2500,7.25
2025-11-13,banxico,target_rate,7.2500,7.25
2025-11-14,banxico,target_rate,7.2500,7.25
2025-11-15,banxico,target_rate,7.2500,7.25
2025-11-16,banxico,target_rate,7.2500,7.25
2025-11-17,banxico,target_rate,7.2500,7.25
2025-11-18,banxico,target_rate,7.2500,7.25
2025-11-19,banxico,target_rate,7.2500,7.25
2025-11-20,banxico,target_rate,7.2500,7.25
2025-11-21,banxico,target_rate,7.2500,7.25
2025-11-22,banxico,target_rate,7.2500,7.25
2025-11-23,banxico,target_rate,7.2500,7.25
2025-11-24,banxico,target_rate,7.2500,7.25
2025-11-25,banxico,target_rate,7.2500,7.25
2025-11-26,banxico,target_rate,7.2500,7.25
2025-11-27,banxico,target_rate,7.2500,7.25
2025-11-28,banxico,target_rate,7.2500,7.25
2025-11-29,banxico,target_rate,7.2500,7.25
2025-11-30,banxico,target_rate,7.2500,7.25
2025-12-01,banxico,target_rate,7.2500,7.25
2025-12-02,banxico,target_rate,7.2500,7.25
2025-12-03,banxico,target_rate,7.2500,7.25
2025-12-04,banxico,target_rate,7.2500,7.25
2025-12-05,banxico,target_rate,7.2500,7.25
2025-12-06,banxico,target_rate,7.2500,7.25
2025-12-07,banxico,target_rate,7.2500,7.25
2025-12-08,banxico,target_rate,7.2500,7.25
2025-12-09,banxico,target_rate,7.2500,7.25
2025-12-10,banxico,target_rate,7.2500,7.25
2025-12-11,banxico,target_rate,7.2500,7.25
2025-12-12,banxico,target_rate,7.2500,7.25
2025-12-13,banxico,target_rate,7.2500,7.25
2025-12-14,banxico,target_rate,7.2500,7.25
2025-12-15,banxico,target_rate,7.2500,7.25
2025-12-16,banxico,target_rate,7.2500,7.25
2025-12-17,banxico,target_rate,7.2500,7.25
2025-12-18,banxico,target_rate,7.2500,7.25
2025-12-19,banxico,target_rate,7.0000,7.0
2025-12-20,banxico,target_rate,7.0000,7.0
2025-12-21,banxico,target_rate,7.0000,7.0
2025-12-22,banxico,target_rate,7.0000,7.0
2025-12-23,banxico,target_rate,7.0000,7.0
2025-12-24,banxico,target_rate,7.0000,7.0
2025-12-25,banxico,target_rate,7.0000,7.0
2025-12-26,banxico,target_rate,7.0000,7.0
2025-12-27,banxico,target_rate,7.0000,7.0
2025-12-28,banxico,target_rate,7.0000,7.0
2025-12-29,banxico,target_rate,7.0000,7.0
2025-12-30,banxico,target_rate,7.0000,7.0
2025-12-31,banxico,target_rate,7.0000,7.0
2026-01-01,banxico,target_rate,7.0000,7.0
2026-01-02,banxico,target_rate,7.0000,7.0
2026-01-03,banxico,target_rate,7.0000,7.0
2026-01-04,banxico,target_rate,7.0000,7.0
2026-01-05,banxico,target_rate,7.0000,7.0
2026-01-06,banxico,target_rate,7.0000,7.0
2026-01-07,banxico,target_rate,7.0000,7.0
2026-01-08,banxico,target_rate,7.0000,7.0
2026-01-09,banxico,target_rate,7.0000,7.0
2026-01-10,banxico,target_rate,7.0000,7.0
2026-01-11,banxico,target_rate,7.0000,7.0
2026-01-12,banxico,target_rate,7.0000,7.0
2026-01-13,banxico,target_rate,7.0000,7.0
2026-01-14,banxico,target_rate,7.0000,7.0
2026-01-15,banxico,target_rate,7.0000,7.0
2026-01-16,banxico,target_rate,7.0000,7.0
2026-01-17,banxico,target_rate,7.0000,7.0
2026-01-18,banxico,target_rate,7.0000,7.0
2026-01-19,banxico,target_rate,7.0000,7.0
2026-01-20,banxico,target_rate,7.0000,7.0
2026-01-21,banxico,target_rate,7.0000,7.0
2026-01-22,banxico,target_rate,7.0000,7.0
2026-01-23,banxico,target_rate,7.0000,7.0
2026-01-24,banxico,target_rate,7.0000,7.0
2026-01-25,banxico,target_rate,7.0000,7.0
2026-01-26,banxico,target_rate,7.0000,7.0
2026-01-27,banxico,target_rate,7.0000,7.0
2026-01-28,banxico,target_rate,7.0000,7.0
2026-01-29,banxico,target_rate,7.0000,7.0
2026-01-30,banxico,target_rate,7.0000,7.0
2026-01-31,banxico,target_rate,7.0000,7.0
2026-02-01,banxico,target_rate,7.0000,7.0
2026-02-02,banxico,target_rate,7.0000,7.0
2026-02-03,banxico,target_rate,7.0000,7.0
2026-02-04,banxico,target_rate,7.0000,7.0
2026-02-05,banxico,target_rate,7.0000,7.0
2026-02-06,banxico,target_rate,7.0000,7.0
2026-02-07,banxico,target_rate,7.0000,7.0
2026-02-08,banxico,target_rate,7.0000,7.0
2026-02-09,banxico,target_rate,7.0000,7.0
2026-02-10,banxico,target_rate,7.0000,7.0
2026-02-11,banxico,target_rate,7.0000,7.0
2026-02-12,banxico,target_rate,7.0000,7.0
2026-02-13,banxico,target_rate,7.0000,7.0
2026-02-14,banxico,target_rate,7.0000,7.0
2026-02-15,banxico,target_rate,7.0000,7.0
2026-02-16,banxico,target_rate,7.0000,7.0
2026-02-17,banxico,target_rate,7.0000,7.0
2026-02-18,banxico,target_rate,7.0000,7.0
2026-02-19,banxico,target_rate,7.0000,7.0
2026-02-20,banxico,target_rate,7.0000,7.0
2026-02-21,banxico,target_rate,7.0000,7.0
2026-02-22,banxico,target_rate,7.0000,7.0
2026-02-23,banxico,target_rate,7.0000,7.0
2026-02-24,banxico,target_rate,7.0000,7.0
2026-02-25,banxico,target_rate,7.0000,7.0
2026-02-26,banxico,target_rate,7.0000,7.0
2026-02-27,banxico,target_rate,7.0000,7.0
2026-02-28,banxico,target_rate,7.0000,7.0
2026-03-01,banxico,target_rate,7.0000,7.0
2026-03-02,banxico,target_rate,7.0000,7.0
2026-03-03,banxico,target_rate,7.0000,7.0
2026-03-04,banxico,target_rate,7.0000,7.0
2026-03-05,banxico,target_rate,7.0000,7.0
2026-03-06,banxico,target_rate,7.0000,7.0
2026-03-07,banxico,target_rate,7.0000,7.0
2026-03-08,banxico,target_rate,7.0000,7.0
2026-03-09,banxico,target_rate,7.0000,7.0
2026-03-10,banxico,target_rate,7.0000,7.0
2026-03-11,banxico,target_rate,7.0000,7.0
2026-03-12,banxico,target_rate,7.0000,7.0
2026-03-13,banxico,target_rate,7.0000,7.0
2026-03-14,banxico,target_rate,7.0000,7.0
2026-03-15,banxico,target_rate,7.0000,7.0
2026-03-16,banxico,target_rate,7.0000,7.0
2026-03-17,banxico,target_rate,7.0000,7.0
2026-03-18,banxico,target_rate,7.0000,7.0
2026-03-19,banxico,target_rate,7.0000,7.0
2026-03-20,banxico,target_rate,7.0000,7.0
2026-03-21,banxico,target_rate,7.0000,7.0
2026-03-22,banxico,target_rate,7.0000,7.0
2026-03-23,banxico,target_rate,7.0000,7.0
2026-03-24,banxico,target_rate,7.0000,7.0
2026-03-25,banxico,target_rate,7.0000,7.0
2026-03-26,banxico,target_rate,7.0000,7.0
2026-03-27,banxico,target_rate,6.7500,6.75
2026-03-28,banxico,target_rate,6.7500,6.75
2026-03-29,banxico,target_rate,6.7500,6.75
2026-03-30,banxico,target_rate,6.7500,6.75
2026-03-31,banxico,target_rate,6.7500,6.75
2026-04-01,banxico,target_rate,6.7500,6.75
2026-04-02,banxico,target_rate,6.7500,6.75
2026-04-03,banxico,target_rate,6.7500,6.75
2026-04-04,banxico,target_rate,6.7500,6.75
2026-04-05,banxico,target_rate,6.7500,6.75
2026-04-06,banxico,target_rate,6.7500,6.75
2026-04-07,banxico,target_rate,6.7500,6.75
2026-04-08,banxico,target_rate,6.7500,6.75
2026-04-09,banxico,target_rate,6.7500,6.75
2026-04-10,banxico,target_rate,6.7500,6.75
2026-04-11,banxico,target_rate,6.7500,6.75
2026-04-12,banxico,target_rate,6.7500,6.75
2026-04-13,banxico,target_rate,6.7500,6.75
2026-04-14,banxico,target_rate,6.7500,6.75
2026-04-15,banxico,target_rate,6.7500,6.75
2026-04-16,banxico,target_rate,6.7500,6.75
2026-04-17,banxico,target_rate,6.7500,6.75
2026-04-18,banxico,target_rate,6.7500,6.75
2026-04-19,banxico,target_rate,6.7500,6.75
2026-04-20,banxico,target_rate,6.7500,6.75
2026-04-21,banxico,target_rate,6.7500,6.75
2026-04-22,banxico,target_rate,6.7500,6.75
2026-04-23,banxico,target_rate,6.7500,6.75
2026-04-24,banxico,target_rate,6.7500,6.75
2026-04-25,banxico,target_rate,6.7500,6.75
2026-04-26,banxico,target_rate,6.7500,6.75
2026-04-27,banxico,target_rate,6.7500,6.75
2026-04-28,banxico,target_rate,6.7500,6.75
2026-04-29,banxico,target_rate,6.7500,6.75
2026-04-30,banxico,target_rate,6.7500,6.75
2026-05-01,banxico,target_rate,6.7500,6.75
2026-05-02,banxico,target_rate,6.7500,6.75
2026-05-03,banxico,target_rate,6.7500,6.75
2026-05-04,banxico,target_rate,6.7500,6.75
2026-05-05,banxico,target_rate,6.7500,6.75
2026-05-06,banxico,target_rate,6.7500,6.75
2026-05-07,banxico,target_rate,6.7500,6.75
2026-05-08,banxico,target_rate,6.5000,6.5
2026-05-09,banxico,target_rate,6.5000,6.5
2026-05-10,banxico,target_rate,6.5000,6.5
2026-05-11,banxico,target_rate,6.5000,6.5
2026-05-12,banxico,target_rate,6.5000,6.5
2026-05-13,banxico,target_rate,6.5000,6.5
2026-05-14,banxico,target_rate,6.5000,6.5
2026-05-15,banxico,target_rate,6.5000,6.5
2026-05-16,banxico,target_rate,6.5000,6.5
2026-05-17,banxico,target_rate,6.5000,6.5
2026-05-18,banxico,target_rate,6.5000,6.5
2026-05-19,banxico,target_rate,6.5000,6.5
2026-05-20,banxico,target_rate,6.5000,6.5
2026-05-21,banxico,target_rate,6.5000,6.5
2026-05-22,banxico,target_rate,6.5000,6.5
2026-05-23,banxico,target_rate,6.5000,6.5
2026-05-24,banxico,target_rate,6.5000,6.5
2026-05-25,banxico,target_rate,6.5000,6.5
2026-05-26,banxico,target_rate,6.5000,6.5
2026-05-27,banxico,target_rate,6.5000,6.5
2026-05-28,banxico,target_rate,6.5000,6.5
2026-05-29,banxico,target_rate,6.5000,6.5
2026-05-30,banxico,target_rate,6.5000,6.5
2026-05-31,banxico,target_rate,6.5000,6.5
2026-06-01,banxico,target_rate,6.5000,6.5
2026-06-02,banxico,target_rate,6.5000,6.5
2026-06-03,banxico,target_rate,6.5000,6.5
2026-06-04,banxico,target_rate,6.5000,6.5
2026-06-05,banxico,target_rate,6.5000,6.5
2026-06-06,banxico,target_rate,6.5000,6.5
2026-06-07,banxico,target_rate,6.5000,6.5
2026-06-08,banxico,target_rate,6.5000,6.5
2026-06-09,banxico,target_rate,6.5000,6.5
2026-06-10,banxico,target_rate,6.5000,6.5
2026-06-11,banxico,target_rate,6.5000,6.5
2026-06-12,banxico,target_rate,6.5000,6.5
2026-06-13,banxico,target_rate,6.5000,6.5
2026-06-14,banxico,target_rate,6.5000,6.5
2026-06-15,banxico,target_rate,6.5000,6.5
2026-06-16,banxico,target_rate,6.5000,6.5
2026-06-17,banxico,target_rate,6.5000,6.5
2026-06-18,banxico,target_rate,6.5000,6.5
2026-06-19,banxico,target_rate,6.5000,6.5
2026-06-20,banxico,target_rate,6.5000,6.5
2026-06-21,banxico,target_rate,6.5000,6.5
2026-06-22,banxico,target_rate,6.5000,6.5
2026-06-23,banxico,target_rate,6.5000,6.5
2026-06-24,banxico,target_rate,6.5000,6.5
2026-06-25,banxico,target_rate,6.5000,6.5
2026-06-26,banxico,target_rate,6.5000,6.5
2026-06-27,banxico,target_rate,6.5000,6.5
2026-06-28,banxico,target_rate,6.5000,6.5
2026-06-29,banxico,target_rate,6.5000,6.5
2026-06-30,banxico,target_rate,6.5000,6.5
2026-07-01,banxico,target_rate,6.5000,6.5
2026-07-02,banxico,target_rate,6.5000,6.5
2026-07-03,banxico,target_rate,6.5000,6.5
2026-07-04,banxico,target_rate,6.5000,6.5
2026-07-05,banxico,target_rate,6.5000,6.5
2026-07-06,banxico,target_rate,6.5000,6.5
2026-07-07,banxico,target_rate,6.5000,6.5
2026-07-08,banxico,target_rate,6.5000,6.5
2026-07-09,banxico,target_rate,6.5000,6.5
2026-07-10,banxico,target_rate,6.5000,6.5
2026-07-11,banxico,target_rate,6.5000,6.5
2026-07-13,banxico,target_rate,6.5000,6.5
2026-07-14,banxico,target_rate,6.5000,6.5
2026-07-15,banxico,target_rate,6.5000,6.5
2026-07-16,banxico,target_rate,6.5000,6.5
2026-07-17,banxico,target_rate,6.5000,6.5
2026-07-18,banxico,target_rate,6.5000,6.5
2026-07-19,banxico,target_rate,6.5000,6.5
2026-07-20,banxico,target_rate,6.5000,6.5
2026-07-21,banxico,target_rate,6.5000,6.5
2026-07-22,banxico,target_rate,6.5000,6.5
2026-07-23,banxico,target_rate,6.5000,6.5
2026-07-24,banxico,target_rate,6.5000,6.5
2026-07-25,banxico,target_rate,6.5000,6.5
2026-07-26,banxico,target_rate,6.5000,6.5
2026-07-27,banxico,target_rate,6.5000,6.5
2026-07-28,banxico,target_rate,6.5000,6.5
2026-07-29,banxico,target_rate,6.5000,6.5
2026-07-30,banxico,target_rate,6.5000,6.5
2026-07-31,banxico,target_rate,6.5000,6.5
2026-08-01,banxico,target_rate,6.5000,6.5
2026-08-02,banxico,target_rate,6.5000,6.5
2026-08-03,banxico,target_rate,6.5000,6.5
2026-08-04,banxico,target_rate,6.5000,6.5
2026-08-05,banxico,target_rate,6.5000,6.5
2026-08-06,banxico,target_rate,6.5000,6.5
2026-08-07,banxico,target_rate,6.5000,6.5
2026-08-08,banxico,target_rate,6.5000,6.5
2026-08-09,banxico,target_rate,6.5000,6.5
2026-08-10,banxico,target_rate,6.5000,6.5
2026-08-11,banxico,target_rate,6.5000,6.5
2026-08-12,banxico,target_rate,6.5000,6.5
2026-08-13,banxico,target_rate,6.5000,6.5
2026-08-14,banxico,target_rate,6.5000,6.5
2026-08-15,banxico,target_rate,6.5000,6.5
2026-08-16,banxico,target_rate,6.5000,6.5
2026-08-17,banxico,target_rate,6.5000,6.5
2026-08-18,banxico,target_rate,6.5000,6.5
2026-08-19,banxico,target_rate,6.5000,6.5
2026-08-20,banxico,target_rate,6.5000,6.5
2026-08-21,banxico,target_rate,6.5000,6.5
2026-08-22,banxico,target_rate,6.5000,6.5
2026-08-23,banxico,target_rate,6.5000,6.5
2026-08-24,banxico,target_rate,6.5000,6.5
2026-08-25,banxico,target_rate,6.5000,6.5
2026-08-26,banxico,target_rate,6.5000,6.5
2026-08-27,banxico,target_rate,6.5000,6.5
2026-08-28,banxico,target_rate,6.5000,6.5
2026-08-29,banxico,target_rate,6.5000,6.5
2026-08-30,banxico,target_rate,6.5000,6.5
2026-08-31,banxico,target_rate,6.5000,6.5
2026-09-01,banxico,target_rate,6.5000,6.5
2026-09-02,banxico,target_rate,6.5000,6.5
2026-09-03,banxico,target_rate,6.5000,6.5
2026-09-04,banxico,target_rate,6.5000,6.5
2026-09-05,banxico,target_rate,6.5000,6.5
2026-09-06,banxico,target_rate,6.5000,6.5
2026-09-07,banxico,target_rate,6.5000,6.5
2026-09-08,banxico,target_rate,6.5000,6.5
2026-09-09,banxico,target_rate,6.5000,6.5
2026-09-10,banxico,target_rate,6.5000,6.5
2026-09-11,banxico,target_rate,6.5000,6.5
2026-09-12,banxico,target_rate,6.5000,6.5
2005-01-01,inegi,unemployment_rate,4.06001791032301126000,4.060017910323011
2005-02-01,inegi,unemployment_rate,3.82145892286063709000,3.821458922860637
2005-03-01,inegi,unemployment_rate,3.68421618445748575000,3.684216184457486
2005-04-01,inegi,unemployment_rate,3.44152052459588805000,3.441520524595888
2005-05-01,inegi,unemployment_rate,3.33929989902088278000,3.3392998990208826
2005-06-01,inegi,unemployment_rate,3.58627858748486066000,3.586278587484861
2005-07-01,inegi,unemployment_rate,4.02899706403718084000,4.028997064037181
2005-08-01,inegi,unemployment_rate,3.68134688478217963000,3.6813468847821795
2005-09-01,inegi,unemployment_rate,3.68960666207899443000,3.6896066620789942
2005-10-01,inegi,unemployment_rate,3.38270718231280410000,3.3827071823128043
2005-11-01,inegi,unemployment_rate,2.88792090928170936000,2.8879209092817093
2005-12-01,inegi,unemployment_rate,2.69787651284688711000,2.697876512846887
2006-01-01,inegi,unemployment_rate,3.51267497306469005000,3.5126749730646902
2006-02-01,inegi,unemployment_rate,3.77302662870721130000,3.7730266287072114
2006-03-01,inegi,unemployment_rate,3.27408621877965894000,3.274086218779659
2006-04-01,inegi,unemployment_rate,3.25249018174964617000,3.2524901817496463
2006-05-01,inegi,unemployment_rate,2.92624737189496214000,2.926247371894962
2006-06-01,inegi,unemployment_rate,3.31799920881896434000,3.3179992088189643
2006-07-01,inegi,unemployment_rate,4.05111950445122497000,4.051119504451225
2006-08-01,inegi,unemployment_rate,3.89667011349794912000,3.896670113497949
2006-09-01,inegi,unemployment_rate,3.91435594083084507000,3.9143559408308453
2006-10-01,inegi,unemployment_rate,3.87761195050732343000,3.8776119505073234
2006-11-01,inegi,unemployment_rate,3.62462458912973833000,3.624624589129738
2006-12-01,inegi,unemployment_rate,3.36377806203221234000,3.363778062032212
2007-01-01,inegi,unemployment_rate,4.00326504199226546000,4.0032650419922655
2007-02-01,inegi,unemployment_rate,4.16009778262654237000,4.160097782626543
2007-03-01,inegi,unemployment_rate,3.79144186786852528000,3.7914418678685253
2007-04-01,inegi,unemployment_rate,3.59137217852987375000,3.591372178529874
2007-05-01,inegi,unemployment_rate,3.16566073564256394000,3.165660735642564
2007-06-01,inegi,unemployment_rate,3.28008184324442081000,3.280081843244421
2007-07-01,inegi,unemployment_rate,3.82866537718363314000,3.828665377183633
2007-08-01,inegi,unemployment_rate,3.84749910153631472000,3.847499101536315
2007-09-01,inegi,unemployment_rate,3.77268307391218819000,3.772683073912188
2007-10-01,inegi,unemployment_rate,3.85354111107307434000,3.853541111073074
2007-11-01,inegi,unemployment_rate,3.36240331971695338000,3.3624033197169534
2007-12-01,inegi,unemployment_rate,3.22596063552249094000,3.225960635522491
2008-01-01,inegi,unemployment_rate,4.14778800286417908000,4.147788002864179
2008-02-01,inegi,unemployment_rate,3.88697963578814231000,3.8869796357881423
2008-03-01,inegi,unemployment_rate,3.54934339053880340000,3.5493433905388034
2008-04-01,inegi,unemployment_rate,3.47576116714760581000,3.475761167147606
2008-05-01,inegi,unemployment_rate,3.27582185318345329000,3.2758218531834533
2008-06-01,inegi,unemployment_rate,3.38758824302194966000,3.3875882430219497
2008-07-01,inegi,unemployment_rate,4.16875634914230080000,4.168756349142301
2008-08-01,inegi,unemployment_rate,4.09054292192887188000,4.090542921928872
2008-09-01,inegi,unemployment_rate,4.15067013530311878000,4.150670135303119
2008-10-01,inegi,unemployment_rate,4.16286582269965256000,4.162865822699652
2008-11-01,inegi,unemployment_rate,4.49591321241871439000,4.4959132124187144
2008-12-01,inegi,unemployment_rate,4.01723744270602180000,4.017237442706022
2009-01-01,inegi,unemployment_rate,4.93541166170411408000,4.935411661704114
2009-02-01,inegi,unemployment_rate,5.26126191084007890000,5.261261910840079
2009-03-01,inegi,unemployment_rate,4.67767738510385996000,4.67767738510386
2009-04-01,inegi,unemployment_rate,5.17996148760478917000,5.179961487604789
2009-05-01,inegi,unemployment_rate,5.25350318157842364000,5.253503181578424
2009-06-01,inegi,unemployment_rate,5.10160325342827513000,5.101603253428275
2009-07-01,inegi,unemployment_rate,6.03664827685032600000,6.036648276850326
2009-08-01,inegi,unemployment_rate,6.19176547616891795000,6.191765476168918
2009-09-01,inegi,unemployment_rate,6.34201879273106514000,6.342018792731065
2009-10-01,inegi,unemployment_rate,5.86815789089785921000,5.8681578908978596
2009-11-01,inegi,unemployment_rate,5.19409455335663367000,5.194094553356634
2009-12-01,inegi,unemployment_rate,4.70483407328204055000,4.704834073282041
2010-01-01,inegi,unemployment_rate,5.83193733942204218000,5.831937339422042
2010-02-01,inegi,unemployment_rate,5.37255310447473961000,5.37255310447474
2010-03-01,inegi,unemployment_rate,4.77578534088074268000,4.775785340880742
2010-04-01,inegi,unemployment_rate,5.34503838099085981000,5.34503838099086
2010-05-01,inegi,unemployment_rate,5.00959593723539009000,5.00959593723539
2010-06-01,inegi,unemployment_rate,4.94281564339389224000,4.942815643393892
2010-07-01,inegi,unemployment_rate,5.66306333663383131000,5.663063336633831
2010-08-01,inegi,unemployment_rate,5.37936475174300922000,5.379364751743009
2010-09-01,inegi,unemployment_rate,5.61021497521866751000,5.610214975218668
2010-10-01,inegi,unemployment_rate,5.66057801452806432000,5.660578014528064
2010-11-01,inegi,unemployment_rate,5.20406125559439547000,5.204061255594396
2010-12-01,inegi,unemployment_rate,4.90578396190926179000,4.905783961909262
2011-01-01,inegi,unemployment_rate,5.38942035921177525000,5.389420359211775
2011-02-01,inegi,unemployment_rate,5.31113185769546615000,5.311131857695466
2011-03-01,inegi,unemployment_rate,4.53971530408639515000,4.539715304086395
2011-04-01,inegi,unemployment_rate,5.08589024550920845000,5.0858902455092085
2011-05-01,inegi,unemployment_rate,5.19260851794005930000,5.19260851794006
2011-06-01,inegi,unemployment_rate,5.40539360719557777000,5.4053936071955775
2011-07-01,inegi,unemployment_rate,5.58096736337542167000,5.5809673633754215
2011-08-01,inegi,unemployment_rate,5.78214920255347610000,5.782149202553476
2011-09-01,inegi,unemployment_rate,5.62487906116326406000,5.624879061163264
2011-10-01,inegi,unemployment_rate,4.99422991410406871000,4.994229914104069
2011-11-01,inegi,unemployment_rate,4.95695549237854646000,4.956955492378547
2011-12-01,inegi,unemployment_rate,4.48431740389480517000,4.4843174038948055
2012-01-01,inegi,unemployment_rate,4.89687058403762572000,4.896870584037626
2012-02-01,inegi,unemployment_rate,5.33008943596046934000,5.33008943596047
2012-03-01,inegi,unemployment_rate,4.62992731288604440000,4.6299273128860445
2012-04-01,inegi,unemployment_rate,4.82897524702641492000,4.828975247026415
2012-05-01,inegi,unemployment_rate,4.78583244436130644000,4.785832444361306
2012-06-01,inegi,unemployment_rate,4.78277798730992176000,4.782777987309922
2012-07-01,inegi,unemployment_rate,4.98120318941606853000,4.981203189416068
2012-08-01,inegi,unemployment_rate,5.34362869525667880000,5.343628695256679
2012-09-01,inegi,unemployment_rate,5.00031727111507448000,5.000317271115074
2012-10-01,inegi,unemployment_rate,5.00571909236042749000,5.005719092360428
2012-11-01,inegi,unemployment_rate,5.09684884654158215000,5.096848846541582
2012-12-01,inegi,unemployment_rate,4.42724874757256105000,4.427248747572561
2013-01-01,inegi,unemployment_rate,5.38018729195373357000,5.3801872919537335
2013-02-01,inegi,unemployment_rate,4.82048107488933507000,4.820481074889335
2013-03-01,inegi,unemployment_rate,4.57870552446017258000,4.578705524460172
2013-04-01,inegi,unemployment_rate,5.05939753440332493000,5.059397534403325
2013-05-01,inegi,unemployment_rate,4.92586536443191644000,4.925865364431917
2013-06-01,inegi,unemployment_rate,5.04754346819152626000,5.0475434681915266
2013-07-01,inegi,unemployment_rate,5.16354695431165554000,5.163546954311656
2013-08-01,inegi,unemployment_rate,5.20439310718055083000,5.204393107180551
2013-09-01,inegi,unemployment_rate,5.32237080144489896000,5.322370801444899
2013-10-01,inegi,unemployment_rate,5.02839123272757745000,5.028391232727578
2013-11-01,inegi,unemployment_rate,4.51300406702766914000,4.513004067027669
2013-12-01,inegi,unemployment_rate,4.27278101933744637000,4.2727810193374465
2014-01-01,inegi,unemployment_rate,5.07896050388897669000,5.078960503888977
2014-02-01,inegi,unemployment_rate,4.68091593219186933000,4.680915932191869
2014-03-01,inegi,unemployment_rate,4.79958996674987158000,4.799589966749871
2014-04-01,inegi,unemployment_rate,4.86343524932241801000,4.863435249322418
2014-05-01,inegi,unemployment_rate,4.96216547318544401000,4.962165473185444
2014-06-01,inegi,unemployment_rate,4.82193942513132415000,4.821939425131324
2014-07-01,inegi,unemployment_rate,5.48789496381897745000,5.487894963818977
2014-08-01,inegi,unemployment_rate,5.19314550238647801000,5.193145502386478
2014-09-01,inegi,unemployment_rate,5.11150772098921955000,5.11150772098922
2014-10-01,inegi,unemployment_rate,4.77479402430500176000,4.7747940243050015
2014-11-01,inegi,unemployment_rate,4.53792660048629110000,4.5379266004862915
2014-12-01,inegi,unemployment_rate,3.76490784771897167000,3.7649078477189715
2015-01-01,inegi,unemployment_rate,4.51243395205915043000,4.51243395205915
2015-02-01,inegi,unemployment_rate,4.33126284841948540000,4.3312628484194855
2015-03-01,inegi,unemployment_rate,3.86216556897036288000,3.862165568970363
2015-04-01,inegi,unemployment_rate,4.31066997828832754000,4.3106699782883275
2015-05-01,inegi,unemployment_rate,4.44583365599938326000,4.445833655999383
2015-06-01,inegi,unemployment_rate,4.40602557731138286000,4.406025577311383
2015-07-01,inegi,unemployment_rate,4.71612154380380057000,4.7161215438038
2015-08-01,inegi,unemployment_rate,4.66619662358930110000,4.666196623589301
2015-09-01,inegi,unemployment_rate,4.49348038495011079000,4.493480384950111
2015-10-01,inegi,unemployment_rate,4.54355422171017157000,4.543554221710171
2015-11-01,inegi,unemployment_rate,3.95601622017871890000,3.956016220178719
2015-12-01,inegi,unemployment_rate,3.95513029344820552000,3.9551302934482053
2016-01-01,inegi,unemployment_rate,4.25560905674040400000,4.255609056740404
2016-02-01,inegi,unemployment_rate,4.14034829393839500000,4.140348293938395
2016-03-01,inegi,unemployment_rate,3.74560026313143930000,3.7456002631314393
2016-04-01,inegi,unemployment_rate,3.80137419314628880000,3.8013741931462888
2016-05-01,inegi,unemployment_rate,4.01381944295486100000,4.013819442954861
2016-06-01,inegi,unemployment_rate,3.91758240225078240000,3.9175824022507824
2016-07-01,inegi,unemployment_rate,3.99740857865673640000,3.9974085786567364
2016-08-01,inegi,unemployment_rate,3.97618135081860520000,3.9761813508186052
2016-09-01,inegi,unemployment_rate,4.12191882342390200000,4.121918823423902
2016-10-01,inegi,unemployment_rate,3.66631845551931070000,3.6663184555193107
2016-11-01,inegi,unemployment_rate,3.49516852104599170000,3.4951685210459917
2016-12-01,inegi,unemployment_rate,3.37703340871867350000,3.3770334087186735
2017-01-01,inegi,unemployment_rate,3.60161030639085530000,3.6016103063908553
2017-02-01,inegi,unemployment_rate,3.34329655835386700000,3.343296558353867
2017-03-01,inegi,unemployment_rate,3.19286898011425400000,3.192868980114254
2017-04-01,inegi,unemployment_rate,3.46519293640548430000,3.4651929364054843
2017-05-01,inegi,unemployment_rate,3.54956020089646970000,3.5495602008964697
2017-06-01,inegi,unemployment_rate,3.28683869834914070000,3.2868386983491407
2017-07-01,inegi,unemployment_rate,3.41797824941897280000,3.4179782494189728
2017-08-01,inegi,unemployment_rate,3.51584555081729200000,3.515845550817292
2017-09-01,inegi,unemployment_rate,3.58920644769724300000,3.589206447697243
2017-10-01,inegi,unemployment_rate,3.50881768539995900000,3.508817685399959
2017-11-01,inegi,unemployment_rate,3.40590103398038970000,3.4059010339803897
2017-12-01,inegi,unemployment_rate,3.14724664185850400000,3.147246641858504
2018-01-01,inegi,unemployment_rate,3.36451670059680460000,3.3645167005968046
2018-02-01,inegi,unemployment_rate,3.17357371395200500000,3.173573713952005
2018-03-01,inegi,unemployment_rate,2.93721114980710670000,2.9372111498071067
2018-04-01,inegi,unemployment_rate,3.38651610906332200000,3.386516109063322
2018-05-01,inegi,unemployment_rate,3.22370323695219000000,3.22370323695219
2018-06-01,inegi,unemployment_rate,3.37350352515674900000,3.373503525156749
2018-07-01,inegi,unemployment_rate,3.47205074553372200000,3.472050745533722
2018-08-01,inegi,unemployment_rate,3.45725992449705140000,3.4572599244970514
2018-09-01,inegi,unemployment_rate,3.58122725771499440000,3.5812272577149944
2018-10-01,inegi,unemployment_rate,3.26593751822758050000,3.2659375182275805
2018-11-01,inegi,unemployment_rate,3.24848052565008900000,3.248480525650089
2018-12-01,inegi,unemployment_rate,3.35836551798788240000,3.3583655179878824
2019-01-01,inegi,unemployment_rate,3.56330232416992200000,3.563302324169922
2019-02-01,inegi,unemployment_rate,3.29356417059923960000,3.2935641705992396
2019-03-01,inegi,unemployment_rate,3.22391306681411560000,3.2239130668141156
2019-04-01,inegi,unemployment_rate,3.49848863296677550000,3.4984886329667755
2019-05-01,inegi,unemployment_rate,3.50195657341395660000,3.5019565734139566
2019-06-01,inegi,unemployment_rate,3.56515047682416800000,3.565150476824168
2019-07-01,inegi,unemployment_rate,3.73680128813172900000,3.736801288131729
2019-08-01,inegi,unemployment_rate,3.70672622400658550000,3.7067262240065855
2019-09-01,inegi,unemployment_rate,3.78085855443502000000,3.78085855443502
2019-10-01,inegi,unemployment_rate,3.69138174105064240000,3.6913817410506424
2019-11-01,inegi,unemployment_rate,3.41822258570596870000,3.4182225857059687
2019-12-01,inegi,unemployment_rate,2.90517668616740150000,2.9051766861674015
2020-01-01,inegi,unemployment_rate,3.77970411232321100000,3.779704112323211
2020-02-01,inegi,unemployment_rate,3.53018829333698130000,3.5301882933369813
2020-03-01,inegi,unemployment_rate,2.90896894480140440000,2.9089689448014044
2020-04-01,inegi,unemployment_rate,4.68644067551000000000,4.68644067551
2020-05-01,inegi,unemployment_rate,4.19275600579800000000,4.192756005798
2020-06-01,inegi,unemployment_rate,5.49215907326800000000,5.492159073268
2020-07-01,inegi,unemployment_rate,5.35086906457251650000,5.3508690645725165
2020-08-01,inegi,unemployment_rate,5.25750736696029800000,5.257507366960298
2020-09-01,inegi,unemployment_rate,5.12846977936312500000,5.128469779363125
2020-10-01,inegi,unemployment_rate,4.70847721928733500000,4.708477219287335
2020-11-01,inegi,unemployment_rate,4.35369270947372500000,4.353692709473725
2020-12-01,inegi,unemployment_rate,3.79037403462741200000,3.790374034627412
2021-01-01,inegi,unemployment_rate,4.70267741026171300000,4.702677410261713
2021-02-01,inegi,unemployment_rate,4.39739384768094150000,4.3973938476809415
2021-03-01,inegi,unemployment_rate,3.87029148409822000000,3.87029148409822
2021-04-01,inegi,unemployment_rate,4.65268106651640500000,4.652681066516405
2021-05-01,inegi,unemployment_rate,3.99394594897075000000,3.99394594897075
2021-06-01,inegi,unemployment_rate,4.02377187940019800000,4.023771879400198
2021-07-01,inegi,unemployment_rate,4.38224652932697400000,4.382246529326974
2021-08-01,inegi,unemployment_rate,4.32631900410882100000,4.326319004108821
2021-09-01,inegi,unemployment_rate,4.18496618692470700000,4.184966186924707
2021-10-01,inegi,unemployment_rate,3.94978575350022080000,3.9497857535002208
2021-11-01,inegi,unemployment_rate,3.66489779540033880000,3.6648977954003388
2021-12-01,inegi,unemployment_rate,3.51447080717060570000,3.5144708071706057
2022-01-01,inegi,unemployment_rate,3.70694125398294500000,3.706941253982945
2022-02-01,inegi,unemployment_rate,3.74121753791619900000,3.741217537916199
2022-03-01,inegi,unemployment_rate,2.97005691615532500000,2.970056916155325
2022-04-01,inegi,unemployment_rate,3.03414516419998200000,3.034145164199982
2022-05-01,inegi,unemployment_rate,3.27045144242519500000,3.270451442425195
2022-06-01,inegi,unemployment_rate,3.34870994359422400000,3.348709943594224
2022-07-01,inegi,unemployment_rate,3.43400424332941300000,3.434004243329413
2022-08-01,inegi,unemployment_rate,3.53343898151243900000,3.533438981512439
2022-09-01,inegi,unemployment_rate,3.33617803934262370000,3.3361780393426237
2022-10-01,inegi,unemployment_rate,3.29998771095477000000,3.29998771095477
2022-11-01,inegi,unemployment_rate,2.84677227401361000000,2.84677227401361
2022-12-01,inegi,unemployment_rate,2.76335093303427500000,2.763350933034275
2023-01-01,inegi,unemployment_rate,2.99966129261362928000,2.9996612926136295
2023-02-01,inegi,unemployment_rate,2.72043193605985886000,2.720431936059859
2023-03-01,inegi,unemployment_rate,2.39254068077282751000,2.3925406807728273
2023-04-01,inegi,unemployment_rate,2.82279867780798977000,2.82279867780799
2023-05-01,inegi,unemployment_rate,2.93112543695366577000,2.931125436953666
2023-06-01,inegi,unemployment_rate,2.65203292030512689000,2.652032920305127
2023-07-01,inegi,unemployment_rate,3.12986979933253473000,3.1298697993325346
2023-08-01,inegi,unemployment_rate,2.95534598573994950000,2.9553459857399496
2023-09-01,inegi,unemployment_rate,2.87742109097397686000,2.877421090973977
2023-10-01,inegi,unemployment_rate,2.74599614631092848000,2.7459961463109286
2023-11-01,inegi,unemployment_rate,2.71270829320005075000,2.7127082932000506
2023-12-01,inegi,unemployment_rate,2.61375978589337623000,2.613759785893376
2024-01-01,inegi,unemployment_rate,2.85302401954977163000,2.8530240195497716
2024-02-01,inegi,unemployment_rate,2.45400259944487528000,2.454002599444875
2024-03-01,inegi,unemployment_rate,2.28206708044484408000,2.282067080444844
2024-04-01,inegi,unemployment_rate,2.61073683944158713000,2.610736839441587
2024-05-01,inegi,unemployment_rate,2.62177543092342644000,2.6217754309234262
2024-06-01,inegi,unemployment_rate,2.77502412317976907000,2.775024123179769
2024-07-01,inegi,unemployment_rate,2.92740066622513835000,2.927400666225138
2024-08-01,inegi,unemployment_rate,3.03737161492646646000,3.0373716149264665
2024-09-01,inegi,unemployment_rate,2.92251358804213412000,2.922513588042134
2024-10-01,inegi,unemployment_rate,2.50018158065389229000,2.5001815806538925
2024-11-01,inegi,unemployment_rate,2.63883278204352059000,2.6388327820435205
2024-12-01,inegi,unemployment_rate,2.43234149616579347000,2.4323414961657934
2025-01-01,inegi,unemployment_rate,2.69995138313523486000,2.6999513831352346
2025-02-01,inegi,unemployment_rate,2.51141974585498411000,2.511419745854984
2025-03-01,inegi,unemployment_rate,2.22219632135980663000,2.2221963213598066
2025-04-01,inegi,unemployment_rate,2.53910636682820389000,2.5391063668282037
2025-05-01,inegi,unemployment_rate,2.74631387648582247000,2.7463138764858224
2025-06-01,inegi,unemployment_rate,2.68712437354686664000,2.6871243735468666
2025-07-01,inegi,unemployment_rate,2.77282544426765078000,2.7728254442676508
2025-08-01,inegi,unemployment_rate,2.93224494510353770000,2.9322449451035375
2025-09-01,inegi,unemployment_rate,2.97890743514666480000,2.978907435146665
2025-10-01,inegi,unemployment_rate,2.60845559032125289000,2.608455590321253
2025-11-01,inegi,unemployment_rate,2.66361900612772223000,2.663619006127722
2025-12-01,inegi,unemployment_rate,2.38889435043392932000,2.3888943504339295
2026-01-01,inegi,unemployment_rate,2.70326209014030246000,2.7032620901403024
2026-02-01,inegi,unemployment_rate,2.58617730068683742000,2.5861773006868374
2026-03-01,inegi,unemployment_rate,2.42316166296216149000,2.4231616629621615
2026-04-01,inegi,unemployment_rate,2.45578694178884757000,2.4557869417888476
2026-05-01,inegi,unemployment_rate,2.76193343550243795000,2.761933435502438
2026-06-01,inegi,unemployment_rate,2.89852343921288316000,2.8985234392128834
2026-07-01,inegi,unemployment_rate,2.89823263572155937000,2.8982326357215595
